
=== STATUS CODE (302) ===

Reason: ❗ Undeclared status code: 400
--- Request ---
{
  "method": "POST",
  "url": "/api/owners",
  "headers": {
    "Content-Type": "application/json"
  },
  "body": {
    "city": "example-string"
  },
  "parameters": [
    {
      "in": "body",
      "name": "owner",
      "description": "owner",
      "required": true,
      "schema": {
        "$ref": "#/definitions/Owner"
      }
    }
  ]
}
--- Response ---
{
  "status": 400,
  "body": "{\"className\":\"java.lang.NullPointerException\",\"exMessage\":null}",
  "headers": {
    "Vary": "Origin, Access-Control-Request-Method, Access-Control-Request-Headers",
    "X-Content-Type-Options": "nosniff",
    "X-XSS-Protection": "1; mode=block",
    "Cache-Control": "no-cache, no-store, max-age=0, must-revalidate",
    "Pragma": "no-cache",
    "Expires": "0",
    "X-Frame-Options": "DENY",
    "Content-Type": "text/plain;charset=UTF-8",
    "Content-Length": "63",
    "Date": "Thu, 02 Oct 2025 12:20:48 GMT",
    "Connection": "close"
  }
}
-----------------------------

Reason: ❗ Undeclared status code: 400
--- Request ---
{
  "method": "POST",
  "url": "/api/pets",
  "headers": {
    "Content-Type": "application/json"
  },
  "body": {
    "name": "example-string"
  },
  "parameters": [
    {
      "in": "body",
      "name": "pet",
      "description": "pet",
      "required": true,
      "schema": {
        "$ref": "#/definitions/Pet"
      }
    }
  ]
}
--- Response ---
{
  "status": 400,
  "body": "{\"className\":\"java.lang.NullPointerException\",\"exMessage\":null}",
  "headers": {
    "Vary": "Origin, Access-Control-Request-Method, Access-Control-Request-Headers",
    "X-Content-Type-Options": "nosniff",
    "X-XSS-Protection": "1; mode=block",
    "Cache-Control": "no-cache, no-store, max-age=0, must-revalidate",
    "Pragma": "no-cache",
    "Expires": "0",
    "X-Frame-Options": "DENY",
    "Content-Type": "text/plain;charset=UTF-8",
    "Content-Length": "63",
    "Date": "Thu, 02 Oct 2025 12:20:48 GMT",
    "Connection": "close"
  }
}
-----------------------------

Reason: ❗ Undeclared status code: 400
--- Request ---
{
  "method": "POST",
  "url": "/api/pettypes",
  "headers": {
    "Content-Type": "application/json"
  },
  "body": {
    "id": 123
  },
  "parameters": [
    {
      "in": "body",
      "name": "petType",
      "description": "petType",
      "required": true,
      "schema": {
        "$ref": "#/definitions/PetType"
      }
    }
  ]
}
--- Response ---
{
  "status": 400,
  "body": "",
  "headers": {
    "Vary": "Origin, Access-Control-Request-Method, Access-Control-Request-Headers",
    "errors": "[{\"objectName\":\"petType\",\"fieldName\":\"name\",\"fieldValue\":\"null\",\"errorMessage\":\"must not be empty\"}]",
    "X-Content-Type-Options": "nosniff",
    "X-XSS-Protection": "1; mode=block",
    "Cache-Control": "no-cache, no-store, max-age=0, must-revalidate",
    "Pragma": "no-cache",
    "Expires": "0",
    "X-Frame-Options": "DENY",
    "Content-Length": "0",
    "Date": "Thu, 02 Oct 2025 12:20:48 GMT",
    "Connection": "close"
  }
}
-----------------------------

Reason: ❗ Undeclared status code: 400
--- Request ---
{
  "method": "POST",
  "url": "/api/users",
  "headers": {
    "Content-Type": "application/json"
  },
  "body": {
    "enabled": true
  },
  "parameters": [
    {
      "in": "body",
      "name": "user",
      "description": "user",
      "required": true,
      "schema": {
        "$ref": "#/definitions/User"
      }
    }
  ]
}
--- Response ---
{
  "status": 400,
  "body": "{\"className\":\"java.lang.Exception\",\"exMessage\":\"User must have at least a role set!\"}",
  "headers": {
    "Vary": "Origin, Access-Control-Request-Method, Access-Control-Request-Headers",
    "X-Content-Type-Options": "nosniff",
    "X-XSS-Protection": "1; mode=block",
    "Cache-Control": "no-cache, no-store, max-age=0, must-revalidate",
    "Pragma": "no-cache",
    "Expires": "0",
    "X-Frame-Options": "DENY",
    "Content-Type": "text/plain;charset=UTF-8",
    "Content-Length": "85",
    "Date": "Thu, 02 Oct 2025 12:20:48 GMT",
    "Connection": "close"
  }
}
-----------------------------

Reason: ❗ Undeclared status code: 400
--- Request ---
{
  "method": "POST",
  "url": "/api/vets",
  "headers": {
    "Content-Type": "application/json"
  },
  "body": {
    "lastName": "example-string"
  },
  "parameters": [
    {
      "in": "body",
      "name": "vet",
      "description": "vet",
      "required": true,
      "schema": {
        "$ref": "#/definitions/Vet"
      }
    }
  ]
}
--- Response ---
{
  "status": 400,
  "body": "",
  "headers": {
    "Vary": "Origin, Access-Control-Request-Method, Access-Control-Request-Headers",
    "errors": "[{\"objectName\":\"vet\",\"fieldName\":\"firstName\",\"fieldValue\":\"null\",\"errorMessage\":\"must not be empty\"}]",
    "X-Content-Type-Options": "nosniff",
    "X-XSS-Protection": "1; mode=block",
    "Cache-Control": "no-cache, no-store, max-age=0, must-revalidate",
    "Pragma": "no-cache",
    "Expires": "0",
    "X-Frame-Options": "DENY",
    "Content-Length": "0",
    "Date": "Thu, 02 Oct 2025 12:20:49 GMT",
    "Connection": "close"
  }
}
-----------------------------

Reason: ❗ Undeclared status code: 400
--- Request ---
{
  "method": "POST",
  "url": "/api/visits",
  "headers": {
    "Content-Type": "application/json"
  },
  "body": {
    "date": "yyyy/MM/dd"
  },
  "parameters": [
    {
      "in": "body",
      "name": "visit",
      "description": "visit",
      "required": true,
      "schema": {
        "$ref": "#/definitions/Visit"
      }
    }
  ]
}
--- Response ---
{
  "status": 400,
  "body": "{\"className\":\"java.lang.NullPointerException\",\"exMessage\":null}",
  "headers": {
    "Vary": "Origin, Access-Control-Request-Method, Access-Control-Request-Headers",
    "X-Content-Type-Options": "nosniff",
    "X-XSS-Protection": "1; mode=block",
    "Cache-Control": "no-cache, no-store, max-age=0, must-revalidate",
    "Pragma": "no-cache",
    "Expires": "0",
    "X-Frame-Options": "DENY",
    "Content-Type": "text/plain;charset=UTF-8",
    "Content-Length": "63",
    "Date": "Thu, 02 Oct 2025 12:20:49 GMT",
    "Connection": "close"
  }
}
-----------------------------

Reason: ❗ Undeclared status code: 500
--- Request ---
{
  "method": "GET",
  "url": "/error",
  "headers": {
    "Content-Type": "application/json"
  },
  "body": null,
  "parameters": []
}
--- Response ---
{
  "status": 500,
  "body": "{\"timestamp\":\"2025-10-02T12:20:50.000+0000\",\"status\":999,\"error\":\"None\",\"message\":\"No message available\"}",
  "headers": {
    "X-Content-Type-Options": "nosniff",
    "X-XSS-Protection": "1; mode=block",
    "Cache-Control": "no-cache, no-store, max-age=0, must-revalidate",
    "Pragma": "no-cache",
    "Expires": "0",
    "X-Frame-Options": "DENY",
    "Content-Type": "application/json",
    "Transfer-Encoding": "chunked",
    "Date": "Thu, 02 Oct 2025 12:20:49 GMT",
    "Connection": "close"
  }
}
-----------------------------

Reason: ❗ Undeclared status code: 500
--- Request ---
{
  "method": "HEAD",
  "url": "/error",
  "headers": {
    "Content-Type": "application/json"
  },
  "body": null,
  "parameters": []
}
--- Response ---
{
  "status": 500,
  "body": "",
  "headers": {
    "X-Content-Type-Options": "nosniff",
    "X-XSS-Protection": "1; mode=block",
    "Cache-Control": "no-cache, no-store, max-age=0, must-revalidate",
    "Pragma": "no-cache",
    "Expires": "0",
    "X-Frame-Options": "DENY",
    "Content-Type": "application/json",
    "Transfer-Encoding": "chunked",
    "Date": "Thu, 02 Oct 2025 12:20:49 GMT",
    "Connection": "close"
  }
}
-----------------------------

Reason: ❗ Undeclared status code: 500
--- Request ---
{
  "method": "POST",
  "url": "/error",
  "headers": {
    "Content-Type": "application/json"
  },
  "body": null,
  "parameters": []
}
--- Response ---
{
  "status": 500,
  "body": "{\"timestamp\":\"2025-10-02T12:20:50.012+0000\",\"status\":999,\"error\":\"None\",\"message\":\"No message available\"}",
  "headers": {
    "X-Content-Type-Options": "nosniff",
    "X-XSS-Protection": "1; mode=block",
    "Cache-Control": "no-cache, no-store, max-age=0, must-revalidate",
    "Pragma": "no-cache",
    "Expires": "0",
    "X-Frame-Options": "DENY",
    "Content-Type": "application/json",
    "Transfer-Encoding": "chunked",
    "Date": "Thu, 02 Oct 2025 12:20:49 GMT",
    "Connection": "close"
  }
}
-----------------------------

Reason: ❗ Undeclared status code: 500
--- Request ---
{
  "method": "PUT",
  "url": "/error",
  "headers": {
    "Content-Type": "application/json"
  },
  "body": null,
  "parameters": []
}
--- Response ---
{
  "status": 500,
  "body": "{\"timestamp\":\"2025-10-02T12:20:50.017+0000\",\"status\":999,\"error\":\"None\",\"message\":\"No message available\"}",
  "headers": {
    "X-Content-Type-Options": "nosniff",
    "X-XSS-Protection": "1; mode=block",
    "Cache-Control": "no-cache, no-store, max-age=0, must-revalidate",
    "Pragma": "no-cache",
    "Expires": "0",
    "X-Frame-Options": "DENY",
    "Content-Type": "application/json",
    "Transfer-Encoding": "chunked",
    "Date": "Thu, 02 Oct 2025 12:20:49 GMT",
    "Connection": "close"
  }
}
-----------------------------

Reason: ❗ Undeclared status code: 500
--- Request ---
{
  "method": "DELETE",
  "url": "/error",
  "headers": {
    "Content-Type": "application/json"
  },
  "body": null,
  "parameters": []
}
--- Response ---
{
  "status": 500,
  "body": "{\"timestamp\":\"2025-10-02T12:20:50.024+0000\",\"status\":999,\"error\":\"None\",\"message\":\"No message available\"}",
  "headers": {
    "X-Content-Type-Options": "nosniff",
    "X-XSS-Protection": "1; mode=block",
    "Cache-Control": "no-cache, no-store, max-age=0, must-revalidate",
    "Pragma": "no-cache",
    "Expires": "0",
    "X-Frame-Options": "DENY",
    "Content-Type": "application/json",
    "Transfer-Encoding": "chunked",
    "Date": "Thu, 02 Oct 2025 12:20:49 GMT",
    "Connection": "close"
  }
}
-----------------------------

Reason: ❗ Undeclared status code: 500
--- Request ---
{
  "method": "PATCH",
  "url": "/error",
  "headers": {
    "Content-Type": "application/json"
  },
  "body": null,
  "parameters": []
}
--- Response ---
{
  "status": 500,
  "body": "{\"timestamp\":\"2025-10-02T12:20:50.036+0000\",\"status\":999,\"error\":\"None\",\"message\":\"No message available\"}",
  "headers": {
    "X-Content-Type-Options": "nosniff",
    "X-XSS-Protection": "1; mode=block",
    "Cache-Control": "no-cache, no-store, max-age=0, must-revalidate",
    "Pragma": "no-cache",
    "Expires": "0",
    "X-Frame-Options": "DENY",
    "Content-Type": "application/json",
    "Transfer-Encoding": "chunked",
    "Date": "Thu, 02 Oct 2025 12:20:49 GMT",
    "Connection": "close"
  }
}
-----------------------------

Reason: ❗ Undeclared status code: 500
--- Request ---
{
  "method": "HEAD",
  "url": "/error",
  "headers": {
    "Content-Type": "application/json"
  },
  "body": null,
  "parameters": []
}
--- Response ---
{
  "status": 500,
  "body": "",
  "headers": {
    "X-Content-Type-Options": "nosniff",
    "X-XSS-Protection": "1; mode=block",
    "Cache-Control": "no-cache, no-store, max-age=0, must-revalidate",
    "Pragma": "no-cache",
    "Expires": "0",
    "X-Frame-Options": "DENY",
    "Content-Type": "application/json",
    "Transfer-Encoding": "chunked",
    "Date": "Thu, 02 Oct 2025 12:20:49 GMT",
    "Connection": "close"
  }
}
-----------------------------

Reason: ❗ Undeclared status code: 400
--- Request ---
{
  "method": "POST",
  "url": "/api/pets",
  "headers": {
    "Content-Type": "application/json"
  },
  "body": {
    "name": "example-string",
    "type": {
      "id": 123,
      "name": "example-string"
    }
  }
}
--- Response ---
{
  "status": 400,
  "body": "{\"className\":\"java.lang.NullPointerException\",\"exMessage\":null}",
  "headers": {
    "Vary": "Origin, Access-Control-Request-Method, Access-Control-Request-Headers",
    "X-Content-Type-Options": "nosniff",
    "X-XSS-Protection": "1; mode=block",
    "Cache-Control": "no-cache, no-store, max-age=0, must-revalidate",
    "Pragma": "no-cache",
    "Expires": "0",
    "X-Frame-Options": "DENY",
    "Content-Type": "text/plain;charset=UTF-8",
    "Content-Length": "63",
    "Date": "Thu, 02 Oct 2025 12:20:49 GMT",
    "Connection": "close"
  }
}
-----------------------------

Reason: ❗ Undeclared status code: 500
--- Request ---
{
  "method": "GET",
  "url": "/error",
  "headers": {
    "Content-Type": "application/json"
  },
  "body": null,
  "parameters": []
}
--- Response ---
{
  "status": 500,
  "body": "{\"timestamp\":\"2025-10-02T12:20:50.766+0000\",\"status\":999,\"error\":\"None\",\"message\":\"No message available\"}",
  "headers": {
    "X-Content-Type-Options": "nosniff",
    "X-XSS-Protection": "1; mode=block",
    "Cache-Control": "no-cache, no-store, max-age=0, must-revalidate",
    "Pragma": "no-cache",
    "Expires": "0",
    "X-Frame-Options": "DENY",
    "Content-Type": "application/json",
    "Transfer-Encoding": "chunked",
    "Date": "Thu, 02 Oct 2025 12:20:49 GMT",
    "Connection": "close"
  }
}
-----------------------------

Reason: ❗ Undeclared status code: 500
--- Request ---
{
  "method": "GET",
  "url": "/error",
  "headers": {
    "Content-Type": "application/json"
  },
  "body": null,
  "parameters": []
}
--- Response ---
{
  "status": 500,
  "body": "{\"timestamp\":\"2025-10-02T12:20:51.243+0000\",\"status\":999,\"error\":\"None\",\"message\":\"No message available\"}",
  "headers": {
    "X-Content-Type-Options": "nosniff",
    "X-XSS-Protection": "1; mode=block",
    "Cache-Control": "no-cache, no-store, max-age=0, must-revalidate",
    "Pragma": "no-cache",
    "Expires": "0",
    "X-Frame-Options": "DENY",
    "Content-Type": "application/json",
    "Transfer-Encoding": "chunked",
    "Date": "Thu, 02 Oct 2025 12:20:50 GMT",
    "Connection": "close"
  }
}
-----------------------------

Reason: ❗ Undeclared status code: 400
--- Request ---
{
  "method": "POST",
  "url": "/api/vets",
  "headers": {
    "Content-Type": "application/json"
  },
  "body": {
    "id": 123
  },
  "parameters": [
    {
      "in": "body",
      "name": "vet",
      "description": "vet",
      "required": true,
      "schema": {
        "$ref": "#/definitions/Vet"
      }
    }
  ]
}
--- Response ---
{
  "status": 400,
  "body": "",
  "headers": {
    "Vary": "Origin, Access-Control-Request-Method, Access-Control-Request-Headers",
    "errors": "[{\"objectName\":\"vet\",\"fieldName\":\"lastName\",\"fieldValue\":\"null\",\"errorMessage\":\"must not be empty\"},{\"objectName\":\"vet\",\"fieldName\":\"firstName\",\"fieldValue\":\"null\",\"errorMessage\":\"must not be empty\"}]",
    "X-Content-Type-Options": "nosniff",
    "X-XSS-Protection": "1; mode=block",
    "Cache-Control": "no-cache, no-store, max-age=0, must-revalidate",
    "Pragma": "no-cache",
    "Expires": "0",
    "X-Frame-Options": "DENY",
    "Content-Length": "0",
    "Date": "Thu, 02 Oct 2025 12:20:50 GMT",
    "Connection": "close"
  }
}
-----------------------------

Reason: ❗ Undeclared status code: 400
--- Request ---
{
  "method": "POST",
  "url": "/api/owners",
  "headers": {
    "Content-Type": "application/json"
  },
  "body": {
    "firstName": "example-string"
  },
  "parameters": [
    {
      "in": "body",
      "name": "owner",
      "description": "owner",
      "required": true,
      "schema": {
        "$ref": "#/definitions/Owner"
      }
    }
  ]
}
--- Response ---
{
  "status": 400,
  "body": "{\"className\":\"java.lang.NullPointerException\",\"exMessage\":null}",
  "headers": {
    "Vary": "Origin, Access-Control-Request-Method, Access-Control-Request-Headers",
    "X-Content-Type-Options": "nosniff",
    "X-XSS-Protection": "1; mode=block",
    "Cache-Control": "no-cache, no-store, max-age=0, must-revalidate",
    "Pragma": "no-cache",
    "Expires": "0",
    "X-Frame-Options": "DENY",
    "Content-Type": "text/plain;charset=UTF-8",
    "Content-Length": "63",
    "Date": "Thu, 02 Oct 2025 12:20:51 GMT",
    "Connection": "close"
  }
}
-----------------------------

Reason: ❗ Undeclared status code: 400
--- Request ---
{
  "method": "POST",
  "url": "/api/owners",
  "headers": {
    "Content-Type": "application/json"
  },
  "body": {
    "telephone": "example-string"
  },
  "parameters": [
    {
      "in": "body",
      "name": "owner",
      "description": "owner",
      "required": true,
      "schema": {
        "$ref": "#/definitions/Owner"
      }
    }
  ]
}
--- Response ---
{
  "status": 400,
  "body": "{\"className\":\"java.lang.NullPointerException\",\"exMessage\":null}",
  "headers": {
    "Vary": "Origin, Access-Control-Request-Method, Access-Control-Request-Headers",
    "X-Content-Type-Options": "nosniff",
    "X-XSS-Protection": "1; mode=block",
    "Cache-Control": "no-cache, no-store, max-age=0, must-revalidate",
    "Pragma": "no-cache",
    "Expires": "0",
    "X-Frame-Options": "DENY",
    "Content-Type": "text/plain;charset=UTF-8",
    "Content-Length": "63",
    "Date": "Thu, 02 Oct 2025 12:20:51 GMT",
    "Connection": "close"
  }
}
-----------------------------

Reason: ❗ Undeclared status code: 400
--- Request ---
{
  "method": "POST",
  "url": "/api/owners",
  "headers": {
    "Content-Type": "application/json"
  },
  "body": {
    "firstName": "example-string",
    "lastName": "example-string"
  }
}
--- Response ---
{
  "status": 400,
  "body": "{\"className\":\"java.lang.NullPointerException\",\"exMessage\":null}",
  "headers": {
    "Vary": "Origin, Access-Control-Request-Method, Access-Control-Request-Headers",
    "X-Content-Type-Options": "nosniff",
    "X-XSS-Protection": "1; mode=block",
    "Cache-Control": "no-cache, no-store, max-age=0, must-revalidate",
    "Pragma": "no-cache",
    "Expires": "0",
    "X-Frame-Options": "DENY",
    "Content-Type": "text/plain;charset=UTF-8",
    "Content-Length": "63",
    "Date": "Thu, 02 Oct 2025 12:20:51 GMT",
    "Connection": "close"
  }
}
-----------------------------

Reason: ❗ Undeclared status code: 500
--- Request ---
{
  "method": "GET",
  "url": "/error",
  "headers": {
    "Content-Type": "application/json"
  },
  "body": null,
  "parameters": []
}
--- Response ---
{
  "status": 500,
  "body": "{\"timestamp\":\"2025-10-02T12:20:53.258+0000\",\"status\":999,\"error\":\"None\",\"message\":\"No message available\"}",
  "headers": {
    "X-Content-Type-Options": "nosniff",
    "X-XSS-Protection": "1; mode=block",
    "Cache-Control": "no-cache, no-store, max-age=0, must-revalidate",
    "Pragma": "no-cache",
    "Expires": "0",
    "X-Frame-Options": "DENY",
    "Content-Type": "application/json",
    "Transfer-Encoding": "chunked",
    "Date": "Thu, 02 Oct 2025 12:20:53 GMT",
    "Connection": "close"
  }
}
-----------------------------

Reason: ❗ Undeclared status code: 400
--- Request ---
{
  "method": "POST",
  "url": "/api/specialties",
  "headers": {
    "Content-Type": "application/json"
  },
  "body": {
    "id": 124
  }
}
--- Response ---
{
  "status": 400,
  "body": "",
  "headers": {
    "Vary": "Origin, Access-Control-Request-Method, Access-Control-Request-Headers",
    "errors": "[{\"objectName\":\"specialty\",\"fieldName\":\"name\",\"fieldValue\":\"null\",\"errorMessage\":\"must not be empty\"}]",
    "X-Content-Type-Options": "nosniff",
    "X-XSS-Protection": "1; mode=block",
    "Cache-Control": "no-cache, no-store, max-age=0, must-revalidate",
    "Pragma": "no-cache",
    "Expires": "0",
    "X-Frame-Options": "DENY",
    "Content-Length": "0",
    "Date": "Thu, 02 Oct 2025 12:20:53 GMT",
    "Connection": "close"
  }
}
-----------------------------

Reason: ❗ Undeclared status code: 400
--- Request ---
{
  "method": "PUT",
  "url": "/api/owners/3",
  "headers": {
    "Content-Type": "application/json"
  },
  "body": null,
  "parameters": [
    {
      "in": "body",
      "name": "owner",
      "description": "owner",
      "required": true,
      "schema": {
        "$ref": "#/definitions/Owner"
      }
    },
    {
      "name": "ownerId",
      "in": "path",
      "description": "ownerId",
      "required": true,
      "type": "integer",
      "format": "int32"
    }
  ]
}
--- Response ---
{
  "status": 400,
  "body": "{\"className\":\"org.springframework.http.converter.HttpMessageNotReadableException\",\"exMessage\":\"Required request body is missing: public org.springframework.http.ResponseEntity<org.springframework.samples.petclinic.model.Owner> org.springframework.samples.petclinic.rest.OwnerRestController.updateOwner(int,org.springframework.samples.petclinic.model.Owner,org.springframework.validation.BindingResult,org.springframework.web.util.UriComponentsBuilder)\"}",
  "headers": {
    "Vary": "Origin, Access-Control-Request-Method, Access-Control-Request-Headers",
    "X-Content-Type-Options": "nosniff",
    "X-XSS-Protection": "1; mode=block",
    "Cache-Control": "no-cache, no-store, max-age=0, must-revalidate",
    "Pragma": "no-cache",
    "Expires": "0",
    "X-Frame-Options": "DENY",
    "Content-Type": "text/plain;charset=UTF-8",
    "Content-Length": "453",
    "Date": "Thu, 02 Oct 2025 12:20:54 GMT",
    "Connection": "close"
  }
}
-----------------------------

Reason: ❗ Undeclared status code: 500
--- Request ---
{
  "method": "GET",
  "url": "/error",
  "headers": {
    "Content-Type": "application/json"
  },
  "body": null,
  "parameters": []
}
--- Response ---
{
  "status": 500,
  "body": "{\"timestamp\":\"2025-10-02T12:20:54.985+0000\",\"status\":999,\"error\":\"None\",\"message\":\"No message available\"}",
  "headers": {
    "X-Content-Type-Options": "nosniff",
    "X-XSS-Protection": "1; mode=block",
    "Cache-Control": "no-cache, no-store, max-age=0, must-revalidate",
    "Pragma": "no-cache",
    "Expires": "0",
    "X-Frame-Options": "DENY",
    "Content-Type": "application/json",
    "Transfer-Encoding": "chunked",
    "Date": "Thu, 02 Oct 2025 12:20:54 GMT",
    "Connection": "close"
  }
}
-----------------------------

Reason: ❗ Undeclared status code: 400
--- Request ---
{
  "method": "POST",
  "url": "/api/owners",
  "headers": {
    "Content-Type": "application/json"
  },
  "body": {
    "pets": [
      {
        "birthDate": "2025-01-01T00:00:00Z",
        "id": 123,
        "name": "example-string",
        "owner": "fallback",
        "type": {
          "id": 123,
          "name": "example-string"
        },
        "visits": [
          {
            "date": "yyyy/MM/dd",
            "description": "example-string",
            "id": 123,
            "pet": "fallback"
          }
        ]
      }
    ]
  },
  "parameters": [
    {
      "in": "body",
      "name": "owner",
      "description": "owner",
      "required": true,
      "schema": {
        "$ref": "#/definitions/Owner"
      }
    }
  ]
}
--- Response ---
{
  "status": 400,
  "body": "{\"className\":\"java.lang.NullPointerException\",\"exMessage\":null}",
  "headers": {
    "Vary": "Origin, Access-Control-Request-Method, Access-Control-Request-Headers",
    "X-Content-Type-Options": "nosniff",
    "X-XSS-Protection": "1; mode=block",
    "Cache-Control": "no-cache, no-store, max-age=0, must-revalidate",
    "Pragma": "no-cache",
    "Expires": "0",
    "X-Frame-Options": "DENY",
    "Content-Type": "text/plain;charset=UTF-8",
    "Content-Length": "63",
    "Date": "Thu, 02 Oct 2025 12:20:55 GMT",
    "Connection": "close"
  }
}
-----------------------------

Reason: ❗ Undeclared status code: 500
--- Request ---
{
  "method": "POST",
  "url": "/error",
  "headers": {
    "Content-Type": "application/json"
  },
  "body": null,
  "parameters": []
}
--- Response ---
{
  "status": 500,
  "body": "{\"timestamp\":\"2025-10-02T12:20:56.687+0000\",\"status\":999,\"error\":\"None\",\"message\":\"No message available\"}",
  "headers": {
    "X-Content-Type-Options": "nosniff",
    "X-XSS-Protection": "1; mode=block",
    "Cache-Control": "no-cache, no-store, max-age=0, must-revalidate",
    "Pragma": "no-cache",
    "Expires": "0",
    "X-Frame-Options": "DENY",
    "Content-Type": "application/json",
    "Transfer-Encoding": "chunked",
    "Date": "Thu, 02 Oct 2025 12:20:56 GMT",
    "Connection": "close"
  }
}
-----------------------------

Reason: ❗ Undeclared status code: 500
--- Request ---
{
  "method": "HEAD",
  "url": "/error",
  "headers": {
    "Content-Type": "application/json"
  },
  "body": null,
  "parameters": []
}
--- Response ---
{
  "status": 500,
  "body": "",
  "headers": {
    "X-Content-Type-Options": "nosniff",
    "X-XSS-Protection": "1; mode=block",
    "Cache-Control": "no-cache, no-store, max-age=0, must-revalidate",
    "Pragma": "no-cache",
    "Expires": "0",
    "X-Frame-Options": "DENY",
    "Content-Type": "application/json",
    "Transfer-Encoding": "chunked",
    "Date": "Thu, 02 Oct 2025 12:20:56 GMT",
    "Connection": "close"
  }
}
-----------------------------

Reason: ❗ Undeclared status code: 400
--- Request ---
{
  "method": "PUT",
  "url": "/api/specialties/9",
  "headers": {
    "Content-Type": "application/json"
  },
  "body": null,
  "parameters": [
    {
      "in": "body",
      "name": "specialty",
      "description": "specialty",
      "required": true,
      "schema": {
        "$ref": "#/definitions/Specialty"
      }
    },
    {
      "name": "specialtyId",
      "in": "path",
      "description": "specialtyId",
      "required": true,
      "type": "integer",
      "format": "int32"
    }
  ]
}
--- Response ---
{
  "status": 400,
  "body": "{\"className\":\"org.springframework.http.converter.HttpMessageNotReadableException\",\"exMessage\":\"Required request body is missing: public org.springframework.http.ResponseEntity<org.springframework.samples.petclinic.model.Specialty> org.springframework.samples.petclinic.rest.SpecialtyRestController.updateSpecialty(int,org.springframework.samples.petclinic.model.Specialty,org.springframework.validation.BindingResult)\"}",
  "headers": {
    "Vary": "Origin, Access-Control-Request-Method, Access-Control-Request-Headers",
    "X-Content-Type-Options": "nosniff",
    "X-XSS-Protection": "1; mode=block",
    "Cache-Control": "no-cache, no-store, max-age=0, must-revalidate",
    "Pragma": "no-cache",
    "Expires": "0",
    "X-Frame-Options": "DENY",
    "Content-Type": "text/plain;charset=UTF-8",
    "Content-Length": "419",
    "Date": "Thu, 02 Oct 2025 12:20:57 GMT",
    "Connection": "close"
  }
}
-----------------------------

Reason: ❗ Undeclared status code: 500
--- Request ---
{
  "method": "HEAD",
  "url": "/error",
  "headers": {
    "Content-Type": "application/json"
  },
  "body": null,
  "parameters": []
}
--- Response ---
{
  "status": 500,
  "body": "",
  "headers": {
    "X-Content-Type-Options": "nosniff",
    "X-XSS-Protection": "1; mode=block",
    "Cache-Control": "no-cache, no-store, max-age=0, must-revalidate",
    "Pragma": "no-cache",
    "Expires": "0",
    "X-Frame-Options": "DENY",
    "Content-Type": "application/json",
    "Transfer-Encoding": "chunked",
    "Date": "Thu, 02 Oct 2025 12:20:58 GMT",
    "Connection": "close"
  }
}
-----------------------------

Reason: ❗ Undeclared status code: 500
--- Request ---
{
  "method": "GET",
  "url": "/error",
  "headers": {
    "Content-Type": "application/json"
  },
  "body": null,
  "parameters": []
}
--- Response ---
{
  "status": 500,
  "body": "{\"timestamp\":\"2025-10-02T12:20:59.133+0000\",\"status\":999,\"error\":\"None\",\"message\":\"No message available\"}",
  "headers": {
    "X-Content-Type-Options": "nosniff",
    "X-XSS-Protection": "1; mode=block",
    "Cache-Control": "no-cache, no-store, max-age=0, must-revalidate",
    "Pragma": "no-cache",
    "Expires": "0",
    "X-Frame-Options": "DENY",
    "Content-Type": "application/json",
    "Transfer-Encoding": "chunked",
    "Date": "Thu, 02 Oct 2025 12:20:58 GMT",
    "Connection": "close"
  }
}
-----------------------------

Reason: ❗ Undeclared status code: 400
--- Request ---
{
  "method": "POST",
  "url": "/api/owners",
  "headers": {
    "Content-Type": "application/json"
  },
  "body": {
    "telephone": "example-string",
    "pets": [
      {
        "birthDate": "2025-01-01T00:00:00Z",
        "id": 123,
        "name": "example-string",
        "owner": "fallback",
        "type": {
          "id": 123,
          "name": "example-string"
        },
        "visits": [
          {
            "date": "yyyy/MM/dd",
            "description": "example-string",
            "id": 123,
            "pet": "fallback"
          }
        ]
      }
    ]
  }
}
--- Response ---
{
  "status": 400,
  "body": "{\"className\":\"java.lang.NullPointerException\",\"exMessage\":null}",
  "headers": {
    "Vary": "Origin, Access-Control-Request-Method, Access-Control-Request-Headers",
    "X-Content-Type-Options": "nosniff",
    "X-XSS-Protection": "1; mode=block",
    "Cache-Control": "no-cache, no-store, max-age=0, must-revalidate",
    "Pragma": "no-cache",
    "Expires": "0",
    "X-Frame-Options": "DENY",
    "Content-Type": "text/plain;charset=UTF-8",
    "Content-Length": "63",
    "Date": "Thu, 02 Oct 2025 12:20:58 GMT",
    "Connection": "close"
  }
}
-----------------------------

Reason: ❗ Undeclared status code: 500
--- Request ---
{
  "method": "HEAD",
  "url": "/error",
  "headers": {
    "Content-Type": "application/json"
  },
  "body": null,
  "parameters": []
}
--- Response ---
{
  "status": 500,
  "body": "",
  "headers": {
    "X-Content-Type-Options": "nosniff",
    "X-XSS-Protection": "1; mode=block",
    "Cache-Control": "no-cache, no-store, max-age=0, must-revalidate",
    "Pragma": "no-cache",
    "Expires": "0",
    "X-Frame-Options": "DENY",
    "Content-Type": "application/json",
    "Transfer-Encoding": "chunked",
    "Date": "Thu, 02 Oct 2025 12:20:59 GMT",
    "Connection": "close"
  }
}
-----------------------------

Reason: ❗ Undeclared status code: 500
--- Request ---
{
  "method": "HEAD",
  "url": "/error",
  "headers": {
    "Content-Type": "application/json"
  },
  "body": null,
  "parameters": []
}
--- Response ---
{
  "status": 500,
  "body": "",
  "headers": {
    "X-Content-Type-Options": "nosniff",
    "X-XSS-Protection": "1; mode=block",
    "Cache-Control": "no-cache, no-store, max-age=0, must-revalidate",
    "Pragma": "no-cache",
    "Expires": "0",
    "X-Frame-Options": "DENY",
    "Content-Type": "application/json",
    "Transfer-Encoding": "chunked",
    "Date": "Thu, 02 Oct 2025 12:20:59 GMT",
    "Connection": "close"
  }
}
-----------------------------

Reason: ❗ Undeclared status code: 500
--- Request ---
{
  "method": "HEAD",
  "url": "/error",
  "headers": {
    "Content-Type": "application/json"
  },
  "body": null,
  "parameters": []
}
--- Response ---
{
  "status": 500,
  "body": "",
  "headers": {
    "X-Content-Type-Options": "nosniff",
    "X-XSS-Protection": "1; mode=block",
    "Cache-Control": "no-cache, no-store, max-age=0, must-revalidate",
    "Pragma": "no-cache",
    "Expires": "0",
    "X-Frame-Options": "DENY",
    "Content-Type": "application/json",
    "Transfer-Encoding": "chunked",
    "Date": "Thu, 02 Oct 2025 12:20:59 GMT",
    "Connection": "close"
  }
}
-----------------------------

Reason: ❗ Undeclared status code: 400
--- Request ---
{
  "method": "PUT",
  "url": "/api/vets/6",
  "headers": {
    "Content-Type": "application/json"
  },
  "body": null,
  "parameters": [
    {
      "in": "body",
      "name": "vet",
      "description": "vet",
      "required": true,
      "schema": {
        "$ref": "#/definitions/Vet"
      }
    },
    {
      "name": "vetId",
      "in": "path",
      "description": "vetId",
      "required": true,
      "type": "integer",
      "format": "int32"
    }
  ]
}
--- Response ---
{
  "status": 400,
  "body": "{\"className\":\"org.springframework.http.converter.HttpMessageNotReadableException\",\"exMessage\":\"Required request body is missing: public org.springframework.http.ResponseEntity<org.springframework.samples.petclinic.model.Vet> org.springframework.samples.petclinic.rest.VetRestController.updateVet(int,org.springframework.samples.petclinic.model.Vet,org.springframework.validation.BindingResult)\"}",
  "headers": {
    "Vary": "Origin, Access-Control-Request-Method, Access-Control-Request-Headers",
    "X-Content-Type-Options": "nosniff",
    "X-XSS-Protection": "1; mode=block",
    "Cache-Control": "no-cache, no-store, max-age=0, must-revalidate",
    "Pragma": "no-cache",
    "Expires": "0",
    "X-Frame-Options": "DENY",
    "Content-Type": "text/plain;charset=UTF-8",
    "Content-Length": "395",
    "Date": "Thu, 02 Oct 2025 12:20:59 GMT",
    "Connection": "close"
  }
}
-----------------------------

Reason: ❗ Undeclared status code: 500
--- Request ---
{
  "method": "GET",
  "url": "/error",
  "headers": {
    "Content-Type": "application/json"
  },
  "body": null,
  "parameters": []
}
--- Response ---
{
  "status": 500,
  "body": "{\"timestamp\":\"2025-10-02T12:21:00.845+0000\",\"status\":999,\"error\":\"None\",\"message\":\"No message available\"}",
  "headers": {
    "X-Content-Type-Options": "nosniff",
    "X-XSS-Protection": "1; mode=block",
    "Cache-Control": "no-cache, no-store, max-age=0, must-revalidate",
    "Pragma": "no-cache",
    "Expires": "0",
    "X-Frame-Options": "DENY",
    "Content-Type": "application/json",
    "Transfer-Encoding": "chunked",
    "Date": "Thu, 02 Oct 2025 12:21:00 GMT",
    "Connection": "close"
  }
}
-----------------------------

Reason: ❗ Undeclared status code: 400
--- Request ---
{
  "method": "PUT",
  "url": "/api/specialties/12",
  "headers": {
    "Content-Type": "application/json"
  },
  "body": null,
  "parameters": [
    {
      "in": "body",
      "name": "specialty",
      "description": "specialty",
      "required": true,
      "schema": {
        "$ref": "#/definitions/Specialty"
      }
    },
    {
      "name": "specialtyId",
      "in": "path",
      "description": "specialtyId",
      "required": true,
      "type": "integer",
      "format": "int32"
    }
  ]
}
--- Response ---
{
  "status": 400,
  "body": "{\"className\":\"org.springframework.http.converter.HttpMessageNotReadableException\",\"exMessage\":\"Required request body is missing: public org.springframework.http.ResponseEntity<org.springframework.samples.petclinic.model.Specialty> org.springframework.samples.petclinic.rest.SpecialtyRestController.updateSpecialty(int,org.springframework.samples.petclinic.model.Specialty,org.springframework.validation.BindingResult)\"}",
  "headers": {
    "Vary": "Origin, Access-Control-Request-Method, Access-Control-Request-Headers",
    "X-Content-Type-Options": "nosniff",
    "X-XSS-Protection": "1; mode=block",
    "Cache-Control": "no-cache, no-store, max-age=0, must-revalidate",
    "Pragma": "no-cache",
    "Expires": "0",
    "X-Frame-Options": "DENY",
    "Content-Type": "text/plain;charset=UTF-8",
    "Content-Length": "419",
    "Date": "Thu, 02 Oct 2025 12:21:00 GMT",
    "Connection": "close"
  }
}
-----------------------------

Reason: ❗ Undeclared status code: 400
--- Request ---
{
  "method": "POST",
  "url": "/api/owners",
  "headers": {
    "Content-Type": "application/json"
  },
  "body": {
    "firstName": "example-string"
  },
  "parameters": [
    {
      "in": "body",
      "name": "owner",
      "description": "owner",
      "required": true,
      "schema": {
        "$ref": "#/definitions/Owner"
      }
    }
  ]
}
--- Response ---
{
  "status": 400,
  "body": "{\"className\":\"java.lang.NullPointerException\",\"exMessage\":null}",
  "headers": {
    "Vary": "Origin, Access-Control-Request-Method, Access-Control-Request-Headers",
    "X-Content-Type-Options": "nosniff",
    "X-XSS-Protection": "1; mode=block",
    "Cache-Control": "no-cache, no-store, max-age=0, must-revalidate",
    "Pragma": "no-cache",
    "Expires": "0",
    "X-Frame-Options": "DENY",
    "Content-Type": "text/plain;charset=UTF-8",
    "Content-Length": "63",
    "Date": "Thu, 02 Oct 2025 12:21:01 GMT",
    "Connection": "close"
  }
}
-----------------------------

Reason: ❗ Undeclared status code: 500
--- Request ---
{
  "method": "GET",
  "url": "/error",
  "headers": {
    "Content-Type": "application/json"
  },
  "body": null,
  "parameters": []
}
--- Response ---
{
  "status": 500,
  "body": "{\"timestamp\":\"2025-10-02T12:21:02.284+0000\",\"status\":999,\"error\":\"None\",\"message\":\"No message available\"}",
  "headers": {
    "X-Content-Type-Options": "nosniff",
    "X-XSS-Protection": "1; mode=block",
    "Cache-Control": "no-cache, no-store, max-age=0, must-revalidate",
    "Pragma": "no-cache",
    "Expires": "0",
    "X-Frame-Options": "DENY",
    "Content-Type": "application/json",
    "Transfer-Encoding": "chunked",
    "Date": "Thu, 02 Oct 2025 12:21:01 GMT",
    "Connection": "close"
  }
}
-----------------------------

Reason: ❗ Undeclared status code: 400
--- Request ---
{
  "method": "PUT",
  "url": "/api/specialties/12",
  "headers": {
    "Content-Type": "application/json"
  },
  "body": null,
  "parameters": [
    {
      "in": "body",
      "name": "specialty",
      "description": "specialty",
      "required": true,
      "schema": {
        "$ref": "#/definitions/Specialty"
      }
    },
    {
      "name": "specialtyId",
      "in": "path",
      "description": "specialtyId",
      "required": true,
      "type": "integer",
      "format": "int32"
    }
  ]
}
--- Response ---
{
  "status": 400,
  "body": "{\"className\":\"org.springframework.http.converter.HttpMessageNotReadableException\",\"exMessage\":\"Required request body is missing: public org.springframework.http.ResponseEntity<org.springframework.samples.petclinic.model.Specialty> org.springframework.samples.petclinic.rest.SpecialtyRestController.updateSpecialty(int,org.springframework.samples.petclinic.model.Specialty,org.springframework.validation.BindingResult)\"}",
  "headers": {
    "Vary": "Origin, Access-Control-Request-Method, Access-Control-Request-Headers",
    "X-Content-Type-Options": "nosniff",
    "X-XSS-Protection": "1; mode=block",
    "Cache-Control": "no-cache, no-store, max-age=0, must-revalidate",
    "Pragma": "no-cache",
    "Expires": "0",
    "X-Frame-Options": "DENY",
    "Content-Type": "text/plain;charset=UTF-8",
    "Content-Length": "419",
    "Date": "Thu, 02 Oct 2025 12:21:01 GMT",
    "Connection": "close"
  }
}
-----------------------------

Reason: ❗ Undeclared status code: 500
--- Request ---
{
  "method": "HEAD",
  "url": "/error",
  "headers": {
    "Content-Type": "application/json"
  },
  "body": null,
  "parameters": []
}
--- Response ---
{
  "status": 500,
  "body": "",
  "headers": {
    "X-Content-Type-Options": "nosniff",
    "X-XSS-Protection": "1; mode=block",
    "Cache-Control": "no-cache, no-store, max-age=0, must-revalidate",
    "Pragma": "no-cache",
    "Expires": "0",
    "X-Frame-Options": "DENY",
    "Content-Type": "application/json",
    "Transfer-Encoding": "chunked",
    "Date": "Thu, 02 Oct 2025 12:21:01 GMT",
    "Connection": "close"
  }
}
-----------------------------

Reason: ❗ Undeclared status code: 400
--- Request ---
{
  "method": "PUT",
  "url": "/api/specialties/4",
  "headers": {
    "Content-Type": "application/json"
  },
  "body": null,
  "parameters": [
    {
      "in": "body",
      "name": "specialty",
      "description": "specialty",
      "required": true,
      "schema": {
        "$ref": "#/definitions/Specialty"
      }
    },
    {
      "name": "specialtyId",
      "in": "path",
      "description": "specialtyId",
      "required": true,
      "type": "integer",
      "format": "int32"
    }
  ]
}
--- Response ---
{
  "status": 400,
  "body": "{\"className\":\"org.springframework.http.converter.HttpMessageNotReadableException\",\"exMessage\":\"Required request body is missing: public org.springframework.http.ResponseEntity<org.springframework.samples.petclinic.model.Specialty> org.springframework.samples.petclinic.rest.SpecialtyRestController.updateSpecialty(int,org.springframework.samples.petclinic.model.Specialty,org.springframework.validation.BindingResult)\"}",
  "headers": {
    "Vary": "Origin, Access-Control-Request-Method, Access-Control-Request-Headers",
    "X-Content-Type-Options": "nosniff",
    "X-XSS-Protection": "1; mode=block",
    "Cache-Control": "no-cache, no-store, max-age=0, must-revalidate",
    "Pragma": "no-cache",
    "Expires": "0",
    "X-Frame-Options": "DENY",
    "Content-Type": "text/plain;charset=UTF-8",
    "Content-Length": "419",
    "Date": "Thu, 02 Oct 2025 12:21:03 GMT",
    "Connection": "close"
  }
}
-----------------------------

Reason: ❗ Undeclared status code: 400
--- Request ---
{
  "method": "PUT",
  "url": "/api/specialties/3",
  "headers": {
    "Content-Type": "application/json"
  },
  "body": null,
  "parameters": [
    {
      "in": "body",
      "name": "specialty",
      "description": "specialty",
      "required": true,
      "schema": {
        "$ref": "#/definitions/Specialty"
      }
    },
    {
      "name": "specialtyId",
      "in": "path",
      "description": "specialtyId",
      "required": true,
      "type": "integer",
      "format": "int32"
    }
  ]
}
--- Response ---
{
  "status": 400,
  "body": "{\"className\":\"org.springframework.http.converter.HttpMessageNotReadableException\",\"exMessage\":\"Required request body is missing: public org.springframework.http.ResponseEntity<org.springframework.samples.petclinic.model.Specialty> org.springframework.samples.petclinic.rest.SpecialtyRestController.updateSpecialty(int,org.springframework.samples.petclinic.model.Specialty,org.springframework.validation.BindingResult)\"}",
  "headers": {
    "Vary": "Origin, Access-Control-Request-Method, Access-Control-Request-Headers",
    "X-Content-Type-Options": "nosniff",
    "X-XSS-Protection": "1; mode=block",
    "Cache-Control": "no-cache, no-store, max-age=0, must-revalidate",
    "Pragma": "no-cache",
    "Expires": "0",
    "X-Frame-Options": "DENY",
    "Content-Type": "text/plain;charset=UTF-8",
    "Content-Length": "419",
    "Date": "Thu, 02 Oct 2025 12:21:03 GMT",
    "Connection": "close"
  }
}
-----------------------------

Reason: ❗ Undeclared status code: 400
--- Request ---
{
  "method": "PUT",
  "url": "/api/owners/8",
  "headers": {
    "Content-Type": "application/json"
  },
  "body": null,
  "parameters": [
    {
      "in": "body",
      "name": "owner",
      "description": "owner",
      "required": true,
      "schema": {
        "$ref": "#/definitions/Owner"
      }
    },
    {
      "name": "ownerId",
      "in": "path",
      "description": "ownerId",
      "required": true,
      "type": "integer",
      "format": "int32"
    }
  ]
}
--- Response ---
{
  "status": 400,
  "body": "{\"className\":\"org.springframework.http.converter.HttpMessageNotReadableException\",\"exMessage\":\"Required request body is missing: public org.springframework.http.ResponseEntity<org.springframework.samples.petclinic.model.Owner> org.springframework.samples.petclinic.rest.OwnerRestController.updateOwner(int,org.springframework.samples.petclinic.model.Owner,org.springframework.validation.BindingResult,org.springframework.web.util.UriComponentsBuilder)\"}",
  "headers": {
    "Vary": "Origin, Access-Control-Request-Method, Access-Control-Request-Headers",
    "X-Content-Type-Options": "nosniff",
    "X-XSS-Protection": "1; mode=block",
    "Cache-Control": "no-cache, no-store, max-age=0, must-revalidate",
    "Pragma": "no-cache",
    "Expires": "0",
    "X-Frame-Options": "DENY",
    "Content-Type": "text/plain;charset=UTF-8",
    "Content-Length": "453",
    "Date": "Thu, 02 Oct 2025 12:21:03 GMT",
    "Connection": "close"
  }
}
-----------------------------

Reason: ❗ Undeclared status code: 500
--- Request ---
{
  "method": "HEAD",
  "url": "/error",
  "headers": {
    "Content-Type": "application/json"
  },
  "body": null,
  "parameters": []
}
--- Response ---
{
  "status": 500,
  "body": "",
  "headers": {
    "X-Content-Type-Options": "nosniff",
    "X-XSS-Protection": "1; mode=block",
    "Cache-Control": "no-cache, no-store, max-age=0, must-revalidate",
    "Pragma": "no-cache",
    "Expires": "0",
    "X-Frame-Options": "DENY",
    "Content-Type": "application/json",
    "Transfer-Encoding": "chunked",
    "Date": "Thu, 02 Oct 2025 12:21:03 GMT",
    "Connection": "close"
  }
}
-----------------------------

Reason: ❗ Undeclared status code: 400
--- Request ---
{
  "method": "PUT",
  "url": "/api/vets/12",
  "headers": {
    "Content-Type": "application/json"
  },
  "body": null,
  "parameters": [
    {
      "in": "body",
      "name": "vet",
      "description": "vet",
      "required": true,
      "schema": {
        "$ref": "#/definitions/Vet"
      }
    },
    {
      "name": "vetId",
      "in": "path",
      "description": "vetId",
      "required": true,
      "type": "integer",
      "format": "int32"
    }
  ]
}
--- Response ---
{
  "status": 400,
  "body": "{\"className\":\"org.springframework.http.converter.HttpMessageNotReadableException\",\"exMessage\":\"Required request body is missing: public org.springframework.http.ResponseEntity<org.springframework.samples.petclinic.model.Vet> org.springframework.samples.petclinic.rest.VetRestController.updateVet(int,org.springframework.samples.petclinic.model.Vet,org.springframework.validation.BindingResult)\"}",
  "headers": {
    "Vary": "Origin, Access-Control-Request-Method, Access-Control-Request-Headers",
    "X-Content-Type-Options": "nosniff",
    "X-XSS-Protection": "1; mode=block",
    "Cache-Control": "no-cache, no-store, max-age=0, must-revalidate",
    "Pragma": "no-cache",
    "Expires": "0",
    "X-Frame-Options": "DENY",
    "Content-Type": "text/plain;charset=UTF-8",
    "Content-Length": "395",
    "Date": "Thu, 02 Oct 2025 12:21:04 GMT",
    "Connection": "close"
  }
}
-----------------------------

Reason: ❗ Undeclared status code: 500
--- Request ---
{
  "method": "GET",
  "url": "/error",
  "headers": {
    "Content-Type": "application/json"
  },
  "body": null,
  "parameters": []
}
--- Response ---
{
  "status": 500,
  "body": "{\"timestamp\":\"2025-10-02T12:21:04.808+0000\",\"status\":999,\"error\":\"None\",\"message\":\"No message available\"}",
  "headers": {
    "X-Content-Type-Options": "nosniff",
    "X-XSS-Protection": "1; mode=block",
    "Cache-Control": "no-cache, no-store, max-age=0, must-revalidate",
    "Pragma": "no-cache",
    "Expires": "0",
    "X-Frame-Options": "DENY",
    "Content-Type": "application/json",
    "Transfer-Encoding": "chunked",
    "Date": "Thu, 02 Oct 2025 12:21:04 GMT",
    "Connection": "close"
  }
}
-----------------------------

Reason: ❗ Undeclared status code: 400
--- Request ---
{
  "method": "PUT",
  "url": "/api/specialties/3",
  "headers": {
    "Content-Type": "application/json"
  },
  "body": null,
  "parameters": [
    {
      "in": "body",
      "name": "specialty",
      "description": "specialty",
      "required": true,
      "schema": {
        "$ref": "#/definitions/Specialty"
      }
    },
    {
      "name": "specialtyId",
      "in": "path",
      "description": "specialtyId",
      "required": true,
      "type": "integer",
      "format": "int32"
    }
  ]
}
--- Response ---
{
  "status": 400,
  "body": "{\"className\":\"org.springframework.http.converter.HttpMessageNotReadableException\",\"exMessage\":\"Required request body is missing: public org.springframework.http.ResponseEntity<org.springframework.samples.petclinic.model.Specialty> org.springframework.samples.petclinic.rest.SpecialtyRestController.updateSpecialty(int,org.springframework.samples.petclinic.model.Specialty,org.springframework.validation.BindingResult)\"}",
  "headers": {
    "Vary": "Origin, Access-Control-Request-Method, Access-Control-Request-Headers",
    "X-Content-Type-Options": "nosniff",
    "X-XSS-Protection": "1; mode=block",
    "Cache-Control": "no-cache, no-store, max-age=0, must-revalidate",
    "Pragma": "no-cache",
    "Expires": "0",
    "X-Frame-Options": "DENY",
    "Content-Type": "text/plain;charset=UTF-8",
    "Content-Length": "419",
    "Date": "Thu, 02 Oct 2025 12:21:06 GMT",
    "Connection": "close"
  }
}
-----------------------------

Reason: ❗ Undeclared status code: 500
--- Request ---
{
  "method": "POST",
  "url": "/error",
  "headers": {
    "Content-Type": "application/json"
  },
  "body": null,
  "parameters": []
}
--- Response ---
{
  "status": 500,
  "body": "{\"timestamp\":\"2025-10-02T12:21:06.601+0000\",\"status\":999,\"error\":\"None\",\"message\":\"No message available\"}",
  "headers": {
    "X-Content-Type-Options": "nosniff",
    "X-XSS-Protection": "1; mode=block",
    "Cache-Control": "no-cache, no-store, max-age=0, must-revalidate",
    "Pragma": "no-cache",
    "Expires": "0",
    "X-Frame-Options": "DENY",
    "Content-Type": "application/json",
    "Transfer-Encoding": "chunked",
    "Date": "Thu, 02 Oct 2025 12:21:06 GMT",
    "Connection": "close"
  }
}
-----------------------------

Reason: ❗ Undeclared status code: 400
--- Request ---
{
  "method": "PUT",
  "url": "/api/pets/4",
  "headers": {
    "Content-Type": "application/json"
  },
  "body": null,
  "parameters": [
    {
      "in": "body",
      "name": "pet",
      "description": "pet",
      "required": true,
      "schema": {
        "$ref": "#/definitions/Pet"
      }
    },
    {
      "name": "petId",
      "in": "path",
      "description": "petId",
      "required": true,
      "type": "integer",
      "format": "int32"
    }
  ]
}
--- Response ---
{
  "status": 400,
  "body": "{\"className\":\"org.springframework.http.converter.HttpMessageNotReadableException\",\"exMessage\":\"Required request body is missing: public org.springframework.http.ResponseEntity<org.springframework.samples.petclinic.model.Pet> org.springframework.samples.petclinic.rest.PetRestController.updatePet(int,org.springframework.samples.petclinic.model.Pet,org.springframework.validation.BindingResult)\"}",
  "headers": {
    "Vary": "Origin, Access-Control-Request-Method, Access-Control-Request-Headers",
    "X-Content-Type-Options": "nosniff",
    "X-XSS-Protection": "1; mode=block",
    "Cache-Control": "no-cache, no-store, max-age=0, must-revalidate",
    "Pragma": "no-cache",
    "Expires": "0",
    "X-Frame-Options": "DENY",
    "Content-Type": "text/plain;charset=UTF-8",
    "Content-Length": "395",
    "Date": "Thu, 02 Oct 2025 12:21:06 GMT",
    "Connection": "close"
  }
}
-----------------------------

Reason: ❗ Undeclared status code: 400
--- Request ---
{
  "method": "PUT",
  "url": "/api/specialties/12",
  "headers": {
    "Content-Type": "application/json"
  },
  "body": null,
  "parameters": [
    {
      "in": "body",
      "name": "specialty",
      "description": "specialty",
      "required": true,
      "schema": {
        "$ref": "#/definitions/Specialty"
      }
    },
    {
      "name": "specialtyId",
      "in": "path",
      "description": "specialtyId",
      "required": true,
      "type": "integer",
      "format": "int32"
    }
  ]
}
--- Response ---
{
  "status": 400,
  "body": "{\"className\":\"org.springframework.http.converter.HttpMessageNotReadableException\",\"exMessage\":\"Required request body is missing: public org.springframework.http.ResponseEntity<org.springframework.samples.petclinic.model.Specialty> org.springframework.samples.petclinic.rest.SpecialtyRestController.updateSpecialty(int,org.springframework.samples.petclinic.model.Specialty,org.springframework.validation.BindingResult)\"}",
  "headers": {
    "Vary": "Origin, Access-Control-Request-Method, Access-Control-Request-Headers",
    "X-Content-Type-Options": "nosniff",
    "X-XSS-Protection": "1; mode=block",
    "Cache-Control": "no-cache, no-store, max-age=0, must-revalidate",
    "Pragma": "no-cache",
    "Expires": "0",
    "X-Frame-Options": "DENY",
    "Content-Type": "text/plain;charset=UTF-8",
    "Content-Length": "419",
    "Date": "Thu, 02 Oct 2025 12:21:07 GMT",
    "Connection": "close"
  }
}
-----------------------------

Reason: ❗ Undeclared status code: 500
--- Request ---
{
  "method": "GET",
  "url": "/error",
  "headers": {
    "Content-Type": "application/json"
  },
  "body": null,
  "parameters": []
}
--- Response ---
{
  "status": 500,
  "body": "{\"timestamp\":\"2025-10-02T12:21:07.335+0000\",\"status\":999,\"error\":\"None\",\"message\":\"No message available\"}",
  "headers": {
    "X-Content-Type-Options": "nosniff",
    "X-XSS-Protection": "1; mode=block",
    "Cache-Control": "no-cache, no-store, max-age=0, must-revalidate",
    "Pragma": "no-cache",
    "Expires": "0",
    "X-Frame-Options": "DENY",
    "Content-Type": "application/json",
    "Transfer-Encoding": "chunked",
    "Date": "Thu, 02 Oct 2025 12:21:07 GMT",
    "Connection": "close"
  }
}
-----------------------------

Reason: ❗ Undeclared status code: 400
--- Request ---
{
  "method": "POST",
  "url": "/api/owners",
  "headers": {
    "Content-Type": "application/json"
  },
  "body": {
    "address": "example-string"
  },
  "parameters": [
    {
      "in": "body",
      "name": "owner",
      "description": "owner",
      "required": true,
      "schema": {
        "$ref": "#/definitions/Owner"
      }
    }
  ]
}
--- Response ---
{
  "status": 400,
  "body": "{\"className\":\"java.lang.NullPointerException\",\"exMessage\":null}",
  "headers": {
    "Vary": "Origin, Access-Control-Request-Method, Access-Control-Request-Headers",
    "X-Content-Type-Options": "nosniff",
    "X-XSS-Protection": "1; mode=block",
    "Cache-Control": "no-cache, no-store, max-age=0, must-revalidate",
    "Pragma": "no-cache",
    "Expires": "0",
    "X-Frame-Options": "DENY",
    "Content-Type": "text/plain;charset=UTF-8",
    "Content-Length": "63",
    "Date": "Thu, 02 Oct 2025 12:21:07 GMT",
    "Connection": "close"
  }
}
-----------------------------

Reason: ❗ Undeclared status code: 400
--- Request ---
{
  "method": "PUT",
  "url": "/api/specialties/10",
  "headers": {
    "Content-Type": "application/json"
  },
  "body": null,
  "parameters": [
    {
      "in": "body",
      "name": "specialty",
      "description": "specialty",
      "required": true,
      "schema": {
        "$ref": "#/definitions/Specialty"
      }
    },
    {
      "name": "specialtyId",
      "in": "path",
      "description": "specialtyId",
      "required": true,
      "type": "integer",
      "format": "int32"
    }
  ]
}
--- Response ---
{
  "status": 400,
  "body": "{\"className\":\"org.springframework.http.converter.HttpMessageNotReadableException\",\"exMessage\":\"Required request body is missing: public org.springframework.http.ResponseEntity<org.springframework.samples.petclinic.model.Specialty> org.springframework.samples.petclinic.rest.SpecialtyRestController.updateSpecialty(int,org.springframework.samples.petclinic.model.Specialty,org.springframework.validation.BindingResult)\"}",
  "headers": {
    "Vary": "Origin, Access-Control-Request-Method, Access-Control-Request-Headers",
    "X-Content-Type-Options": "nosniff",
    "X-XSS-Protection": "1; mode=block",
    "Cache-Control": "no-cache, no-store, max-age=0, must-revalidate",
    "Pragma": "no-cache",
    "Expires": "0",
    "X-Frame-Options": "DENY",
    "Content-Type": "text/plain;charset=UTF-8",
    "Content-Length": "419",
    "Date": "Thu, 02 Oct 2025 12:21:08 GMT",
    "Connection": "close"
  }
}
-----------------------------

Reason: ❗ Undeclared status code: 500
--- Request ---
{
  "method": "HEAD",
  "url": "/error",
  "headers": {
    "Content-Type": "application/json"
  },
  "body": null,
  "parameters": []
}
--- Response ---
{
  "status": 500,
  "body": "",
  "headers": {
    "X-Content-Type-Options": "nosniff",
    "X-XSS-Protection": "1; mode=block",
    "Cache-Control": "no-cache, no-store, max-age=0, must-revalidate",
    "Pragma": "no-cache",
    "Expires": "0",
    "X-Frame-Options": "DENY",
    "Content-Type": "application/json",
    "Transfer-Encoding": "chunked",
    "Date": "Thu, 02 Oct 2025 12:21:09 GMT",
    "Connection": "close"
  }
}
-----------------------------

Reason: ❗ Undeclared status code: 400
--- Request ---
{
  "method": "PUT",
  "url": "/api/owners/9",
  "headers": {
    "Content-Type": "application/json"
  },
  "body": null,
  "parameters": [
    {
      "in": "body",
      "name": "owner",
      "description": "owner",
      "required": true,
      "schema": {
        "$ref": "#/definitions/Owner"
      }
    },
    {
      "name": "ownerId",
      "in": "path",
      "description": "ownerId",
      "required": true,
      "type": "integer",
      "format": "int32"
    }
  ]
}
--- Response ---
{
  "status": 400,
  "body": "{\"className\":\"org.springframework.http.converter.HttpMessageNotReadableException\",\"exMessage\":\"Required request body is missing: public org.springframework.http.ResponseEntity<org.springframework.samples.petclinic.model.Owner> org.springframework.samples.petclinic.rest.OwnerRestController.updateOwner(int,org.springframework.samples.petclinic.model.Owner,org.springframework.validation.BindingResult,org.springframework.web.util.UriComponentsBuilder)\"}",
  "headers": {
    "Vary": "Origin, Access-Control-Request-Method, Access-Control-Request-Headers",
    "X-Content-Type-Options": "nosniff",
    "X-XSS-Protection": "1; mode=block",
    "Cache-Control": "no-cache, no-store, max-age=0, must-revalidate",
    "Pragma": "no-cache",
    "Expires": "0",
    "X-Frame-Options": "DENY",
    "Content-Type": "text/plain;charset=UTF-8",
    "Content-Length": "453",
    "Date": "Thu, 02 Oct 2025 12:21:09 GMT",
    "Connection": "close"
  }
}
-----------------------------

Reason: ❗ Undeclared status code: 500
--- Request ---
{
  "method": "GET",
  "url": "/error",
  "headers": {
    "Content-Type": "application/json"
  },
  "body": null,
  "parameters": []
}
--- Response ---
{
  "status": 500,
  "body": "{\"timestamp\":\"2025-10-02T12:21:09.657+0000\",\"status\":999,\"error\":\"None\",\"message\":\"No message available\"}",
  "headers": {
    "X-Content-Type-Options": "nosniff",
    "X-XSS-Protection": "1; mode=block",
    "Cache-Control": "no-cache, no-store, max-age=0, must-revalidate",
    "Pragma": "no-cache",
    "Expires": "0",
    "X-Frame-Options": "DENY",
    "Content-Type": "application/json",
    "Transfer-Encoding": "chunked",
    "Date": "Thu, 02 Oct 2025 12:21:09 GMT",
    "Connection": "close"
  }
}
-----------------------------

Reason: ❗ Undeclared status code: 400
--- Request ---
{
  "method": "PUT",
  "url": "/api/owners/3",
  "headers": {
    "Content-Type": "application/json"
  },
  "body": null,
  "parameters": [
    {
      "in": "body",
      "name": "owner",
      "description": "owner",
      "required": true,
      "schema": {
        "$ref": "#/definitions/Owner"
      }
    },
    {
      "name": "ownerId",
      "in": "path",
      "description": "ownerId",
      "required": true,
      "type": "integer",
      "format": "int32"
    }
  ]
}
--- Response ---
{
  "status": 400,
  "body": "{\"className\":\"org.springframework.http.converter.HttpMessageNotReadableException\",\"exMessage\":\"Required request body is missing: public org.springframework.http.ResponseEntity<org.springframework.samples.petclinic.model.Owner> org.springframework.samples.petclinic.rest.OwnerRestController.updateOwner(int,org.springframework.samples.petclinic.model.Owner,org.springframework.validation.BindingResult,org.springframework.web.util.UriComponentsBuilder)\"}",
  "headers": {
    "Vary": "Origin, Access-Control-Request-Method, Access-Control-Request-Headers",
    "X-Content-Type-Options": "nosniff",
    "X-XSS-Protection": "1; mode=block",
    "Cache-Control": "no-cache, no-store, max-age=0, must-revalidate",
    "Pragma": "no-cache",
    "Expires": "0",
    "X-Frame-Options": "DENY",
    "Content-Type": "text/plain;charset=UTF-8",
    "Content-Length": "453",
    "Date": "Thu, 02 Oct 2025 12:21:10 GMT",
    "Connection": "close"
  }
}
-----------------------------

Reason: ❗ Undeclared status code: 400
--- Request ---
{
  "method": "PUT",
  "url": "/api/specialties/9",
  "headers": {
    "Content-Type": "application/json"
  },
  "body": null,
  "parameters": [
    {
      "in": "body",
      "name": "specialty",
      "description": "specialty",
      "required": true,
      "schema": {
        "$ref": "#/definitions/Specialty"
      }
    },
    {
      "name": "specialtyId",
      "in": "path",
      "description": "specialtyId",
      "required": true,
      "type": "integer",
      "format": "int32"
    }
  ]
}
--- Response ---
{
  "status": 400,
  "body": "{\"className\":\"org.springframework.http.converter.HttpMessageNotReadableException\",\"exMessage\":\"Required request body is missing: public org.springframework.http.ResponseEntity<org.springframework.samples.petclinic.model.Specialty> org.springframework.samples.petclinic.rest.SpecialtyRestController.updateSpecialty(int,org.springframework.samples.petclinic.model.Specialty,org.springframework.validation.BindingResult)\"}",
  "headers": {
    "Vary": "Origin, Access-Control-Request-Method, Access-Control-Request-Headers",
    "X-Content-Type-Options": "nosniff",
    "X-XSS-Protection": "1; mode=block",
    "Cache-Control": "no-cache, no-store, max-age=0, must-revalidate",
    "Pragma": "no-cache",
    "Expires": "0",
    "X-Frame-Options": "DENY",
    "Content-Type": "text/plain;charset=UTF-8",
    "Content-Length": "419",
    "Date": "Thu, 02 Oct 2025 12:21:10 GMT",
    "Connection": "close"
  }
}
-----------------------------

Reason: ❗ Undeclared status code: 400
--- Request ---
{
  "method": "POST",
  "url": "/api/owners",
  "headers": {
    "Content-Type": "application/json"
  },
  "body": {
    "firstName": "example-string"
  },
  "parameters": [
    {
      "in": "body",
      "name": "owner",
      "description": "owner",
      "required": true,
      "schema": {
        "$ref": "#/definitions/Owner"
      }
    }
  ]
}
--- Response ---
{
  "status": 400,
  "body": "{\"className\":\"java.lang.NullPointerException\",\"exMessage\":null}",
  "headers": {
    "Vary": "Origin, Access-Control-Request-Method, Access-Control-Request-Headers",
    "X-Content-Type-Options": "nosniff",
    "X-XSS-Protection": "1; mode=block",
    "Cache-Control": "no-cache, no-store, max-age=0, must-revalidate",
    "Pragma": "no-cache",
    "Expires": "0",
    "X-Frame-Options": "DENY",
    "Content-Type": "text/plain;charset=UTF-8",
    "Content-Length": "63",
    "Date": "Thu, 02 Oct 2025 12:21:10 GMT",
    "Connection": "close"
  }
}
-----------------------------

Reason: ❗ Undeclared status code: 400
--- Request ---
{
  "method": "PUT",
  "url": "/api/specialties/1",
  "headers": {
    "Content-Type": "application/json"
  },
  "body": null,
  "parameters": [
    {
      "in": "body",
      "name": "specialty",
      "description": "specialty",
      "required": true,
      "schema": {
        "$ref": "#/definitions/Specialty"
      }
    },
    {
      "name": "specialtyId",
      "in": "path",
      "description": "specialtyId",
      "required": true,
      "type": "integer",
      "format": "int32"
    }
  ]
}
--- Response ---
{
  "status": 400,
  "body": "{\"className\":\"org.springframework.http.converter.HttpMessageNotReadableException\",\"exMessage\":\"Required request body is missing: public org.springframework.http.ResponseEntity<org.springframework.samples.petclinic.model.Specialty> org.springframework.samples.petclinic.rest.SpecialtyRestController.updateSpecialty(int,org.springframework.samples.petclinic.model.Specialty,org.springframework.validation.BindingResult)\"}",
  "headers": {
    "Vary": "Origin, Access-Control-Request-Method, Access-Control-Request-Headers",
    "X-Content-Type-Options": "nosniff",
    "X-XSS-Protection": "1; mode=block",
    "Cache-Control": "no-cache, no-store, max-age=0, must-revalidate",
    "Pragma": "no-cache",
    "Expires": "0",
    "X-Frame-Options": "DENY",
    "Content-Type": "text/plain;charset=UTF-8",
    "Content-Length": "419",
    "Date": "Thu, 02 Oct 2025 12:21:11 GMT",
    "Connection": "close"
  }
}
-----------------------------

Reason: ❗ Undeclared status code: 500
--- Request ---
{
  "method": "HEAD",
  "url": "/error",
  "headers": {
    "Content-Type": "application/json"
  },
  "body": null,
  "parameters": []
}
--- Response ---
{
  "status": 500,
  "body": "",
  "headers": {
    "X-Content-Type-Options": "nosniff",
    "X-XSS-Protection": "1; mode=block",
    "Cache-Control": "no-cache, no-store, max-age=0, must-revalidate",
    "Pragma": "no-cache",
    "Expires": "0",
    "X-Frame-Options": "DENY",
    "Content-Type": "application/json",
    "Transfer-Encoding": "chunked",
    "Date": "Thu, 02 Oct 2025 12:21:11 GMT",
    "Connection": "close"
  }
}
-----------------------------

Reason: ❗ Undeclared status code: 500
--- Request ---
{
  "method": "GET",
  "url": "/error",
  "headers": {
    "Content-Type": "application/json"
  },
  "body": null,
  "parameters": []
}
--- Response ---
{
  "status": 500,
  "body": "{\"timestamp\":\"2025-10-02T12:21:12.068+0000\",\"status\":999,\"error\":\"None\",\"message\":\"No message available\"}",
  "headers": {
    "X-Content-Type-Options": "nosniff",
    "X-XSS-Protection": "1; mode=block",
    "Cache-Control": "no-cache, no-store, max-age=0, must-revalidate",
    "Pragma": "no-cache",
    "Expires": "0",
    "X-Frame-Options": "DENY",
    "Content-Type": "application/json",
    "Transfer-Encoding": "chunked",
    "Date": "Thu, 02 Oct 2025 12:21:11 GMT",
    "Connection": "close"
  }
}
-----------------------------

Reason: ❗ Undeclared status code: 500
--- Request ---
{
  "method": "PUT",
  "url": "/error",
  "headers": {
    "Content-Type": "application/json"
  },
  "body": null,
  "parameters": []
}
--- Response ---
{
  "status": 500,
  "body": "{\"timestamp\":\"2025-10-02T12:21:13.568+0000\",\"status\":999,\"error\":\"None\",\"message\":\"No message available\"}",
  "headers": {
    "X-Content-Type-Options": "nosniff",
    "X-XSS-Protection": "1; mode=block",
    "Cache-Control": "no-cache, no-store, max-age=0, must-revalidate",
    "Pragma": "no-cache",
    "Expires": "0",
    "X-Frame-Options": "DENY",
    "Content-Type": "application/json",
    "Transfer-Encoding": "chunked",
    "Date": "Thu, 02 Oct 2025 12:21:13 GMT",
    "Connection": "close"
  }
}
-----------------------------

Reason: ❗ Undeclared status code: 500
--- Request ---
{
  "method": "POST",
  "url": "/error",
  "headers": {
    "Content-Type": "application/json"
  },
  "body": null,
  "parameters": []
}
--- Response ---
{
  "status": 500,
  "body": "{\"timestamp\":\"2025-10-02T12:21:14.270+0000\",\"status\":999,\"error\":\"None\",\"message\":\"No message available\"}",
  "headers": {
    "X-Content-Type-Options": "nosniff",
    "X-XSS-Protection": "1; mode=block",
    "Cache-Control": "no-cache, no-store, max-age=0, must-revalidate",
    "Pragma": "no-cache",
    "Expires": "0",
    "X-Frame-Options": "DENY",
    "Content-Type": "application/json",
    "Transfer-Encoding": "chunked",
    "Date": "Thu, 02 Oct 2025 12:21:13 GMT",
    "Connection": "close"
  }
}
-----------------------------

Reason: ❗ Undeclared status code: 500
--- Request ---
{
  "method": "POST",
  "url": "/error",
  "headers": {
    "Content-Type": "application/json"
  },
  "body": null,
  "parameters": []
}
--- Response ---
{
  "status": 500,
  "body": "{\"timestamp\":\"2025-10-02T12:21:14.733+0000\",\"status\":999,\"error\":\"None\",\"message\":\"No message available\"}",
  "headers": {
    "X-Content-Type-Options": "nosniff",
    "X-XSS-Protection": "1; mode=block",
    "Cache-Control": "no-cache, no-store, max-age=0, must-revalidate",
    "Pragma": "no-cache",
    "Expires": "0",
    "X-Frame-Options": "DENY",
    "Content-Type": "application/json",
    "Transfer-Encoding": "chunked",
    "Date": "Thu, 02 Oct 2025 12:21:14 GMT",
    "Connection": "close"
  }
}
-----------------------------

Reason: ❗ Undeclared status code: 500
--- Request ---
{
  "method": "GET",
  "url": "/error",
  "headers": {
    "Content-Type": "application/json"
  },
  "body": null,
  "parameters": []
}
--- Response ---
{
  "status": 500,
  "body": "{\"timestamp\":\"2025-10-02T12:21:14.959+0000\",\"status\":999,\"error\":\"None\",\"message\":\"No message available\"}",
  "headers": {
    "X-Content-Type-Options": "nosniff",
    "X-XSS-Protection": "1; mode=block",
    "Cache-Control": "no-cache, no-store, max-age=0, must-revalidate",
    "Pragma": "no-cache",
    "Expires": "0",
    "X-Frame-Options": "DENY",
    "Content-Type": "application/json",
    "Transfer-Encoding": "chunked",
    "Date": "Thu, 02 Oct 2025 12:21:14 GMT",
    "Connection": "close"
  }
}
-----------------------------

Reason: ❗ Undeclared status code: 400
--- Request ---
{
  "method": "POST",
  "url": "/api/owners",
  "headers": {
    "Content-Type": "application/json"
  },
  "body": {
    "telephone": "example-string"
  },
  "parameters": [
    {
      "in": "body",
      "name": "owner",
      "description": "owner",
      "required": true,
      "schema": {
        "$ref": "#/definitions/Owner"
      }
    }
  ]
}
--- Response ---
{
  "status": 400,
  "body": "{\"className\":\"java.lang.NullPointerException\",\"exMessage\":null}",
  "headers": {
    "Vary": "Origin, Access-Control-Request-Method, Access-Control-Request-Headers",
    "X-Content-Type-Options": "nosniff",
    "X-XSS-Protection": "1; mode=block",
    "Cache-Control": "no-cache, no-store, max-age=0, must-revalidate",
    "Pragma": "no-cache",
    "Expires": "0",
    "X-Frame-Options": "DENY",
    "Content-Type": "text/plain;charset=UTF-8",
    "Content-Length": "63",
    "Date": "Thu, 02 Oct 2025 12:21:14 GMT",
    "Connection": "close"
  }
}
-----------------------------

Reason: ❗ Undeclared status code: 500
--- Request ---
{
  "method": "HEAD",
  "url": "/error",
  "headers": {
    "Content-Type": "application/json"
  },
  "body": null,
  "parameters": []
}
--- Response ---
{
  "status": 500,
  "body": "",
  "headers": {
    "X-Content-Type-Options": "nosniff",
    "X-XSS-Protection": "1; mode=block",
    "Cache-Control": "no-cache, no-store, max-age=0, must-revalidate",
    "Pragma": "no-cache",
    "Expires": "0",
    "X-Frame-Options": "DENY",
    "Content-Type": "application/json",
    "Transfer-Encoding": "chunked",
    "Date": "Thu, 02 Oct 2025 12:21:15 GMT",
    "Connection": "close"
  }
}
-----------------------------

Reason: ❗ Undeclared status code: 400
--- Request ---
{
  "method": "PUT",
  "url": "/api/vets/4",
  "headers": {
    "Content-Type": "application/json"
  },
  "body": null,
  "parameters": [
    {
      "in": "body",
      "name": "vet",
      "description": "vet",
      "required": true,
      "schema": {
        "$ref": "#/definitions/Vet"
      }
    },
    {
      "name": "vetId",
      "in": "path",
      "description": "vetId",
      "required": true,
      "type": "integer",
      "format": "int32"
    }
  ]
}
--- Response ---
{
  "status": 400,
  "body": "{\"className\":\"org.springframework.http.converter.HttpMessageNotReadableException\",\"exMessage\":\"Required request body is missing: public org.springframework.http.ResponseEntity<org.springframework.samples.petclinic.model.Vet> org.springframework.samples.petclinic.rest.VetRestController.updateVet(int,org.springframework.samples.petclinic.model.Vet,org.springframework.validation.BindingResult)\"}",
  "headers": {
    "Vary": "Origin, Access-Control-Request-Method, Access-Control-Request-Headers",
    "X-Content-Type-Options": "nosniff",
    "X-XSS-Protection": "1; mode=block",
    "Cache-Control": "no-cache, no-store, max-age=0, must-revalidate",
    "Pragma": "no-cache",
    "Expires": "0",
    "X-Frame-Options": "DENY",
    "Content-Type": "text/plain;charset=UTF-8",
    "Content-Length": "395",
    "Date": "Thu, 02 Oct 2025 12:21:15 GMT",
    "Connection": "close"
  }
}
-----------------------------

Reason: ❗ Undeclared status code: 500
--- Request ---
{
  "method": "POST",
  "url": "/error",
  "headers": {
    "Content-Type": "application/json"
  },
  "body": null,
  "parameters": []
}
--- Response ---
{
  "status": 500,
  "body": "{\"timestamp\":\"2025-10-02T12:21:16.650+0000\",\"status\":999,\"error\":\"None\",\"message\":\"No message available\"}",
  "headers": {
    "X-Content-Type-Options": "nosniff",
    "X-XSS-Protection": "1; mode=block",
    "Cache-Control": "no-cache, no-store, max-age=0, must-revalidate",
    "Pragma": "no-cache",
    "Expires": "0",
    "X-Frame-Options": "DENY",
    "Content-Type": "application/json",
    "Transfer-Encoding": "chunked",
    "Date": "Thu, 02 Oct 2025 12:21:15 GMT",
    "Connection": "close"
  }
}
-----------------------------

Reason: ❗ Undeclared status code: 400
--- Request ---
{
  "method": "DELETE",
  "url": "/api/specialties/2",
  "headers": {
    "Content-Type": "application/json"
  },
  "body": null,
  "parameters": [
    {
      "name": "specialtyId",
      "in": "path",
      "description": "specialtyId",
      "required": true,
      "type": "integer",
      "format": "int32"
    }
  ]
}
--- Response ---
{
  "status": 400,
  "body": "{\"className\":\"org.springframework.dao.DataIntegrityViolationException\",\"exMessage\":\"could not execute statement; SQL [n/a]; constraint [null]; nested exception is org.hibernate.exception.ConstraintViolationException: could not execute statement\"}",
  "headers": {
    "Vary": "Origin, Access-Control-Request-Method, Access-Control-Request-Headers",
    "X-Content-Type-Options": "nosniff",
    "X-XSS-Protection": "1; mode=block",
    "Cache-Control": "no-cache, no-store, max-age=0, must-revalidate",
    "Pragma": "no-cache",
    "Expires": "0",
    "X-Frame-Options": "DENY",
    "Content-Type": "text/plain;charset=UTF-8",
    "Content-Length": "246",
    "Date": "Thu, 02 Oct 2025 12:21:16 GMT",
    "Connection": "close"
  }
}
-----------------------------

Reason: ❗ Undeclared status code: 500
--- Request ---
{
  "method": "PUT",
  "url": "/error",
  "headers": {
    "Content-Type": "application/json"
  },
  "body": null,
  "parameters": []
}
--- Response ---
{
  "status": 500,
  "body": "{\"timestamp\":\"2025-10-02T12:21:17.426+0000\",\"status\":999,\"error\":\"None\",\"message\":\"No message available\"}",
  "headers": {
    "X-Content-Type-Options": "nosniff",
    "X-XSS-Protection": "1; mode=block",
    "Cache-Control": "no-cache, no-store, max-age=0, must-revalidate",
    "Pragma": "no-cache",
    "Expires": "0",
    "X-Frame-Options": "DENY",
    "Content-Type": "application/json",
    "Transfer-Encoding": "chunked",
    "Date": "Thu, 02 Oct 2025 12:21:16 GMT",
    "Connection": "close"
  }
}
-----------------------------

Reason: ❗ Undeclared status code: 400
--- Request ---
{
  "method": "POST",
  "url": "/api/owners",
  "headers": {
    "Content-Type": "application/json"
  },
  "body": {
    "lastName": "example-string"
  },
  "parameters": [
    {
      "in": "body",
      "name": "owner",
      "description": "owner",
      "required": true,
      "schema": {
        "$ref": "#/definitions/Owner"
      }
    }
  ]
}
--- Response ---
{
  "status": 400,
  "body": "{\"className\":\"java.lang.NullPointerException\",\"exMessage\":null}",
  "headers": {
    "Vary": "Origin, Access-Control-Request-Method, Access-Control-Request-Headers",
    "X-Content-Type-Options": "nosniff",
    "X-XSS-Protection": "1; mode=block",
    "Cache-Control": "no-cache, no-store, max-age=0, must-revalidate",
    "Pragma": "no-cache",
    "Expires": "0",
    "X-Frame-Options": "DENY",
    "Content-Type": "text/plain;charset=UTF-8",
    "Content-Length": "63",
    "Date": "Thu, 02 Oct 2025 12:21:17 GMT",
    "Connection": "close"
  }
}
-----------------------------

Reason: ❗ Undeclared status code: 500
--- Request ---
{
  "method": "POST",
  "url": "/error",
  "headers": {
    "Content-Type": "application/json"
  },
  "body": null,
  "parameters": []
}
--- Response ---
{
  "status": 500,
  "body": "{\"timestamp\":\"2025-10-02T12:21:18.180+0000\",\"status\":999,\"error\":\"None\",\"message\":\"No message available\"}",
  "headers": {
    "X-Content-Type-Options": "nosniff",
    "X-XSS-Protection": "1; mode=block",
    "Cache-Control": "no-cache, no-store, max-age=0, must-revalidate",
    "Pragma": "no-cache",
    "Expires": "0",
    "X-Frame-Options": "DENY",
    "Content-Type": "application/json",
    "Transfer-Encoding": "chunked",
    "Date": "Thu, 02 Oct 2025 12:21:17 GMT",
    "Connection": "close"
  }
}
-----------------------------

Reason: ❗ Undeclared status code: 500
--- Request ---
{
  "method": "POST",
  "url": "/error",
  "headers": {
    "Content-Type": "application/json"
  },
  "body": null,
  "parameters": []
}
--- Response ---
{
  "status": 500,
  "body": "{\"timestamp\":\"2025-10-02T12:21:18.902+0000\",\"status\":999,\"error\":\"None\",\"message\":\"No message available\"}",
  "headers": {
    "X-Content-Type-Options": "nosniff",
    "X-XSS-Protection": "1; mode=block",
    "Cache-Control": "no-cache, no-store, max-age=0, must-revalidate",
    "Pragma": "no-cache",
    "Expires": "0",
    "X-Frame-Options": "DENY",
    "Content-Type": "application/json",
    "Transfer-Encoding": "chunked",
    "Date": "Thu, 02 Oct 2025 12:21:17 GMT",
    "Connection": "close"
  }
}
-----------------------------

Reason: ❗ Undeclared status code: 400
--- Request ---
{
  "method": "POST",
  "url": "/api/visits",
  "headers": {
    "Content-Type": "application/json"
  },
  "body": {
    "date": "yyyy/MM/dd"
  },
  "parameters": [
    {
      "in": "body",
      "name": "visit",
      "description": "visit",
      "required": true,
      "schema": {
        "$ref": "#/definitions/Visit"
      }
    }
  ]
}
--- Response ---
{
  "status": 400,
  "body": "{\"className\":\"java.lang.NullPointerException\",\"exMessage\":null}",
  "headers": {
    "Vary": "Origin, Access-Control-Request-Method, Access-Control-Request-Headers",
    "X-Content-Type-Options": "nosniff",
    "X-XSS-Protection": "1; mode=block",
    "Cache-Control": "no-cache, no-store, max-age=0, must-revalidate",
    "Pragma": "no-cache",
    "Expires": "0",
    "X-Frame-Options": "DENY",
    "Content-Type": "text/plain;charset=UTF-8",
    "Content-Length": "63",
    "Date": "Thu, 02 Oct 2025 12:21:19 GMT",
    "Connection": "close"
  }
}
-----------------------------

Reason: ❗ Undeclared status code: 400
--- Request ---
{
  "method": "POST",
  "url": "/api/owners",
  "headers": {
    "Content-Type": "application/json"
  },
  "body": {
    "lastName": "example-string",
    "telephone": "example-string"
  }
}
--- Response ---
{
  "status": 400,
  "body": "{\"className\":\"java.lang.NullPointerException\",\"exMessage\":null}",
  "headers": {
    "Vary": "Origin, Access-Control-Request-Method, Access-Control-Request-Headers",
    "X-Content-Type-Options": "nosniff",
    "X-XSS-Protection": "1; mode=block",
    "Cache-Control": "no-cache, no-store, max-age=0, must-revalidate",
    "Pragma": "no-cache",
    "Expires": "0",
    "X-Frame-Options": "DENY",
    "Content-Type": "text/plain;charset=UTF-8",
    "Content-Length": "63",
    "Date": "Thu, 02 Oct 2025 12:21:19 GMT",
    "Connection": "close"
  }
}
-----------------------------

Reason: ❗ Undeclared status code: 400
--- Request ---
{
  "method": "PUT",
  "url": "/api/owners/24",
  "headers": {
    "Content-Type": "application/json"
  },
  "body": null,
  "parameters": [
    {
      "in": "body",
      "name": "owner",
      "description": "owner",
      "required": true,
      "schema": {
        "$ref": "#/definitions/Owner"
      }
    },
    {
      "name": "ownerId",
      "in": "path",
      "description": "ownerId",
      "required": true,
      "type": "integer",
      "format": "int32"
    }
  ]
}
--- Response ---
{
  "status": 400,
  "body": "{\"className\":\"org.springframework.http.converter.HttpMessageNotReadableException\",\"exMessage\":\"Required request body is missing: public org.springframework.http.ResponseEntity<org.springframework.samples.petclinic.model.Owner> org.springframework.samples.petclinic.rest.OwnerRestController.updateOwner(int,org.springframework.samples.petclinic.model.Owner,org.springframework.validation.BindingResult,org.springframework.web.util.UriComponentsBuilder)\"}",
  "headers": {
    "Vary": "Origin, Access-Control-Request-Method, Access-Control-Request-Headers",
    "X-Content-Type-Options": "nosniff",
    "X-XSS-Protection": "1; mode=block",
    "Cache-Control": "no-cache, no-store, max-age=0, must-revalidate",
    "Pragma": "no-cache",
    "Expires": "0",
    "X-Frame-Options": "DENY",
    "Content-Type": "text/plain;charset=UTF-8",
    "Content-Length": "453",
    "Date": "Thu, 02 Oct 2025 12:21:19 GMT",
    "Connection": "close"
  }
}
-----------------------------

Reason: ❗ Undeclared status code: 400
--- Request ---
{
  "method": "PUT",
  "url": "/api/pets/6",
  "headers": {
    "Content-Type": "application/json"
  },
  "body": null,
  "parameters": [
    {
      "in": "body",
      "name": "pet",
      "description": "pet",
      "required": true,
      "schema": {
        "$ref": "#/definitions/Pet"
      }
    },
    {
      "name": "petId",
      "in": "path",
      "description": "petId",
      "required": true,
      "type": "integer",
      "format": "int32"
    }
  ]
}
--- Response ---
{
  "status": 400,
  "body": "{\"className\":\"org.springframework.http.converter.HttpMessageNotReadableException\",\"exMessage\":\"Required request body is missing: public org.springframework.http.ResponseEntity<org.springframework.samples.petclinic.model.Pet> org.springframework.samples.petclinic.rest.PetRestController.updatePet(int,org.springframework.samples.petclinic.model.Pet,org.springframework.validation.BindingResult)\"}",
  "headers": {
    "Vary": "Origin, Access-Control-Request-Method, Access-Control-Request-Headers",
    "X-Content-Type-Options": "nosniff",
    "X-XSS-Protection": "1; mode=block",
    "Cache-Control": "no-cache, no-store, max-age=0, must-revalidate",
    "Pragma": "no-cache",
    "Expires": "0",
    "X-Frame-Options": "DENY",
    "Content-Type": "text/plain;charset=UTF-8",
    "Content-Length": "395",
    "Date": "Thu, 02 Oct 2025 12:21:19 GMT",
    "Connection": "close"
  }
}
-----------------------------

Reason: ❗ Undeclared status code: 400
--- Request ---
{
  "method": "POST",
  "url": "/api/owners",
  "headers": {
    "Content-Type": "application/json"
  },
  "body": {
    "telephone": "example-string",
    "address": "example-string"
  }
}
--- Response ---
{
  "status": 400,
  "body": "{\"className\":\"java.lang.NullPointerException\",\"exMessage\":null}",
  "headers": {
    "Vary": "Origin, Access-Control-Request-Method, Access-Control-Request-Headers",
    "X-Content-Type-Options": "nosniff",
    "X-XSS-Protection": "1; mode=block",
    "Cache-Control": "no-cache, no-store, max-age=0, must-revalidate",
    "Pragma": "no-cache",
    "Expires": "0",
    "X-Frame-Options": "DENY",
    "Content-Type": "text/plain;charset=UTF-8",
    "Content-Length": "63",
    "Date": "Thu, 02 Oct 2025 12:21:19 GMT",
    "Connection": "close"
  }
}
-----------------------------

Reason: ❗ Undeclared status code: 400
--- Request ---
{
  "method": "PUT",
  "url": "/api/pets/14",
  "headers": {
    "Content-Type": "application/json"
  },
  "body": null,
  "parameters": [
    {
      "in": "body",
      "name": "pet",
      "description": "pet",
      "required": true,
      "schema": {
        "$ref": "#/definitions/Pet"
      }
    },
    {
      "name": "petId",
      "in": "path",
      "description": "petId",
      "required": true,
      "type": "integer",
      "format": "int32"
    }
  ]
}
--- Response ---
{
  "status": 400,
  "body": "{\"className\":\"org.springframework.http.converter.HttpMessageNotReadableException\",\"exMessage\":\"Required request body is missing: public org.springframework.http.ResponseEntity<org.springframework.samples.petclinic.model.Pet> org.springframework.samples.petclinic.rest.PetRestController.updatePet(int,org.springframework.samples.petclinic.model.Pet,org.springframework.validation.BindingResult)\"}",
  "headers": {
    "Vary": "Origin, Access-Control-Request-Method, Access-Control-Request-Headers",
    "X-Content-Type-Options": "nosniff",
    "X-XSS-Protection": "1; mode=block",
    "Cache-Control": "no-cache, no-store, max-age=0, must-revalidate",
    "Pragma": "no-cache",
    "Expires": "0",
    "X-Frame-Options": "DENY",
    "Content-Type": "text/plain;charset=UTF-8",
    "Content-Length": "395",
    "Date": "Thu, 02 Oct 2025 12:21:20 GMT",
    "Connection": "close"
  }
}
-----------------------------

Reason: ❗ Undeclared status code: 400
--- Request ---
{
  "method": "POST",
  "url": "/api/owners",
  "headers": {
    "Content-Type": "application/json"
  },
  "body": {
    "lastName": "qfZ5xm3USPpWjW9CSBouAAOuMRSEaFi7t9qkD0ujWq6UxwGd8b"
  }
}
--- Response ---
{
  "status": 400,
  "body": "{\"className\":\"java.lang.NullPointerException\",\"exMessage\":null}",
  "headers": {
    "Vary": "Origin, Access-Control-Request-Method, Access-Control-Request-Headers",
    "X-Content-Type-Options": "nosniff",
    "X-XSS-Protection": "1; mode=block",
    "Cache-Control": "no-cache, no-store, max-age=0, must-revalidate",
    "Pragma": "no-cache",
    "Expires": "0",
    "X-Frame-Options": "DENY",
    "Content-Type": "text/plain;charset=UTF-8",
    "Content-Length": "63",
    "Date": "Thu, 02 Oct 2025 12:21:21 GMT",
    "Connection": "close"
  }
}
-----------------------------

Reason: ❗ Undeclared status code: 400
--- Request ---
{
  "method": "PUT",
  "url": "/api/specialties/24",
  "headers": {
    "Content-Type": "application/json"
  },
  "body": null,
  "parameters": [
    {
      "in": "body",
      "name": "specialty",
      "description": "specialty",
      "required": true,
      "schema": {
        "$ref": "#/definitions/Specialty"
      }
    },
    {
      "name": "specialtyId",
      "in": "path",
      "description": "specialtyId",
      "required": true,
      "type": "integer",
      "format": "int32"
    }
  ]
}
--- Response ---
{
  "status": 400,
  "body": "{\"className\":\"org.springframework.http.converter.HttpMessageNotReadableException\",\"exMessage\":\"Required request body is missing: public org.springframework.http.ResponseEntity<org.springframework.samples.petclinic.model.Specialty> org.springframework.samples.petclinic.rest.SpecialtyRestController.updateSpecialty(int,org.springframework.samples.petclinic.model.Specialty,org.springframework.validation.BindingResult)\"}",
  "headers": {
    "Vary": "Origin, Access-Control-Request-Method, Access-Control-Request-Headers",
    "X-Content-Type-Options": "nosniff",
    "X-XSS-Protection": "1; mode=block",
    "Cache-Control": "no-cache, no-store, max-age=0, must-revalidate",
    "Pragma": "no-cache",
    "Expires": "0",
    "X-Frame-Options": "DENY",
    "Content-Type": "text/plain;charset=UTF-8",
    "Content-Length": "419",
    "Date": "Thu, 02 Oct 2025 12:21:21 GMT",
    "Connection": "close"
  }
}
-----------------------------

Reason: ❗ Undeclared status code: 500
--- Request ---
{
  "method": "HEAD",
  "url": "/error",
  "headers": {
    "Content-Type": "application/json"
  },
  "body": null,
  "parameters": []
}
--- Response ---
{
  "status": 500,
  "body": "",
  "headers": {
    "X-Content-Type-Options": "nosniff",
    "X-XSS-Protection": "1; mode=block",
    "Cache-Control": "no-cache, no-store, max-age=0, must-revalidate",
    "Pragma": "no-cache",
    "Expires": "0",
    "X-Frame-Options": "DENY",
    "Content-Type": "application/json",
    "Transfer-Encoding": "chunked",
    "Date": "Thu, 02 Oct 2025 12:21:22 GMT",
    "Connection": "close"
  }
}
-----------------------------

Reason: ❗ Undeclared status code: 400
--- Request ---
{
  "method": "PUT",
  "url": "/api/visits/12",
  "headers": {
    "Content-Type": "application/json"
  },
  "body": null,
  "parameters": [
    {
      "in": "body",
      "name": "visit",
      "description": "visit",
      "required": true,
      "schema": {
        "$ref": "#/definitions/Visit"
      }
    },
    {
      "name": "visitId",
      "in": "path",
      "description": "visitId",
      "required": true,
      "type": "integer",
      "format": "int32"
    }
  ]
}
--- Response ---
{
  "status": 400,
  "body": "{\"className\":\"org.springframework.http.converter.HttpMessageNotReadableException\",\"exMessage\":\"Required request body is missing: public org.springframework.http.ResponseEntity<org.springframework.samples.petclinic.model.Visit> org.springframework.samples.petclinic.rest.VisitRestController.updateVisit(int,org.springframework.samples.petclinic.model.Visit,org.springframework.validation.BindingResult)\"}",
  "headers": {
    "Vary": "Origin, Access-Control-Request-Method, Access-Control-Request-Headers",
    "X-Content-Type-Options": "nosniff",
    "X-XSS-Protection": "1; mode=block",
    "Cache-Control": "no-cache, no-store, max-age=0, must-revalidate",
    "Pragma": "no-cache",
    "Expires": "0",
    "X-Frame-Options": "DENY",
    "Content-Type": "text/plain;charset=UTF-8",
    "Content-Length": "403",
    "Date": "Thu, 02 Oct 2025 12:21:22 GMT",
    "Connection": "close"
  }
}
-----------------------------

Reason: ❗ Undeclared status code: 500
--- Request ---
{
  "method": "POST",
  "url": "/error",
  "headers": {
    "Content-Type": "application/json"
  },
  "body": null,
  "parameters": []
}
--- Response ---
{
  "status": 500,
  "body": "{\"timestamp\":\"2025-10-02T12:21:24.184+0000\",\"status\":999,\"error\":\"None\",\"message\":\"No message available\"}",
  "headers": {
    "X-Content-Type-Options": "nosniff",
    "X-XSS-Protection": "1; mode=block",
    "Cache-Control": "no-cache, no-store, max-age=0, must-revalidate",
    "Pragma": "no-cache",
    "Expires": "0",
    "X-Frame-Options": "DENY",
    "Content-Type": "application/json",
    "Transfer-Encoding": "chunked",
    "Date": "Thu, 02 Oct 2025 12:21:23 GMT",
    "Connection": "close"
  }
}
-----------------------------

Reason: ❗ Undeclared status code: 400
--- Request ---
{
  "method": "PUT",
  "url": "/api/vets/10",
  "headers": {
    "Content-Type": "application/json"
  },
  "body": null,
  "parameters": [
    {
      "in": "body",
      "name": "vet",
      "description": "vet",
      "required": true,
      "schema": {
        "$ref": "#/definitions/Vet"
      }
    },
    {
      "name": "vetId",
      "in": "path",
      "description": "vetId",
      "required": true,
      "type": "integer",
      "format": "int32"
    }
  ]
}
--- Response ---
{
  "status": 400,
  "body": "{\"className\":\"org.springframework.http.converter.HttpMessageNotReadableException\",\"exMessage\":\"Required request body is missing: public org.springframework.http.ResponseEntity<org.springframework.samples.petclinic.model.Vet> org.springframework.samples.petclinic.rest.VetRestController.updateVet(int,org.springframework.samples.petclinic.model.Vet,org.springframework.validation.BindingResult)\"}",
  "headers": {
    "Vary": "Origin, Access-Control-Request-Method, Access-Control-Request-Headers",
    "X-Content-Type-Options": "nosniff",
    "X-XSS-Protection": "1; mode=block",
    "Cache-Control": "no-cache, no-store, max-age=0, must-revalidate",
    "Pragma": "no-cache",
    "Expires": "0",
    "X-Frame-Options": "DENY",
    "Content-Type": "text/plain;charset=UTF-8",
    "Content-Length": "395",
    "Date": "Thu, 02 Oct 2025 12:21:23 GMT",
    "Connection": "close"
  }
}
-----------------------------

Reason: ❗ Undeclared status code: 500
--- Request ---
{
  "method": "POST",
  "url": "/error",
  "headers": {
    "Content-Type": "application/json"
  },
  "body": null,
  "parameters": []
}
--- Response ---
{
  "status": 500,
  "body": "{\"timestamp\":\"2025-10-02T12:21:24.912+0000\",\"status\":999,\"error\":\"None\",\"message\":\"No message available\"}",
  "headers": {
    "X-Content-Type-Options": "nosniff",
    "X-XSS-Protection": "1; mode=block",
    "Cache-Control": "no-cache, no-store, max-age=0, must-revalidate",
    "Pragma": "no-cache",
    "Expires": "0",
    "X-Frame-Options": "DENY",
    "Content-Type": "application/json",
    "Transfer-Encoding": "chunked",
    "Date": "Thu, 02 Oct 2025 12:21:24 GMT",
    "Connection": "close"
  }
}
-----------------------------

Reason: ❗ Undeclared status code: 400
--- Request ---
{
  "method": "POST",
  "url": "/api/owners",
  "headers": {
    "Content-Type": "application/json"
  },
  "body": {
    "lastName": "example-string",
    "pets": [
      {
        "birthDate": "2025-01-01T00:00:00Z",
        "id": 123,
        "name": "example-string",
        "owner": "fallback",
        "type": {
          "id": 123,
          "name": "example-string"
        },
        "visits": [
          {
            "date": "yyyy/MM/dd",
            "description": "example-string",
            "id": 123,
            "pet": "fallback"
          }
        ]
      }
    ]
  }
}
--- Response ---
{
  "status": 400,
  "body": "{\"className\":\"java.lang.NullPointerException\",\"exMessage\":null}",
  "headers": {
    "Vary": "Origin, Access-Control-Request-Method, Access-Control-Request-Headers",
    "X-Content-Type-Options": "nosniff",
    "X-XSS-Protection": "1; mode=block",
    "Cache-Control": "no-cache, no-store, max-age=0, must-revalidate",
    "Pragma": "no-cache",
    "Expires": "0",
    "X-Frame-Options": "DENY",
    "Content-Type": "text/plain;charset=UTF-8",
    "Content-Length": "63",
    "Date": "Thu, 02 Oct 2025 12:21:26 GMT",
    "Connection": "close"
  }
}
-----------------------------

Reason: ❗ Undeclared status code: 400
--- Request ---
{
  "method": "PUT",
  "url": "/api/pets/19",
  "headers": {
    "Content-Type": "application/json"
  },
  "body": null,
  "parameters": [
    {
      "in": "body",
      "name": "pet",
      "description": "pet",
      "required": true,
      "schema": {
        "$ref": "#/definitions/Pet"
      }
    },
    {
      "name": "petId",
      "in": "path",
      "description": "petId",
      "required": true,
      "type": "integer",
      "format": "int32"
    }
  ]
}
--- Response ---
{
  "status": 400,
  "body": "{\"className\":\"org.springframework.http.converter.HttpMessageNotReadableException\",\"exMessage\":\"Required request body is missing: public org.springframework.http.ResponseEntity<org.springframework.samples.petclinic.model.Pet> org.springframework.samples.petclinic.rest.PetRestController.updatePet(int,org.springframework.samples.petclinic.model.Pet,org.springframework.validation.BindingResult)\"}",
  "headers": {
    "Vary": "Origin, Access-Control-Request-Method, Access-Control-Request-Headers",
    "X-Content-Type-Options": "nosniff",
    "X-XSS-Protection": "1; mode=block",
    "Cache-Control": "no-cache, no-store, max-age=0, must-revalidate",
    "Pragma": "no-cache",
    "Expires": "0",
    "X-Frame-Options": "DENY",
    "Content-Type": "text/plain;charset=UTF-8",
    "Content-Length": "395",
    "Date": "Thu, 02 Oct 2025 12:21:26 GMT",
    "Connection": "close"
  }
}
-----------------------------

Reason: ❗ Undeclared status code: 500
--- Request ---
{
  "method": "PUT",
  "url": "/error",
  "headers": {
    "Content-Type": "application/json"
  },
  "body": null,
  "parameters": []
}
--- Response ---
{
  "status": 500,
  "body": "{\"timestamp\":\"2025-10-02T12:21:26.912+0000\",\"status\":999,\"error\":\"None\",\"message\":\"No message available\"}",
  "headers": {
    "X-Content-Type-Options": "nosniff",
    "X-XSS-Protection": "1; mode=block",
    "Cache-Control": "no-cache, no-store, max-age=0, must-revalidate",
    "Pragma": "no-cache",
    "Expires": "0",
    "X-Frame-Options": "DENY",
    "Content-Type": "application/json",
    "Transfer-Encoding": "chunked",
    "Date": "Thu, 02 Oct 2025 12:21:26 GMT",
    "Connection": "close"
  }
}
-----------------------------

Reason: ❗ Undeclared status code: 400
--- Request ---
{
  "method": "PUT",
  "url": "/api/specialties/6",
  "headers": {
    "Content-Type": "application/json"
  },
  "body": null,
  "parameters": [
    {
      "in": "body",
      "name": "specialty",
      "description": "specialty",
      "required": true,
      "schema": {
        "$ref": "#/definitions/Specialty"
      }
    },
    {
      "name": "specialtyId",
      "in": "path",
      "description": "specialtyId",
      "required": true,
      "type": "integer",
      "format": "int32"
    }
  ]
}
--- Response ---
{
  "status": 400,
  "body": "{\"className\":\"org.springframework.http.converter.HttpMessageNotReadableException\",\"exMessage\":\"Required request body is missing: public org.springframework.http.ResponseEntity<org.springframework.samples.petclinic.model.Specialty> org.springframework.samples.petclinic.rest.SpecialtyRestController.updateSpecialty(int,org.springframework.samples.petclinic.model.Specialty,org.springframework.validation.BindingResult)\"}",
  "headers": {
    "Vary": "Origin, Access-Control-Request-Method, Access-Control-Request-Headers",
    "X-Content-Type-Options": "nosniff",
    "X-XSS-Protection": "1; mode=block",
    "Cache-Control": "no-cache, no-store, max-age=0, must-revalidate",
    "Pragma": "no-cache",
    "Expires": "0",
    "X-Frame-Options": "DENY",
    "Content-Type": "text/plain;charset=UTF-8",
    "Content-Length": "419",
    "Date": "Thu, 02 Oct 2025 12:21:27 GMT",
    "Connection": "close"
  }
}
-----------------------------

Reason: ❗ Undeclared status code: 400
--- Request ---
{
  "method": "PUT",
  "url": "/api/pets/10",
  "headers": {
    "Content-Type": "application/json"
  },
  "body": null,
  "parameters": [
    {
      "in": "body",
      "name": "pet",
      "description": "pet",
      "required": true,
      "schema": {
        "$ref": "#/definitions/Pet"
      }
    },
    {
      "name": "petId",
      "in": "path",
      "description": "petId",
      "required": true,
      "type": "integer",
      "format": "int32"
    }
  ]
}
--- Response ---
{
  "status": 400,
  "body": "{\"className\":\"org.springframework.http.converter.HttpMessageNotReadableException\",\"exMessage\":\"Required request body is missing: public org.springframework.http.ResponseEntity<org.springframework.samples.petclinic.model.Pet> org.springframework.samples.petclinic.rest.PetRestController.updatePet(int,org.springframework.samples.petclinic.model.Pet,org.springframework.validation.BindingResult)\"}",
  "headers": {
    "Vary": "Origin, Access-Control-Request-Method, Access-Control-Request-Headers",
    "X-Content-Type-Options": "nosniff",
    "X-XSS-Protection": "1; mode=block",
    "Cache-Control": "no-cache, no-store, max-age=0, must-revalidate",
    "Pragma": "no-cache",
    "Expires": "0",
    "X-Frame-Options": "DENY",
    "Content-Type": "text/plain;charset=UTF-8",
    "Content-Length": "395",
    "Date": "Thu, 02 Oct 2025 12:21:27 GMT",
    "Connection": "close"
  }
}
-----------------------------

Reason: ❗ Undeclared status code: 500
--- Request ---
{
  "method": "GET",
  "url": "/error",
  "headers": {
    "Content-Type": "application/json"
  },
  "body": null,
  "parameters": []
}
--- Response ---
{
  "status": 500,
  "body": "{\"timestamp\":\"2025-10-02T12:21:28.631+0000\",\"status\":999,\"error\":\"None\",\"message\":\"No message available\"}",
  "headers": {
    "X-Content-Type-Options": "nosniff",
    "X-XSS-Protection": "1; mode=block",
    "Cache-Control": "no-cache, no-store, max-age=0, must-revalidate",
    "Pragma": "no-cache",
    "Expires": "0",
    "X-Frame-Options": "DENY",
    "Content-Type": "application/json",
    "Transfer-Encoding": "chunked",
    "Date": "Thu, 02 Oct 2025 12:21:28 GMT",
    "Connection": "close"
  }
}
-----------------------------

Reason: ❗ Undeclared status code: 500
--- Request ---
{
  "method": "PUT",
  "url": "/error",
  "headers": {
    "Content-Type": "application/json"
  },
  "body": null,
  "parameters": []
}
--- Response ---
{
  "status": 500,
  "body": "{\"timestamp\":\"2025-10-02T12:21:29.631+0000\",\"status\":999,\"error\":\"None\",\"message\":\"No message available\"}",
  "headers": {
    "X-Content-Type-Options": "nosniff",
    "X-XSS-Protection": "1; mode=block",
    "Cache-Control": "no-cache, no-store, max-age=0, must-revalidate",
    "Pragma": "no-cache",
    "Expires": "0",
    "X-Frame-Options": "DENY",
    "Content-Type": "application/json",
    "Transfer-Encoding": "chunked",
    "Date": "Thu, 02 Oct 2025 12:21:29 GMT",
    "Connection": "close"
  }
}
-----------------------------

Reason: ❗ Undeclared status code: 500
--- Request ---
{
  "method": "GET",
  "url": "/error",
  "headers": {
    "Content-Type": "application/json"
  },
  "body": null,
  "parameters": []
}
--- Response ---
{
  "status": 500,
  "body": "{\"timestamp\":\"2025-10-02T12:21:30.108+0000\",\"status\":999,\"error\":\"None\",\"message\":\"No message available\"}",
  "headers": {
    "X-Content-Type-Options": "nosniff",
    "X-XSS-Protection": "1; mode=block",
    "Cache-Control": "no-cache, no-store, max-age=0, must-revalidate",
    "Pragma": "no-cache",
    "Expires": "0",
    "X-Frame-Options": "DENY",
    "Content-Type": "application/json",
    "Transfer-Encoding": "chunked",
    "Date": "Thu, 02 Oct 2025 12:21:29 GMT",
    "Connection": "close"
  }
}
-----------------------------

Reason: ❗ Undeclared status code: 500
--- Request ---
{
  "method": "GET",
  "url": "/error",
  "headers": {
    "Content-Type": "application/json"
  },
  "body": null,
  "parameters": []
}
--- Response ---
{
  "status": 500,
  "body": "{\"timestamp\":\"2025-10-02T12:21:30.803+0000\",\"status\":999,\"error\":\"None\",\"message\":\"No message available\"}",
  "headers": {
    "X-Content-Type-Options": "nosniff",
    "X-XSS-Protection": "1; mode=block",
    "Cache-Control": "no-cache, no-store, max-age=0, must-revalidate",
    "Pragma": "no-cache",
    "Expires": "0",
    "X-Frame-Options": "DENY",
    "Content-Type": "application/json",
    "Transfer-Encoding": "chunked",
    "Date": "Thu, 02 Oct 2025 12:21:30 GMT",
    "Connection": "close"
  }
}
-----------------------------

Reason: ❗ Undeclared status code: 400
--- Request ---
{
  "method": "PUT",
  "url": "/api/owners/8",
  "headers": {
    "Content-Type": "application/json"
  },
  "body": null,
  "parameters": [
    {
      "in": "body",
      "name": "owner",
      "description": "owner",
      "required": true,
      "schema": {
        "$ref": "#/definitions/Owner"
      }
    },
    {
      "name": "ownerId",
      "in": "path",
      "description": "ownerId",
      "required": true,
      "type": "integer",
      "format": "int32"
    }
  ]
}
--- Response ---
{
  "status": 400,
  "body": "{\"className\":\"org.springframework.http.converter.HttpMessageNotReadableException\",\"exMessage\":\"Required request body is missing: public org.springframework.http.ResponseEntity<org.springframework.samples.petclinic.model.Owner> org.springframework.samples.petclinic.rest.OwnerRestController.updateOwner(int,org.springframework.samples.petclinic.model.Owner,org.springframework.validation.BindingResult,org.springframework.web.util.UriComponentsBuilder)\"}",
  "headers": {
    "Vary": "Origin, Access-Control-Request-Method, Access-Control-Request-Headers",
    "X-Content-Type-Options": "nosniff",
    "X-XSS-Protection": "1; mode=block",
    "Cache-Control": "no-cache, no-store, max-age=0, must-revalidate",
    "Pragma": "no-cache",
    "Expires": "0",
    "X-Frame-Options": "DENY",
    "Content-Type": "text/plain;charset=UTF-8",
    "Content-Length": "453",
    "Date": "Thu, 02 Oct 2025 12:21:30 GMT",
    "Connection": "close"
  }
}
-----------------------------

Reason: ❗ Undeclared status code: 500
--- Request ---
{
  "method": "POST",
  "url": "/error",
  "headers": {
    "Content-Type": "application/json"
  },
  "body": null,
  "parameters": []
}
--- Response ---
{
  "status": 500,
  "body": "{\"timestamp\":\"2025-10-02T12:21:31.516+0000\",\"status\":999,\"error\":\"None\",\"message\":\"No message available\"}",
  "headers": {
    "X-Content-Type-Options": "nosniff",
    "X-XSS-Protection": "1; mode=block",
    "Cache-Control": "no-cache, no-store, max-age=0, must-revalidate",
    "Pragma": "no-cache",
    "Expires": "0",
    "X-Frame-Options": "DENY",
    "Content-Type": "application/json",
    "Transfer-Encoding": "chunked",
    "Date": "Thu, 02 Oct 2025 12:21:31 GMT",
    "Connection": "close"
  }
}
-----------------------------

Reason: ❗ Undeclared status code: 400
--- Request ---
{
  "method": "PUT",
  "url": "/api/specialties/9",
  "headers": {
    "Content-Type": "application/json"
  },
  "body": null,
  "parameters": [
    {
      "in": "body",
      "name": "specialty",
      "description": "specialty",
      "required": true,
      "schema": {
        "$ref": "#/definitions/Specialty"
      }
    },
    {
      "name": "specialtyId",
      "in": "path",
      "description": "specialtyId",
      "required": true,
      "type": "integer",
      "format": "int32"
    }
  ]
}
--- Response ---
{
  "status": 400,
  "body": "{\"className\":\"org.springframework.http.converter.HttpMessageNotReadableException\",\"exMessage\":\"Required request body is missing: public org.springframework.http.ResponseEntity<org.springframework.samples.petclinic.model.Specialty> org.springframework.samples.petclinic.rest.SpecialtyRestController.updateSpecialty(int,org.springframework.samples.petclinic.model.Specialty,org.springframework.validation.BindingResult)\"}",
  "headers": {
    "Vary": "Origin, Access-Control-Request-Method, Access-Control-Request-Headers",
    "X-Content-Type-Options": "nosniff",
    "X-XSS-Protection": "1; mode=block",
    "Cache-Control": "no-cache, no-store, max-age=0, must-revalidate",
    "Pragma": "no-cache",
    "Expires": "0",
    "X-Frame-Options": "DENY",
    "Content-Type": "text/plain;charset=UTF-8",
    "Content-Length": "419",
    "Date": "Thu, 02 Oct 2025 12:21:31 GMT",
    "Connection": "close"
  }
}
-----------------------------

Reason: ❗ Undeclared status code: 400
--- Request ---
{
  "method": "PUT",
  "url": "/api/vets/10",
  "headers": {
    "Content-Type": "application/json"
  },
  "body": null,
  "parameters": [
    {
      "in": "body",
      "name": "vet",
      "description": "vet",
      "required": true,
      "schema": {
        "$ref": "#/definitions/Vet"
      }
    },
    {
      "name": "vetId",
      "in": "path",
      "description": "vetId",
      "required": true,
      "type": "integer",
      "format": "int32"
    }
  ]
}
--- Response ---
{
  "status": 400,
  "body": "{\"className\":\"org.springframework.http.converter.HttpMessageNotReadableException\",\"exMessage\":\"Required request body is missing: public org.springframework.http.ResponseEntity<org.springframework.samples.petclinic.model.Vet> org.springframework.samples.petclinic.rest.VetRestController.updateVet(int,org.springframework.samples.petclinic.model.Vet,org.springframework.validation.BindingResult)\"}",
  "headers": {
    "Vary": "Origin, Access-Control-Request-Method, Access-Control-Request-Headers",
    "X-Content-Type-Options": "nosniff",
    "X-XSS-Protection": "1; mode=block",
    "Cache-Control": "no-cache, no-store, max-age=0, must-revalidate",
    "Pragma": "no-cache",
    "Expires": "0",
    "X-Frame-Options": "DENY",
    "Content-Type": "text/plain;charset=UTF-8",
    "Content-Length": "395",
    "Date": "Thu, 02 Oct 2025 12:21:31 GMT",
    "Connection": "close"
  }
}
-----------------------------

Reason: ❗ Undeclared status code: 400
--- Request ---
{
  "method": "PUT",
  "url": "/api/pets/19",
  "headers": {
    "Content-Type": "application/json"
  },
  "body": null,
  "parameters": [
    {
      "in": "body",
      "name": "pet",
      "description": "pet",
      "required": true,
      "schema": {
        "$ref": "#/definitions/Pet"
      }
    },
    {
      "name": "petId",
      "in": "path",
      "description": "petId",
      "required": true,
      "type": "integer",
      "format": "int32"
    }
  ]
}
--- Response ---
{
  "status": 400,
  "body": "{\"className\":\"org.springframework.http.converter.HttpMessageNotReadableException\",\"exMessage\":\"Required request body is missing: public org.springframework.http.ResponseEntity<org.springframework.samples.petclinic.model.Pet> org.springframework.samples.petclinic.rest.PetRestController.updatePet(int,org.springframework.samples.petclinic.model.Pet,org.springframework.validation.BindingResult)\"}",
  "headers": {
    "Vary": "Origin, Access-Control-Request-Method, Access-Control-Request-Headers",
    "X-Content-Type-Options": "nosniff",
    "X-XSS-Protection": "1; mode=block",
    "Cache-Control": "no-cache, no-store, max-age=0, must-revalidate",
    "Pragma": "no-cache",
    "Expires": "0",
    "X-Frame-Options": "DENY",
    "Content-Type": "text/plain;charset=UTF-8",
    "Content-Length": "395",
    "Date": "Thu, 02 Oct 2025 12:21:32 GMT",
    "Connection": "close"
  }
}
-----------------------------

Reason: ❗ Undeclared status code: 400
--- Request ---
{
  "method": "DELETE",
  "url": "/api/specialties/2",
  "headers": {
    "Content-Type": "application/json"
  },
  "body": null,
  "parameters": [
    {
      "name": "specialtyId",
      "in": "path",
      "description": "specialtyId",
      "required": true,
      "type": "integer",
      "format": "int32"
    }
  ]
}
--- Response ---
{
  "status": 400,
  "body": "{\"className\":\"org.springframework.dao.DataIntegrityViolationException\",\"exMessage\":\"could not execute statement; SQL [n/a]; constraint [null]; nested exception is org.hibernate.exception.ConstraintViolationException: could not execute statement\"}",
  "headers": {
    "Vary": "Origin, Access-Control-Request-Method, Access-Control-Request-Headers",
    "X-Content-Type-Options": "nosniff",
    "X-XSS-Protection": "1; mode=block",
    "Cache-Control": "no-cache, no-store, max-age=0, must-revalidate",
    "Pragma": "no-cache",
    "Expires": "0",
    "X-Frame-Options": "DENY",
    "Content-Type": "text/plain;charset=UTF-8",
    "Content-Length": "246",
    "Date": "Thu, 02 Oct 2025 12:21:34 GMT",
    "Connection": "close"
  }
}
-----------------------------

Reason: ❗ Undeclared status code: 400
--- Request ---
{
  "method": "PUT",
  "url": "/api/specialties/24",
  "headers": {
    "Content-Type": "application/json"
  },
  "body": null,
  "parameters": [
    {
      "in": "body",
      "name": "specialty",
      "description": "specialty",
      "required": true,
      "schema": {
        "$ref": "#/definitions/Specialty"
      }
    },
    {
      "name": "specialtyId",
      "in": "path",
      "description": "specialtyId",
      "required": true,
      "type": "integer",
      "format": "int32"
    }
  ]
}
--- Response ---
{
  "status": 400,
  "body": "{\"className\":\"org.springframework.http.converter.HttpMessageNotReadableException\",\"exMessage\":\"Required request body is missing: public org.springframework.http.ResponseEntity<org.springframework.samples.petclinic.model.Specialty> org.springframework.samples.petclinic.rest.SpecialtyRestController.updateSpecialty(int,org.springframework.samples.petclinic.model.Specialty,org.springframework.validation.BindingResult)\"}",
  "headers": {
    "Vary": "Origin, Access-Control-Request-Method, Access-Control-Request-Headers",
    "X-Content-Type-Options": "nosniff",
    "X-XSS-Protection": "1; mode=block",
    "Cache-Control": "no-cache, no-store, max-age=0, must-revalidate",
    "Pragma": "no-cache",
    "Expires": "0",
    "X-Frame-Options": "DENY",
    "Content-Type": "text/plain;charset=UTF-8",
    "Content-Length": "419",
    "Date": "Thu, 02 Oct 2025 12:21:34 GMT",
    "Connection": "close"
  }
}
-----------------------------

Reason: ❗ Undeclared status code: 400
--- Request ---
{
  "method": "PUT",
  "url": "/api/pets/19",
  "headers": {
    "Content-Type": "application/json"
  },
  "body": null,
  "parameters": [
    {
      "in": "body",
      "name": "pet",
      "description": "pet",
      "required": true,
      "schema": {
        "$ref": "#/definitions/Pet"
      }
    },
    {
      "name": "petId",
      "in": "path",
      "description": "petId",
      "required": true,
      "type": "integer",
      "format": "int32"
    }
  ]
}
--- Response ---
{
  "status": 400,
  "body": "{\"className\":\"org.springframework.http.converter.HttpMessageNotReadableException\",\"exMessage\":\"Required request body is missing: public org.springframework.http.ResponseEntity<org.springframework.samples.petclinic.model.Pet> org.springframework.samples.petclinic.rest.PetRestController.updatePet(int,org.springframework.samples.petclinic.model.Pet,org.springframework.validation.BindingResult)\"}",
  "headers": {
    "Vary": "Origin, Access-Control-Request-Method, Access-Control-Request-Headers",
    "X-Content-Type-Options": "nosniff",
    "X-XSS-Protection": "1; mode=block",
    "Cache-Control": "no-cache, no-store, max-age=0, must-revalidate",
    "Pragma": "no-cache",
    "Expires": "0",
    "X-Frame-Options": "DENY",
    "Content-Type": "text/plain;charset=UTF-8",
    "Content-Length": "395",
    "Date": "Thu, 02 Oct 2025 12:21:34 GMT",
    "Connection": "close"
  }
}
-----------------------------

Reason: ❗ Undeclared status code: 500
--- Request ---
{
  "method": "GET",
  "url": "/error",
  "headers": {
    "Content-Type": "application/json"
  },
  "body": null,
  "parameters": []
}
--- Response ---
{
  "status": 500,
  "body": "{\"timestamp\":\"2025-10-02T12:21:35.660+0000\",\"status\":999,\"error\":\"None\",\"message\":\"No message available\"}",
  "headers": {
    "X-Content-Type-Options": "nosniff",
    "X-XSS-Protection": "1; mode=block",
    "Cache-Control": "no-cache, no-store, max-age=0, must-revalidate",
    "Pragma": "no-cache",
    "Expires": "0",
    "X-Frame-Options": "DENY",
    "Content-Type": "application/json",
    "Transfer-Encoding": "chunked",
    "Date": "Thu, 02 Oct 2025 12:21:34 GMT",
    "Connection": "close"
  }
}
-----------------------------

Reason: ❗ Undeclared status code: 400
--- Request ---
{
  "method": "PUT",
  "url": "/api/vets/10",
  "headers": {
    "Content-Type": "application/json"
  },
  "body": null,
  "parameters": [
    {
      "in": "body",
      "name": "vet",
      "description": "vet",
      "required": true,
      "schema": {
        "$ref": "#/definitions/Vet"
      }
    },
    {
      "name": "vetId",
      "in": "path",
      "description": "vetId",
      "required": true,
      "type": "integer",
      "format": "int32"
    }
  ]
}
--- Response ---
{
  "status": 400,
  "body": "{\"className\":\"org.springframework.http.converter.HttpMessageNotReadableException\",\"exMessage\":\"Required request body is missing: public org.springframework.http.ResponseEntity<org.springframework.samples.petclinic.model.Vet> org.springframework.samples.petclinic.rest.VetRestController.updateVet(int,org.springframework.samples.petclinic.model.Vet,org.springframework.validation.BindingResult)\"}",
  "headers": {
    "Vary": "Origin, Access-Control-Request-Method, Access-Control-Request-Headers",
    "X-Content-Type-Options": "nosniff",
    "X-XSS-Protection": "1; mode=block",
    "Cache-Control": "no-cache, no-store, max-age=0, must-revalidate",
    "Pragma": "no-cache",
    "Expires": "0",
    "X-Frame-Options": "DENY",
    "Content-Type": "text/plain;charset=UTF-8",
    "Content-Length": "395",
    "Date": "Thu, 02 Oct 2025 12:21:35 GMT",
    "Connection": "close"
  }
}
-----------------------------

Reason: ❗ Undeclared status code: 400
--- Request ---
{
  "method": "PUT",
  "url": "/api/vets/10",
  "headers": {
    "Content-Type": "application/json"
  },
  "body": null,
  "parameters": [
    {
      "in": "body",
      "name": "vet",
      "description": "vet",
      "required": true,
      "schema": {
        "$ref": "#/definitions/Vet"
      }
    },
    {
      "name": "vetId",
      "in": "path",
      "description": "vetId",
      "required": true,
      "type": "integer",
      "format": "int32"
    }
  ]
}
--- Response ---
{
  "status": 400,
  "body": "{\"className\":\"org.springframework.http.converter.HttpMessageNotReadableException\",\"exMessage\":\"Required request body is missing: public org.springframework.http.ResponseEntity<org.springframework.samples.petclinic.model.Vet> org.springframework.samples.petclinic.rest.VetRestController.updateVet(int,org.springframework.samples.petclinic.model.Vet,org.springframework.validation.BindingResult)\"}",
  "headers": {
    "Vary": "Origin, Access-Control-Request-Method, Access-Control-Request-Headers",
    "X-Content-Type-Options": "nosniff",
    "X-XSS-Protection": "1; mode=block",
    "Cache-Control": "no-cache, no-store, max-age=0, must-revalidate",
    "Pragma": "no-cache",
    "Expires": "0",
    "X-Frame-Options": "DENY",
    "Content-Type": "text/plain;charset=UTF-8",
    "Content-Length": "395",
    "Date": "Thu, 02 Oct 2025 12:21:37 GMT",
    "Connection": "close"
  }
}
-----------------------------

Reason: ❗ Undeclared status code: 400
--- Request ---
{
  "method": "POST",
  "url": "/api/vets",
  "headers": {
    "Content-Type": "application/json"
  },
  "body": {
    "id": 123
  },
  "parameters": [
    {
      "in": "body",
      "name": "vet",
      "description": "vet",
      "required": true,
      "schema": {
        "$ref": "#/definitions/Vet"
      }
    }
  ]
}
--- Response ---
{
  "status": 400,
  "body": "",
  "headers": {
    "Vary": "Origin, Access-Control-Request-Method, Access-Control-Request-Headers",
    "errors": "[{\"objectName\":\"vet\",\"fieldName\":\"lastName\",\"fieldValue\":\"null\",\"errorMessage\":\"must not be empty\"},{\"objectName\":\"vet\",\"fieldName\":\"firstName\",\"fieldValue\":\"null\",\"errorMessage\":\"must not be empty\"}]",
    "X-Content-Type-Options": "nosniff",
    "X-XSS-Protection": "1; mode=block",
    "Cache-Control": "no-cache, no-store, max-age=0, must-revalidate",
    "Pragma": "no-cache",
    "Expires": "0",
    "X-Frame-Options": "DENY",
    "Content-Length": "0",
    "Date": "Thu, 02 Oct 2025 12:21:38 GMT",
    "Connection": "close"
  }
}
-----------------------------

Reason: ❗ Undeclared status code: 500
--- Request ---
{
  "method": "POST",
  "url": "/error",
  "headers": {
    "Content-Type": "application/json"
  },
  "body": null,
  "parameters": []
}
--- Response ---
{
  "status": 500,
  "body": "{\"timestamp\":\"2025-10-02T12:21:39.682+0000\",\"status\":999,\"error\":\"None\",\"message\":\"No message available\"}",
  "headers": {
    "X-Content-Type-Options": "nosniff",
    "X-XSS-Protection": "1; mode=block",
    "Cache-Control": "no-cache, no-store, max-age=0, must-revalidate",
    "Pragma": "no-cache",
    "Expires": "0",
    "X-Frame-Options": "DENY",
    "Content-Type": "application/json",
    "Transfer-Encoding": "chunked",
    "Date": "Thu, 02 Oct 2025 12:21:39 GMT",
    "Connection": "close"
  }
}
-----------------------------

Reason: ❗ Undeclared status code: 400
--- Request ---
{
  "method": "PUT",
  "url": "/api/pets/14",
  "headers": {
    "Content-Type": "application/json"
  },
  "body": null,
  "parameters": [
    {
      "in": "body",
      "name": "pet",
      "description": "pet",
      "required": true,
      "schema": {
        "$ref": "#/definitions/Pet"
      }
    },
    {
      "name": "petId",
      "in": "path",
      "description": "petId",
      "required": true,
      "type": "integer",
      "format": "int32"
    }
  ]
}
--- Response ---
{
  "status": 400,
  "body": "{\"className\":\"org.springframework.http.converter.HttpMessageNotReadableException\",\"exMessage\":\"Required request body is missing: public org.springframework.http.ResponseEntity<org.springframework.samples.petclinic.model.Pet> org.springframework.samples.petclinic.rest.PetRestController.updatePet(int,org.springframework.samples.petclinic.model.Pet,org.springframework.validation.BindingResult)\"}",
  "headers": {
    "Vary": "Origin, Access-Control-Request-Method, Access-Control-Request-Headers",
    "X-Content-Type-Options": "nosniff",
    "X-XSS-Protection": "1; mode=block",
    "Cache-Control": "no-cache, no-store, max-age=0, must-revalidate",
    "Pragma": "no-cache",
    "Expires": "0",
    "X-Frame-Options": "DENY",
    "Content-Type": "text/plain;charset=UTF-8",
    "Content-Length": "395",
    "Date": "Thu, 02 Oct 2025 12:21:39 GMT",
    "Connection": "close"
  }
}
-----------------------------

Reason: ❗ Undeclared status code: 500
--- Request ---
{
  "method": "PUT",
  "url": "/error",
  "headers": {
    "Content-Type": "application/json"
  },
  "body": null,
  "parameters": []
}
--- Response ---
{
  "status": 500,
  "body": "{\"timestamp\":\"2025-10-02T12:21:40.374+0000\",\"status\":999,\"error\":\"None\",\"message\":\"No message available\"}",
  "headers": {
    "X-Content-Type-Options": "nosniff",
    "X-XSS-Protection": "1; mode=block",
    "Cache-Control": "no-cache, no-store, max-age=0, must-revalidate",
    "Pragma": "no-cache",
    "Expires": "0",
    "X-Frame-Options": "DENY",
    "Content-Type": "application/json",
    "Transfer-Encoding": "chunked",
    "Date": "Thu, 02 Oct 2025 12:21:40 GMT",
    "Connection": "close"
  }
}
-----------------------------

Reason: ❗ Undeclared status code: 500
--- Request ---
{
  "method": "GET",
  "url": "/error",
  "headers": {
    "Content-Type": "application/json"
  },
  "body": null,
  "parameters": []
}
--- Response ---
{
  "status": 500,
  "body": "{\"timestamp\":\"2025-10-02T12:21:40.831+0000\",\"status\":999,\"error\":\"None\",\"message\":\"No message available\"}",
  "headers": {
    "X-Content-Type-Options": "nosniff",
    "X-XSS-Protection": "1; mode=block",
    "Cache-Control": "no-cache, no-store, max-age=0, must-revalidate",
    "Pragma": "no-cache",
    "Expires": "0",
    "X-Frame-Options": "DENY",
    "Content-Type": "application/json",
    "Transfer-Encoding": "chunked",
    "Date": "Thu, 02 Oct 2025 12:21:40 GMT",
    "Connection": "close"
  }
}
-----------------------------

Reason: ❗ Undeclared status code: 400
--- Request ---
{
  "method": "POST",
  "url": "/api/pets",
  "headers": {
    "Content-Type": "application/json"
  },
  "body": {
    "name": "example-string",
    "type": {
      "id": 123,
      "name": "example-string"
    }
  }
}
--- Response ---
{
  "status": 400,
  "body": "{\"className\":\"java.lang.NullPointerException\",\"exMessage\":null}",
  "headers": {
    "Vary": "Origin, Access-Control-Request-Method, Access-Control-Request-Headers",
    "X-Content-Type-Options": "nosniff",
    "X-XSS-Protection": "1; mode=block",
    "Cache-Control": "no-cache, no-store, max-age=0, must-revalidate",
    "Pragma": "no-cache",
    "Expires": "0",
    "X-Frame-Options": "DENY",
    "Content-Type": "text/plain;charset=UTF-8",
    "Content-Length": "63",
    "Date": "Thu, 02 Oct 2025 12:21:41 GMT",
    "Connection": "close"
  }
}
-----------------------------

Reason: ❗ Undeclared status code: 400
--- Request ---
{
  "method": "PUT",
  "url": "/api/pets/19",
  "headers": {
    "Content-Type": "application/json"
  },
  "body": null,
  "parameters": [
    {
      "in": "body",
      "name": "pet",
      "description": "pet",
      "required": true,
      "schema": {
        "$ref": "#/definitions/Pet"
      }
    },
    {
      "name": "petId",
      "in": "path",
      "description": "petId",
      "required": true,
      "type": "integer",
      "format": "int32"
    }
  ]
}
--- Response ---
{
  "status": 400,
  "body": "{\"className\":\"org.springframework.http.converter.HttpMessageNotReadableException\",\"exMessage\":\"Required request body is missing: public org.springframework.http.ResponseEntity<org.springframework.samples.petclinic.model.Pet> org.springframework.samples.petclinic.rest.PetRestController.updatePet(int,org.springframework.samples.petclinic.model.Pet,org.springframework.validation.BindingResult)\"}",
  "headers": {
    "Vary": "Origin, Access-Control-Request-Method, Access-Control-Request-Headers",
    "X-Content-Type-Options": "nosniff",
    "X-XSS-Protection": "1; mode=block",
    "Cache-Control": "no-cache, no-store, max-age=0, must-revalidate",
    "Pragma": "no-cache",
    "Expires": "0",
    "X-Frame-Options": "DENY",
    "Content-Type": "text/plain;charset=UTF-8",
    "Content-Length": "395",
    "Date": "Thu, 02 Oct 2025 12:21:41 GMT",
    "Connection": "close"
  }
}
-----------------------------

Reason: ❗ Undeclared status code: 500
--- Request ---
{
  "method": "HEAD",
  "url": "/error",
  "headers": {
    "Content-Type": "application/json"
  },
  "body": null,
  "parameters": []
}
--- Response ---
{
  "status": 500,
  "body": "",
  "headers": {
    "X-Content-Type-Options": "nosniff",
    "X-XSS-Protection": "1; mode=block",
    "Cache-Control": "no-cache, no-store, max-age=0, must-revalidate",
    "Pragma": "no-cache",
    "Expires": "0",
    "X-Frame-Options": "DENY",
    "Content-Type": "application/json",
    "Transfer-Encoding": "chunked",
    "Date": "Thu, 02 Oct 2025 12:21:41 GMT",
    "Connection": "close"
  }
}
-----------------------------

Reason: ❗ Undeclared status code: 400
--- Request ---
{
  "method": "PUT",
  "url": "/api/pets/19",
  "headers": {
    "Content-Type": "application/json"
  },
  "body": null,
  "parameters": [
    {
      "in": "body",
      "name": "pet",
      "description": "pet",
      "required": true,
      "schema": {
        "$ref": "#/definitions/Pet"
      }
    },
    {
      "name": "petId",
      "in": "path",
      "description": "petId",
      "required": true,
      "type": "integer",
      "format": "int32"
    }
  ]
}
--- Response ---
{
  "status": 400,
  "body": "{\"className\":\"org.springframework.http.converter.HttpMessageNotReadableException\",\"exMessage\":\"Required request body is missing: public org.springframework.http.ResponseEntity<org.springframework.samples.petclinic.model.Pet> org.springframework.samples.petclinic.rest.PetRestController.updatePet(int,org.springframework.samples.petclinic.model.Pet,org.springframework.validation.BindingResult)\"}",
  "headers": {
    "Vary": "Origin, Access-Control-Request-Method, Access-Control-Request-Headers",
    "X-Content-Type-Options": "nosniff",
    "X-XSS-Protection": "1; mode=block",
    "Cache-Control": "no-cache, no-store, max-age=0, must-revalidate",
    "Pragma": "no-cache",
    "Expires": "0",
    "X-Frame-Options": "DENY",
    "Content-Type": "text/plain;charset=UTF-8",
    "Content-Length": "395",
    "Date": "Thu, 02 Oct 2025 12:21:42 GMT",
    "Connection": "close"
  }
}
-----------------------------

Reason: ❗ Undeclared status code: 500
--- Request ---
{
  "method": "HEAD",
  "url": "/error",
  "headers": {
    "Content-Type": "application/json"
  },
  "body": null,
  "parameters": []
}
--- Response ---
{
  "status": 500,
  "body": "",
  "headers": {
    "X-Content-Type-Options": "nosniff",
    "X-XSS-Protection": "1; mode=block",
    "Cache-Control": "no-cache, no-store, max-age=0, must-revalidate",
    "Pragma": "no-cache",
    "Expires": "0",
    "X-Frame-Options": "DENY",
    "Content-Type": "application/json",
    "Transfer-Encoding": "chunked",
    "Date": "Thu, 02 Oct 2025 12:21:42 GMT",
    "Connection": "close"
  }
}
-----------------------------

Reason: ❗ Undeclared status code: 400
--- Request ---
{
  "method": "PUT",
  "url": "/api/specialties/3",
  "headers": {
    "Content-Type": "application/json"
  },
  "body": null,
  "parameters": [
    {
      "in": "body",
      "name": "specialty",
      "description": "specialty",
      "required": true,
      "schema": {
        "$ref": "#/definitions/Specialty"
      }
    },
    {
      "name": "specialtyId",
      "in": "path",
      "description": "specialtyId",
      "required": true,
      "type": "integer",
      "format": "int32"
    }
  ]
}
--- Response ---
{
  "status": 400,
  "body": "{\"className\":\"org.springframework.http.converter.HttpMessageNotReadableException\",\"exMessage\":\"Required request body is missing: public org.springframework.http.ResponseEntity<org.springframework.samples.petclinic.model.Specialty> org.springframework.samples.petclinic.rest.SpecialtyRestController.updateSpecialty(int,org.springframework.samples.petclinic.model.Specialty,org.springframework.validation.BindingResult)\"}",
  "headers": {
    "Vary": "Origin, Access-Control-Request-Method, Access-Control-Request-Headers",
    "X-Content-Type-Options": "nosniff",
    "X-XSS-Protection": "1; mode=block",
    "Cache-Control": "no-cache, no-store, max-age=0, must-revalidate",
    "Pragma": "no-cache",
    "Expires": "0",
    "X-Frame-Options": "DENY",
    "Content-Type": "text/plain;charset=UTF-8",
    "Content-Length": "419",
    "Date": "Thu, 02 Oct 2025 12:21:43 GMT",
    "Connection": "close"
  }
}
-----------------------------

Reason: ❗ Undeclared status code: 500
--- Request ---
{
  "method": "POST",
  "url": "/error",
  "headers": {
    "Content-Type": "application/json"
  },
  "body": null,
  "parameters": []
}
--- Response ---
{
  "status": 500,
  "body": "{\"timestamp\":\"2025-10-02T12:21:44.496+0000\",\"status\":999,\"error\":\"None\",\"message\":\"No message available\"}",
  "headers": {
    "X-Content-Type-Options": "nosniff",
    "X-XSS-Protection": "1; mode=block",
    "Cache-Control": "no-cache, no-store, max-age=0, must-revalidate",
    "Pragma": "no-cache",
    "Expires": "0",
    "X-Frame-Options": "DENY",
    "Content-Type": "application/json",
    "Transfer-Encoding": "chunked",
    "Date": "Thu, 02 Oct 2025 12:21:43 GMT",
    "Connection": "close"
  }
}
-----------------------------

Reason: ❗ Undeclared status code: 400
--- Request ---
{
  "method": "POST",
  "url": "/api/owners",
  "headers": {
    "Content-Type": "application/json"
  },
  "body": {
    "telephone": "example-string",
    "address": "example-string"
  }
}
--- Response ---
{
  "status": 400,
  "body": "{\"className\":\"java.lang.NullPointerException\",\"exMessage\":null}",
  "headers": {
    "Vary": "Origin, Access-Control-Request-Method, Access-Control-Request-Headers",
    "X-Content-Type-Options": "nosniff",
    "X-XSS-Protection": "1; mode=block",
    "Cache-Control": "no-cache, no-store, max-age=0, must-revalidate",
    "Pragma": "no-cache",
    "Expires": "0",
    "X-Frame-Options": "DENY",
    "Content-Type": "text/plain;charset=UTF-8",
    "Content-Length": "63",
    "Date": "Thu, 02 Oct 2025 12:21:43 GMT",
    "Connection": "close"
  }
}
-----------------------------

Reason: ❗ Undeclared status code: 500
--- Request ---
{
  "method": "GET",
  "url": "/error",
  "headers": {
    "Content-Type": "application/json"
  },
  "body": null,
  "parameters": []
}
--- Response ---
{
  "status": 500,
  "body": "{\"timestamp\":\"2025-10-02T12:21:45.173+0000\",\"status\":999,\"error\":\"None\",\"message\":\"No message available\"}",
  "headers": {
    "X-Content-Type-Options": "nosniff",
    "X-XSS-Protection": "1; mode=block",
    "Cache-Control": "no-cache, no-store, max-age=0, must-revalidate",
    "Pragma": "no-cache",
    "Expires": "0",
    "X-Frame-Options": "DENY",
    "Content-Type": "application/json",
    "Transfer-Encoding": "chunked",
    "Date": "Thu, 02 Oct 2025 12:21:44 GMT",
    "Connection": "close"
  }
}
-----------------------------

Reason: ❗ Undeclared status code: 500
--- Request ---
{
  "method": "GET",
  "url": "/error",
  "headers": {
    "Content-Type": "application/json"
  },
  "body": null,
  "parameters": []
}
--- Response ---
{
  "status": 500,
  "body": "{\"timestamp\":\"2025-10-02T12:21:45.388+0000\",\"status\":999,\"error\":\"None\",\"message\":\"No message available\"}",
  "headers": {
    "X-Content-Type-Options": "nosniff",
    "X-XSS-Protection": "1; mode=block",
    "Cache-Control": "no-cache, no-store, max-age=0, must-revalidate",
    "Pragma": "no-cache",
    "Expires": "0",
    "X-Frame-Options": "DENY",
    "Content-Type": "application/json",
    "Transfer-Encoding": "chunked",
    "Date": "Thu, 02 Oct 2025 12:21:44 GMT",
    "Connection": "close"
  }
}
-----------------------------

Reason: ❗ Undeclared status code: 400
--- Request ---
{
  "method": "PUT",
  "url": "/api/specialties/3",
  "headers": {
    "Content-Type": "application/json"
  },
  "body": null,
  "parameters": [
    {
      "in": "body",
      "name": "specialty",
      "description": "specialty",
      "required": true,
      "schema": {
        "$ref": "#/definitions/Specialty"
      }
    },
    {
      "name": "specialtyId",
      "in": "path",
      "description": "specialtyId",
      "required": true,
      "type": "integer",
      "format": "int32"
    }
  ]
}
--- Response ---
{
  "status": 400,
  "body": "{\"className\":\"org.springframework.http.converter.HttpMessageNotReadableException\",\"exMessage\":\"Required request body is missing: public org.springframework.http.ResponseEntity<org.springframework.samples.petclinic.model.Specialty> org.springframework.samples.petclinic.rest.SpecialtyRestController.updateSpecialty(int,org.springframework.samples.petclinic.model.Specialty,org.springframework.validation.BindingResult)\"}",
  "headers": {
    "Vary": "Origin, Access-Control-Request-Method, Access-Control-Request-Headers",
    "X-Content-Type-Options": "nosniff",
    "X-XSS-Protection": "1; mode=block",
    "Cache-Control": "no-cache, no-store, max-age=0, must-revalidate",
    "Pragma": "no-cache",
    "Expires": "0",
    "X-Frame-Options": "DENY",
    "Content-Type": "text/plain;charset=UTF-8",
    "Content-Length": "419",
    "Date": "Thu, 02 Oct 2025 12:21:44 GMT",
    "Connection": "close"
  }
}
-----------------------------

Reason: ❗ Undeclared status code: 500
--- Request ---
{
  "method": "HEAD",
  "url": "/error",
  "headers": {
    "Content-Type": "application/json"
  },
  "body": null,
  "parameters": []
}
--- Response ---
{
  "status": 500,
  "body": "",
  "headers": {
    "X-Content-Type-Options": "nosniff",
    "X-XSS-Protection": "1; mode=block",
    "Cache-Control": "no-cache, no-store, max-age=0, must-revalidate",
    "Pragma": "no-cache",
    "Expires": "0",
    "X-Frame-Options": "DENY",
    "Content-Type": "application/json",
    "Transfer-Encoding": "chunked",
    "Date": "Thu, 02 Oct 2025 12:21:46 GMT",
    "Connection": "close"
  }
}
-----------------------------

Reason: ❗ Undeclared status code: 500
--- Request ---
{
  "method": "HEAD",
  "url": "/error",
  "headers": {
    "Content-Type": "application/json"
  },
  "body": null,
  "parameters": []
}
--- Response ---
{
  "status": 500,
  "body": "",
  "headers": {
    "X-Content-Type-Options": "nosniff",
    "X-XSS-Protection": "1; mode=block",
    "Cache-Control": "no-cache, no-store, max-age=0, must-revalidate",
    "Pragma": "no-cache",
    "Expires": "0",
    "X-Frame-Options": "DENY",
    "Content-Type": "application/json",
    "Transfer-Encoding": "chunked",
    "Date": "Thu, 02 Oct 2025 12:21:47 GMT",
    "Connection": "close"
  }
}
-----------------------------

Reason: ❗ Undeclared status code: 400
--- Request ---
{
  "method": "POST",
  "url": "/api/pettypes",
  "headers": {
    "Content-Type": "application/json"
  },
  "body": {
    "id": 123
  },
  "parameters": [
    {
      "in": "body",
      "name": "petType",
      "description": "petType",
      "required": true,
      "schema": {
        "$ref": "#/definitions/PetType"
      }
    }
  ]
}
--- Response ---
{
  "status": 400,
  "body": "",
  "headers": {
    "Vary": "Origin, Access-Control-Request-Method, Access-Control-Request-Headers",
    "errors": "[{\"objectName\":\"petType\",\"fieldName\":\"name\",\"fieldValue\":\"null\",\"errorMessage\":\"must not be empty\"}]",
    "X-Content-Type-Options": "nosniff",
    "X-XSS-Protection": "1; mode=block",
    "Cache-Control": "no-cache, no-store, max-age=0, must-revalidate",
    "Pragma": "no-cache",
    "Expires": "0",
    "X-Frame-Options": "DENY",
    "Content-Length": "0",
    "Date": "Thu, 02 Oct 2025 12:21:48 GMT",
    "Connection": "close"
  }
}
-----------------------------

Reason: ❗ Undeclared status code: 400
--- Request ---
{
  "method": "PUT",
  "url": "/api/vets/10",
  "headers": {
    "Content-Type": "application/json"
  },
  "body": null,
  "parameters": [
    {
      "in": "body",
      "name": "vet",
      "description": "vet",
      "required": true,
      "schema": {
        "$ref": "#/definitions/Vet"
      }
    },
    {
      "name": "vetId",
      "in": "path",
      "description": "vetId",
      "required": true,
      "type": "integer",
      "format": "int32"
    }
  ]
}
--- Response ---
{
  "status": 400,
  "body": "{\"className\":\"org.springframework.http.converter.HttpMessageNotReadableException\",\"exMessage\":\"Required request body is missing: public org.springframework.http.ResponseEntity<org.springframework.samples.petclinic.model.Vet> org.springframework.samples.petclinic.rest.VetRestController.updateVet(int,org.springframework.samples.petclinic.model.Vet,org.springframework.validation.BindingResult)\"}",
  "headers": {
    "Vary": "Origin, Access-Control-Request-Method, Access-Control-Request-Headers",
    "X-Content-Type-Options": "nosniff",
    "X-XSS-Protection": "1; mode=block",
    "Cache-Control": "no-cache, no-store, max-age=0, must-revalidate",
    "Pragma": "no-cache",
    "Expires": "0",
    "X-Frame-Options": "DENY",
    "Content-Type": "text/plain;charset=UTF-8",
    "Content-Length": "395",
    "Date": "Thu, 02 Oct 2025 12:21:48 GMT",
    "Connection": "close"
  }
}
-----------------------------

Reason: ❗ Undeclared status code: 400
--- Request ---
{
  "method": "PUT",
  "url": "/api/owners/3",
  "headers": {
    "Content-Type": "application/json"
  },
  "body": null,
  "parameters": [
    {
      "in": "body",
      "name": "owner",
      "description": "owner",
      "required": true,
      "schema": {
        "$ref": "#/definitions/Owner"
      }
    },
    {
      "name": "ownerId",
      "in": "path",
      "description": "ownerId",
      "required": true,
      "type": "integer",
      "format": "int32"
    }
  ]
}
--- Response ---
{
  "status": 400,
  "body": "{\"className\":\"org.springframework.http.converter.HttpMessageNotReadableException\",\"exMessage\":\"Required request body is missing: public org.springframework.http.ResponseEntity<org.springframework.samples.petclinic.model.Owner> org.springframework.samples.petclinic.rest.OwnerRestController.updateOwner(int,org.springframework.samples.petclinic.model.Owner,org.springframework.validation.BindingResult,org.springframework.web.util.UriComponentsBuilder)\"}",
  "headers": {
    "Vary": "Origin, Access-Control-Request-Method, Access-Control-Request-Headers",
    "X-Content-Type-Options": "nosniff",
    "X-XSS-Protection": "1; mode=block",
    "Cache-Control": "no-cache, no-store, max-age=0, must-revalidate",
    "Pragma": "no-cache",
    "Expires": "0",
    "X-Frame-Options": "DENY",
    "Content-Type": "text/plain;charset=UTF-8",
    "Content-Length": "453",
    "Date": "Thu, 02 Oct 2025 12:21:48 GMT",
    "Connection": "close"
  }
}
-----------------------------

Reason: ❗ Undeclared status code: 500
--- Request ---
{
  "method": "HEAD",
  "url": "/error",
  "headers": {
    "Content-Type": "application/json"
  },
  "body": null,
  "parameters": []
}
--- Response ---
{
  "status": 500,
  "body": "",
  "headers": {
    "X-Content-Type-Options": "nosniff",
    "X-XSS-Protection": "1; mode=block",
    "Cache-Control": "no-cache, no-store, max-age=0, must-revalidate",
    "Pragma": "no-cache",
    "Expires": "0",
    "X-Frame-Options": "DENY",
    "Content-Type": "application/json",
    "Transfer-Encoding": "chunked",
    "Date": "Thu, 02 Oct 2025 12:21:48 GMT",
    "Connection": "close"
  }
}
-----------------------------

Reason: ❗ Undeclared status code: 500
--- Request ---
{
  "method": "HEAD",
  "url": "/error",
  "headers": {
    "Content-Type": "application/json"
  },
  "body": null,
  "parameters": []
}
--- Response ---
{
  "status": 500,
  "body": "",
  "headers": {
    "X-Content-Type-Options": "nosniff",
    "X-XSS-Protection": "1; mode=block",
    "Cache-Control": "no-cache, no-store, max-age=0, must-revalidate",
    "Pragma": "no-cache",
    "Expires": "0",
    "X-Frame-Options": "DENY",
    "Content-Type": "application/json",
    "Transfer-Encoding": "chunked",
    "Date": "Thu, 02 Oct 2025 12:21:49 GMT",
    "Connection": "close"
  }
}
-----------------------------

Reason: ❗ Undeclared status code: 500
--- Request ---
{
  "method": "PUT",
  "url": "/error",
  "headers": {
    "Content-Type": "application/json"
  },
  "body": null,
  "parameters": []
}
--- Response ---
{
  "status": 500,
  "body": "{\"timestamp\":\"2025-10-02T12:21:50.839+0000\",\"status\":999,\"error\":\"None\",\"message\":\"No message available\"}",
  "headers": {
    "X-Content-Type-Options": "nosniff",
    "X-XSS-Protection": "1; mode=block",
    "Cache-Control": "no-cache, no-store, max-age=0, must-revalidate",
    "Pragma": "no-cache",
    "Expires": "0",
    "X-Frame-Options": "DENY",
    "Content-Type": "application/json",
    "Transfer-Encoding": "chunked",
    "Date": "Thu, 02 Oct 2025 12:21:50 GMT",
    "Connection": "close"
  }
}
-----------------------------

Reason: ❗ Undeclared status code: 500
--- Request ---
{
  "method": "POST",
  "url": "/error",
  "headers": {
    "Content-Type": "application/json"
  },
  "body": null,
  "parameters": []
}
--- Response ---
{
  "status": 500,
  "body": "{\"timestamp\":\"2025-10-02T12:21:51.294+0000\",\"status\":999,\"error\":\"None\",\"message\":\"No message available\"}",
  "headers": {
    "X-Content-Type-Options": "nosniff",
    "X-XSS-Protection": "1; mode=block",
    "Cache-Control": "no-cache, no-store, max-age=0, must-revalidate",
    "Pragma": "no-cache",
    "Expires": "0",
    "X-Frame-Options": "DENY",
    "Content-Type": "application/json",
    "Transfer-Encoding": "chunked",
    "Date": "Thu, 02 Oct 2025 12:21:50 GMT",
    "Connection": "close"
  }
}
-----------------------------

Reason: ❗ Undeclared status code: 400
--- Request ---
{
  "method": "POST",
  "url": "/api/owners",
  "headers": {
    "Content-Type": "application/json"
  },
  "body": {
    "lastName": "qfZ5xm3USPpWjW9CSBouAAOuMRSEaFi7t9qkD0ujWq6UxwGd8b"
  }
}
--- Response ---
{
  "status": 400,
  "body": "{\"className\":\"java.lang.NullPointerException\",\"exMessage\":null}",
  "headers": {
    "Vary": "Origin, Access-Control-Request-Method, Access-Control-Request-Headers",
    "X-Content-Type-Options": "nosniff",
    "X-XSS-Protection": "1; mode=block",
    "Cache-Control": "no-cache, no-store, max-age=0, must-revalidate",
    "Pragma": "no-cache",
    "Expires": "0",
    "X-Frame-Options": "DENY",
    "Content-Type": "text/plain;charset=UTF-8",
    "Content-Length": "63",
    "Date": "Thu, 02 Oct 2025 12:21:51 GMT",
    "Connection": "close"
  }
}
-----------------------------

Reason: ❗ Undeclared status code: 500
--- Request ---
{
  "method": "PUT",
  "url": "/error",
  "headers": {
    "Content-Type": "application/json"
  },
  "body": null,
  "parameters": []
}
--- Response ---
{
  "status": 500,
  "body": "{\"timestamp\":\"2025-10-02T12:21:53.144+0000\",\"status\":999,\"error\":\"None\",\"message\":\"No message available\"}",
  "headers": {
    "X-Content-Type-Options": "nosniff",
    "X-XSS-Protection": "1; mode=block",
    "Cache-Control": "no-cache, no-store, max-age=0, must-revalidate",
    "Pragma": "no-cache",
    "Expires": "0",
    "X-Frame-Options": "DENY",
    "Content-Type": "application/json",
    "Transfer-Encoding": "chunked",
    "Date": "Thu, 02 Oct 2025 12:21:52 GMT",
    "Connection": "close"
  }
}
-----------------------------

Reason: ❗ Undeclared status code: 500
--- Request ---
{
  "method": "DELETE",
  "url": "/error",
  "headers": {
    "Content-Type": "application/json"
  },
  "body": null,
  "parameters": []
}
--- Response ---
{
  "status": 500,
  "body": "{\"timestamp\":\"2025-10-02T12:21:53.352+0000\",\"status\":999,\"error\":\"None\",\"message\":\"No message available\"}",
  "headers": {
    "X-Content-Type-Options": "nosniff",
    "X-XSS-Protection": "1; mode=block",
    "Cache-Control": "no-cache, no-store, max-age=0, must-revalidate",
    "Pragma": "no-cache",
    "Expires": "0",
    "X-Frame-Options": "DENY",
    "Content-Type": "application/json",
    "Transfer-Encoding": "chunked",
    "Date": "Thu, 02 Oct 2025 12:21:52 GMT",
    "Connection": "close"
  }
}
-----------------------------

Reason: ❗ Undeclared status code: 500
--- Request ---
{
  "method": "HEAD",
  "url": "/error",
  "headers": {
    "Content-Type": "application/json"
  },
  "body": null,
  "parameters": []
}
--- Response ---
{
  "status": 500,
  "body": "",
  "headers": {
    "X-Content-Type-Options": "nosniff",
    "X-XSS-Protection": "1; mode=block",
    "Cache-Control": "no-cache, no-store, max-age=0, must-revalidate",
    "Pragma": "no-cache",
    "Expires": "0",
    "X-Frame-Options": "DENY",
    "Content-Type": "application/json",
    "Transfer-Encoding": "chunked",
    "Date": "Thu, 02 Oct 2025 12:21:54 GMT",
    "Connection": "close"
  }
}
-----------------------------

Reason: ❗ Undeclared status code: 500
--- Request ---
{
  "method": "GET",
  "url": "/error",
  "headers": {
    "Content-Type": "application/json"
  },
  "body": null,
  "parameters": []
}
--- Response ---
{
  "status": 500,
  "body": "{\"timestamp\":\"2025-10-02T12:21:55.426+0000\",\"status\":999,\"error\":\"None\",\"message\":\"No message available\"}",
  "headers": {
    "X-Content-Type-Options": "nosniff",
    "X-XSS-Protection": "1; mode=block",
    "Cache-Control": "no-cache, no-store, max-age=0, must-revalidate",
    "Pragma": "no-cache",
    "Expires": "0",
    "X-Frame-Options": "DENY",
    "Content-Type": "application/json",
    "Transfer-Encoding": "chunked",
    "Date": "Thu, 02 Oct 2025 12:21:55 GMT",
    "Connection": "close"
  }
}
-----------------------------

Reason: ❗ Undeclared status code: 400
--- Request ---
{
  "method": "PUT",
  "url": "/api/vets/6",
  "headers": {
    "Content-Type": "application/json"
  },
  "body": null,
  "parameters": [
    {
      "in": "body",
      "name": "vet",
      "description": "vet",
      "required": true,
      "schema": {
        "$ref": "#/definitions/Vet"
      }
    },
    {
      "name": "vetId",
      "in": "path",
      "description": "vetId",
      "required": true,
      "type": "integer",
      "format": "int32"
    }
  ]
}
--- Response ---
{
  "status": 400,
  "body": "{\"className\":\"org.springframework.http.converter.HttpMessageNotReadableException\",\"exMessage\":\"Required request body is missing: public org.springframework.http.ResponseEntity<org.springframework.samples.petclinic.model.Vet> org.springframework.samples.petclinic.rest.VetRestController.updateVet(int,org.springframework.samples.petclinic.model.Vet,org.springframework.validation.BindingResult)\"}",
  "headers": {
    "Vary": "Origin, Access-Control-Request-Method, Access-Control-Request-Headers",
    "X-Content-Type-Options": "nosniff",
    "X-XSS-Protection": "1; mode=block",
    "Cache-Control": "no-cache, no-store, max-age=0, must-revalidate",
    "Pragma": "no-cache",
    "Expires": "0",
    "X-Frame-Options": "DENY",
    "Content-Type": "text/plain;charset=UTF-8",
    "Content-Length": "395",
    "Date": "Thu, 02 Oct 2025 12:21:55 GMT",
    "Connection": "close"
  }
}
-----------------------------

Reason: ❗ Undeclared status code: 500
--- Request ---
{
  "method": "GET",
  "url": "/error",
  "headers": {
    "Content-Type": "application/json"
  },
  "body": null,
  "parameters": []
}
--- Response ---
{
  "status": 500,
  "body": "{\"timestamp\":\"2025-10-02T12:21:57.269+0000\",\"status\":999,\"error\":\"None\",\"message\":\"No message available\"}",
  "headers": {
    "X-Content-Type-Options": "nosniff",
    "X-XSS-Protection": "1; mode=block",
    "Cache-Control": "no-cache, no-store, max-age=0, must-revalidate",
    "Pragma": "no-cache",
    "Expires": "0",
    "X-Frame-Options": "DENY",
    "Content-Type": "application/json",
    "Transfer-Encoding": "chunked",
    "Date": "Thu, 02 Oct 2025 12:21:56 GMT",
    "Connection": "close"
  }
}
-----------------------------

Reason: ❗ Undeclared status code: 400
--- Request ---
{
  "method": "POST",
  "url": "/api/owners",
  "headers": {
    "Content-Type": "application/json"
  },
  "body": {
    "firstName": "example-string"
  },
  "parameters": [
    {
      "in": "body",
      "name": "owner",
      "description": "owner",
      "required": true,
      "schema": {
        "$ref": "#/definitions/Owner"
      }
    }
  ]
}
--- Response ---
{
  "status": 400,
  "body": "{\"className\":\"java.lang.NullPointerException\",\"exMessage\":null}",
  "headers": {
    "Vary": "Origin, Access-Control-Request-Method, Access-Control-Request-Headers",
    "X-Content-Type-Options": "nosniff",
    "X-XSS-Protection": "1; mode=block",
    "Cache-Control": "no-cache, no-store, max-age=0, must-revalidate",
    "Pragma": "no-cache",
    "Expires": "0",
    "X-Frame-Options": "DENY",
    "Content-Type": "text/plain;charset=UTF-8",
    "Content-Length": "63",
    "Date": "Thu, 02 Oct 2025 12:21:57 GMT",
    "Connection": "close"
  }
}
-----------------------------

Reason: ❗ Undeclared status code: 500
--- Request ---
{
  "method": "HEAD",
  "url": "/error",
  "headers": {
    "Content-Type": "application/json"
  },
  "body": null,
  "parameters": []
}
--- Response ---
{
  "status": 500,
  "body": "",
  "headers": {
    "X-Content-Type-Options": "nosniff",
    "X-XSS-Protection": "1; mode=block",
    "Cache-Control": "no-cache, no-store, max-age=0, must-revalidate",
    "Pragma": "no-cache",
    "Expires": "0",
    "X-Frame-Options": "DENY",
    "Content-Type": "application/json",
    "Transfer-Encoding": "chunked",
    "Date": "Thu, 02 Oct 2025 12:21:57 GMT",
    "Connection": "close"
  }
}
-----------------------------

Reason: ❗ Undeclared status code: 400
--- Request ---
{
  "method": "PUT",
  "url": "/api/owners/9",
  "headers": {
    "Content-Type": "application/json"
  },
  "body": null,
  "parameters": [
    {
      "in": "body",
      "name": "owner",
      "description": "owner",
      "required": true,
      "schema": {
        "$ref": "#/definitions/Owner"
      }
    },
    {
      "name": "ownerId",
      "in": "path",
      "description": "ownerId",
      "required": true,
      "type": "integer",
      "format": "int32"
    }
  ]
}
--- Response ---
{
  "status": 400,
  "body": "{\"className\":\"org.springframework.http.converter.HttpMessageNotReadableException\",\"exMessage\":\"Required request body is missing: public org.springframework.http.ResponseEntity<org.springframework.samples.petclinic.model.Owner> org.springframework.samples.petclinic.rest.OwnerRestController.updateOwner(int,org.springframework.samples.petclinic.model.Owner,org.springframework.validation.BindingResult,org.springframework.web.util.UriComponentsBuilder)\"}",
  "headers": {
    "Vary": "Origin, Access-Control-Request-Method, Access-Control-Request-Headers",
    "X-Content-Type-Options": "nosniff",
    "X-XSS-Protection": "1; mode=block",
    "Cache-Control": "no-cache, no-store, max-age=0, must-revalidate",
    "Pragma": "no-cache",
    "Expires": "0",
    "X-Frame-Options": "DENY",
    "Content-Type": "text/plain;charset=UTF-8",
    "Content-Length": "453",
    "Date": "Thu, 02 Oct 2025 12:21:57 GMT",
    "Connection": "close"
  }
}
-----------------------------

Reason: ❗ Undeclared status code: 400
--- Request ---
{
  "method": "POST",
  "url": "/api/pets",
  "headers": {
    "Content-Type": "application/json"
  },
  "body": {
    "name": "example-string",
    "type": {
      "id": 123,
      "name": "example-string"
    }
  }
}
--- Response ---
{
  "status": 400,
  "body": "{\"className\":\"java.lang.NullPointerException\",\"exMessage\":null}",
  "headers": {
    "Vary": "Origin, Access-Control-Request-Method, Access-Control-Request-Headers",
    "X-Content-Type-Options": "nosniff",
    "X-XSS-Protection": "1; mode=block",
    "Cache-Control": "no-cache, no-store, max-age=0, must-revalidate",
    "Pragma": "no-cache",
    "Expires": "0",
    "X-Frame-Options": "DENY",
    "Content-Type": "text/plain;charset=UTF-8",
    "Content-Length": "63",
    "Date": "Thu, 02 Oct 2025 12:21:58 GMT",
    "Connection": "close"
  }
}
-----------------------------

Reason: ❗ Undeclared status code: 400
--- Request ---
{
  "method": "POST",
  "url": "/api/owners",
  "headers": {
    "Content-Type": "application/json"
  },
  "body": {
    "firstName": "example-string"
  },
  "parameters": [
    {
      "in": "body",
      "name": "owner",
      "description": "owner",
      "required": true,
      "schema": {
        "$ref": "#/definitions/Owner"
      }
    }
  ]
}
--- Response ---
{
  "status": 400,
  "body": "{\"className\":\"java.lang.NullPointerException\",\"exMessage\":null}",
  "headers": {
    "Vary": "Origin, Access-Control-Request-Method, Access-Control-Request-Headers",
    "X-Content-Type-Options": "nosniff",
    "X-XSS-Protection": "1; mode=block",
    "Cache-Control": "no-cache, no-store, max-age=0, must-revalidate",
    "Pragma": "no-cache",
    "Expires": "0",
    "X-Frame-Options": "DENY",
    "Content-Type": "text/plain;charset=UTF-8",
    "Content-Length": "63",
    "Date": "Thu, 02 Oct 2025 12:21:58 GMT",
    "Connection": "close"
  }
}
-----------------------------

Reason: ❗ Undeclared status code: 400
--- Request ---
{
  "method": "POST",
  "url": "/api/owners",
  "headers": {
    "Content-Type": "application/json"
  },
  "body": {
    "firstName": "example-string",
    "lastName": "example-string"
  }
}
--- Response ---
{
  "status": 400,
  "body": "{\"className\":\"java.lang.NullPointerException\",\"exMessage\":null}",
  "headers": {
    "Vary": "Origin, Access-Control-Request-Method, Access-Control-Request-Headers",
    "X-Content-Type-Options": "nosniff",
    "X-XSS-Protection": "1; mode=block",
    "Cache-Control": "no-cache, no-store, max-age=0, must-revalidate",
    "Pragma": "no-cache",
    "Expires": "0",
    "X-Frame-Options": "DENY",
    "Content-Type": "text/plain;charset=UTF-8",
    "Content-Length": "63",
    "Date": "Thu, 02 Oct 2025 12:21:58 GMT",
    "Connection": "close"
  }
}
-----------------------------

Reason: ❗ Undeclared status code: 400
--- Request ---
{
  "method": "PUT",
  "url": "/api/specialties/4",
  "headers": {
    "Content-Type": "application/json"
  },
  "body": null,
  "parameters": [
    {
      "in": "body",
      "name": "specialty",
      "description": "specialty",
      "required": true,
      "schema": {
        "$ref": "#/definitions/Specialty"
      }
    },
    {
      "name": "specialtyId",
      "in": "path",
      "description": "specialtyId",
      "required": true,
      "type": "integer",
      "format": "int32"
    }
  ]
}
--- Response ---
{
  "status": 400,
  "body": "{\"className\":\"org.springframework.http.converter.HttpMessageNotReadableException\",\"exMessage\":\"Required request body is missing: public org.springframework.http.ResponseEntity<org.springframework.samples.petclinic.model.Specialty> org.springframework.samples.petclinic.rest.SpecialtyRestController.updateSpecialty(int,org.springframework.samples.petclinic.model.Specialty,org.springframework.validation.BindingResult)\"}",
  "headers": {
    "Vary": "Origin, Access-Control-Request-Method, Access-Control-Request-Headers",
    "X-Content-Type-Options": "nosniff",
    "X-XSS-Protection": "1; mode=block",
    "Cache-Control": "no-cache, no-store, max-age=0, must-revalidate",
    "Pragma": "no-cache",
    "Expires": "0",
    "X-Frame-Options": "DENY",
    "Content-Type": "text/plain;charset=UTF-8",
    "Content-Length": "419",
    "Date": "Thu, 02 Oct 2025 12:21:59 GMT",
    "Connection": "close"
  }
}
-----------------------------

Reason: ❗ Undeclared status code: 400
--- Request ---
{
  "method": "PUT",
  "url": "/api/pets/19",
  "headers": {
    "Content-Type": "application/json"
  },
  "body": null,
  "parameters": [
    {
      "in": "body",
      "name": "pet",
      "description": "pet",
      "required": true,
      "schema": {
        "$ref": "#/definitions/Pet"
      }
    },
    {
      "name": "petId",
      "in": "path",
      "description": "petId",
      "required": true,
      "type": "integer",
      "format": "int32"
    }
  ]
}
--- Response ---
{
  "status": 400,
  "body": "{\"className\":\"org.springframework.http.converter.HttpMessageNotReadableException\",\"exMessage\":\"Required request body is missing: public org.springframework.http.ResponseEntity<org.springframework.samples.petclinic.model.Pet> org.springframework.samples.petclinic.rest.PetRestController.updatePet(int,org.springframework.samples.petclinic.model.Pet,org.springframework.validation.BindingResult)\"}",
  "headers": {
    "Vary": "Origin, Access-Control-Request-Method, Access-Control-Request-Headers",
    "X-Content-Type-Options": "nosniff",
    "X-XSS-Protection": "1; mode=block",
    "Cache-Control": "no-cache, no-store, max-age=0, must-revalidate",
    "Pragma": "no-cache",
    "Expires": "0",
    "X-Frame-Options": "DENY",
    "Content-Type": "text/plain;charset=UTF-8",
    "Content-Length": "395",
    "Date": "Thu, 02 Oct 2025 12:21:59 GMT",
    "Connection": "close"
  }
}
-----------------------------

Reason: ❗ Undeclared status code: 400
--- Request ---
{
  "method": "PUT",
  "url": "/api/owners/3",
  "headers": {
    "Content-Type": "application/json"
  },
  "body": null,
  "parameters": [
    {
      "in": "body",
      "name": "owner",
      "description": "owner",
      "required": true,
      "schema": {
        "$ref": "#/definitions/Owner"
      }
    },
    {
      "name": "ownerId",
      "in": "path",
      "description": "ownerId",
      "required": true,
      "type": "integer",
      "format": "int32"
    }
  ]
}
--- Response ---
{
  "status": 400,
  "body": "{\"className\":\"org.springframework.http.converter.HttpMessageNotReadableException\",\"exMessage\":\"Required request body is missing: public org.springframework.http.ResponseEntity<org.springframework.samples.petclinic.model.Owner> org.springframework.samples.petclinic.rest.OwnerRestController.updateOwner(int,org.springframework.samples.petclinic.model.Owner,org.springframework.validation.BindingResult,org.springframework.web.util.UriComponentsBuilder)\"}",
  "headers": {
    "Vary": "Origin, Access-Control-Request-Method, Access-Control-Request-Headers",
    "X-Content-Type-Options": "nosniff",
    "X-XSS-Protection": "1; mode=block",
    "Cache-Control": "no-cache, no-store, max-age=0, must-revalidate",
    "Pragma": "no-cache",
    "Expires": "0",
    "X-Frame-Options": "DENY",
    "Content-Type": "text/plain;charset=UTF-8",
    "Content-Length": "453",
    "Date": "Thu, 02 Oct 2025 12:22:00 GMT",
    "Connection": "close"
  }
}
-----------------------------

Reason: ❗ Undeclared status code: 500
--- Request ---
{
  "method": "HEAD",
  "url": "/error",
  "headers": {
    "Content-Type": "application/json"
  },
  "body": null,
  "parameters": []
}
--- Response ---
{
  "status": 500,
  "body": "",
  "headers": {
    "X-Content-Type-Options": "nosniff",
    "X-XSS-Protection": "1; mode=block",
    "Cache-Control": "no-cache, no-store, max-age=0, must-revalidate",
    "Pragma": "no-cache",
    "Expires": "0",
    "X-Frame-Options": "DENY",
    "Content-Type": "application/json",
    "Transfer-Encoding": "chunked",
    "Date": "Thu, 02 Oct 2025 12:22:02 GMT",
    "Connection": "close"
  }
}
-----------------------------

Reason: ❗ Undeclared status code: 400
--- Request ---
{
  "method": "PUT",
  "url": "/api/specialties/6",
  "headers": {
    "Content-Type": "application/json"
  },
  "body": null,
  "parameters": [
    {
      "in": "body",
      "name": "specialty",
      "description": "specialty",
      "required": true,
      "schema": {
        "$ref": "#/definitions/Specialty"
      }
    },
    {
      "name": "specialtyId",
      "in": "path",
      "description": "specialtyId",
      "required": true,
      "type": "integer",
      "format": "int32"
    }
  ]
}
--- Response ---
{
  "status": 400,
  "body": "{\"className\":\"org.springframework.http.converter.HttpMessageNotReadableException\",\"exMessage\":\"Required request body is missing: public org.springframework.http.ResponseEntity<org.springframework.samples.petclinic.model.Specialty> org.springframework.samples.petclinic.rest.SpecialtyRestController.updateSpecialty(int,org.springframework.samples.petclinic.model.Specialty,org.springframework.validation.BindingResult)\"}",
  "headers": {
    "Vary": "Origin, Access-Control-Request-Method, Access-Control-Request-Headers",
    "X-Content-Type-Options": "nosniff",
    "X-XSS-Protection": "1; mode=block",
    "Cache-Control": "no-cache, no-store, max-age=0, must-revalidate",
    "Pragma": "no-cache",
    "Expires": "0",
    "X-Frame-Options": "DENY",
    "Content-Type": "text/plain;charset=UTF-8",
    "Content-Length": "419",
    "Date": "Thu, 02 Oct 2025 12:22:03 GMT",
    "Connection": "close"
  }
}
-----------------------------

Reason: ❗ Undeclared status code: 500
--- Request ---
{
  "method": "DELETE",
  "url": "/error",
  "headers": {
    "Content-Type": "application/json"
  },
  "body": null,
  "parameters": []
}
--- Response ---
{
  "status": 500,
  "body": "{\"timestamp\":\"2025-10-02T12:22:03.734+0000\",\"status\":999,\"error\":\"None\",\"message\":\"No message available\"}",
  "headers": {
    "X-Content-Type-Options": "nosniff",
    "X-XSS-Protection": "1; mode=block",
    "Cache-Control": "no-cache, no-store, max-age=0, must-revalidate",
    "Pragma": "no-cache",
    "Expires": "0",
    "X-Frame-Options": "DENY",
    "Content-Type": "application/json",
    "Transfer-Encoding": "chunked",
    "Date": "Thu, 02 Oct 2025 12:22:03 GMT",
    "Connection": "close"
  }
}
-----------------------------

Reason: ❗ Undeclared status code: 400
--- Request ---
{
  "method": "POST",
  "url": "/api/pets",
  "headers": {
    "Content-Type": "application/json"
  },
  "body": {
    "name": "example-string",
    "type": {
      "id": 123,
      "name": "example-string"
    }
  }
}
--- Response ---
{
  "status": 400,
  "body": "{\"className\":\"java.lang.NullPointerException\",\"exMessage\":null}",
  "headers": {
    "Vary": "Origin, Access-Control-Request-Method, Access-Control-Request-Headers",
    "X-Content-Type-Options": "nosniff",
    "X-XSS-Protection": "1; mode=block",
    "Cache-Control": "no-cache, no-store, max-age=0, must-revalidate",
    "Pragma": "no-cache",
    "Expires": "0",
    "X-Frame-Options": "DENY",
    "Content-Type": "text/plain;charset=UTF-8",
    "Content-Length": "63",
    "Date": "Thu, 02 Oct 2025 12:22:04 GMT",
    "Connection": "close"
  }
}
-----------------------------

Reason: ❗ Undeclared status code: 500
--- Request ---
{
  "method": "POST",
  "url": "/error",
  "headers": {
    "Content-Type": "application/json"
  },
  "body": null,
  "parameters": []
}
--- Response ---
{
  "status": 500,
  "body": "{\"timestamp\":\"2025-10-02T12:22:05.360+0000\",\"status\":999,\"error\":\"None\",\"message\":\"No message available\"}",
  "headers": {
    "X-Content-Type-Options": "nosniff",
    "X-XSS-Protection": "1; mode=block",
    "Cache-Control": "no-cache, no-store, max-age=0, must-revalidate",
    "Pragma": "no-cache",
    "Expires": "0",
    "X-Frame-Options": "DENY",
    "Content-Type": "application/json",
    "Transfer-Encoding": "chunked",
    "Date": "Thu, 02 Oct 2025 12:22:04 GMT",
    "Connection": "close"
  }
}
-----------------------------

Reason: ❗ Undeclared status code: 500
--- Request ---
{
  "method": "POST",
  "url": "/error",
  "headers": {
    "Content-Type": "application/json"
  },
  "body": null,
  "parameters": []
}
--- Response ---
{
  "status": 500,
  "body": "{\"timestamp\":\"2025-10-02T12:22:05.583+0000\",\"status\":999,\"error\":\"None\",\"message\":\"No message available\"}",
  "headers": {
    "X-Content-Type-Options": "nosniff",
    "X-XSS-Protection": "1; mode=block",
    "Cache-Control": "no-cache, no-store, max-age=0, must-revalidate",
    "Pragma": "no-cache",
    "Expires": "0",
    "X-Frame-Options": "DENY",
    "Content-Type": "application/json",
    "Transfer-Encoding": "chunked",
    "Date": "Thu, 02 Oct 2025 12:22:05 GMT",
    "Connection": "close"
  }
}
-----------------------------

Reason: ❗ Undeclared status code: 500
--- Request ---
{
  "method": "GET",
  "url": "/error",
  "headers": {
    "Content-Type": "application/json"
  },
  "body": null,
  "parameters": []
}
--- Response ---
{
  "status": 500,
  "body": "{\"timestamp\":\"2025-10-02T12:22:05.797+0000\",\"status\":999,\"error\":\"None\",\"message\":\"No message available\"}",
  "headers": {
    "X-Content-Type-Options": "nosniff",
    "X-XSS-Protection": "1; mode=block",
    "Cache-Control": "no-cache, no-store, max-age=0, must-revalidate",
    "Pragma": "no-cache",
    "Expires": "0",
    "X-Frame-Options": "DENY",
    "Content-Type": "application/json",
    "Transfer-Encoding": "chunked",
    "Date": "Thu, 02 Oct 2025 12:22:05 GMT",
    "Connection": "close"
  }
}
-----------------------------

Reason: ❗ Undeclared status code: 400
--- Request ---
{
  "method": "PUT",
  "url": "/api/pets/10",
  "headers": {
    "Content-Type": "application/json"
  },
  "body": null,
  "parameters": [
    {
      "in": "body",
      "name": "pet",
      "description": "pet",
      "required": true,
      "schema": {
        "$ref": "#/definitions/Pet"
      }
    },
    {
      "name": "petId",
      "in": "path",
      "description": "petId",
      "required": true,
      "type": "integer",
      "format": "int32"
    }
  ]
}
--- Response ---
{
  "status": 400,
  "body": "{\"className\":\"org.springframework.http.converter.HttpMessageNotReadableException\",\"exMessage\":\"Required request body is missing: public org.springframework.http.ResponseEntity<org.springframework.samples.petclinic.model.Pet> org.springframework.samples.petclinic.rest.PetRestController.updatePet(int,org.springframework.samples.petclinic.model.Pet,org.springframework.validation.BindingResult)\"}",
  "headers": {
    "Vary": "Origin, Access-Control-Request-Method, Access-Control-Request-Headers",
    "X-Content-Type-Options": "nosniff",
    "X-XSS-Protection": "1; mode=block",
    "Cache-Control": "no-cache, no-store, max-age=0, must-revalidate",
    "Pragma": "no-cache",
    "Expires": "0",
    "X-Frame-Options": "DENY",
    "Content-Type": "text/plain;charset=UTF-8",
    "Content-Length": "395",
    "Date": "Thu, 02 Oct 2025 12:22:05 GMT",
    "Connection": "close"
  }
}
-----------------------------

Reason: ❗ Undeclared status code: 500
--- Request ---
{
  "method": "PUT",
  "url": "/error",
  "headers": {
    "Content-Type": "application/json"
  },
  "body": null,
  "parameters": []
}
--- Response ---
{
  "status": 500,
  "body": "{\"timestamp\":\"2025-10-02T12:22:06.240+0000\",\"status\":999,\"error\":\"None\",\"message\":\"No message available\"}",
  "headers": {
    "X-Content-Type-Options": "nosniff",
    "X-XSS-Protection": "1; mode=block",
    "Cache-Control": "no-cache, no-store, max-age=0, must-revalidate",
    "Pragma": "no-cache",
    "Expires": "0",
    "X-Frame-Options": "DENY",
    "Content-Type": "application/json",
    "Transfer-Encoding": "chunked",
    "Date": "Thu, 02 Oct 2025 12:22:05 GMT",
    "Connection": "close"
  }
}
-----------------------------

Reason: ❗ Undeclared status code: 400
--- Request ---
{
  "method": "POST",
  "url": "/api/owners",
  "headers": {
    "Content-Type": "application/json"
  },
  "body": {
    "telephone": "example-string"
  },
  "parameters": [
    {
      "in": "body",
      "name": "owner",
      "description": "owner",
      "required": true,
      "schema": {
        "$ref": "#/definitions/Owner"
      }
    }
  ]
}
--- Response ---
{
  "status": 400,
  "body": "{\"className\":\"java.lang.NullPointerException\",\"exMessage\":null}",
  "headers": {
    "Vary": "Origin, Access-Control-Request-Method, Access-Control-Request-Headers",
    "X-Content-Type-Options": "nosniff",
    "X-XSS-Protection": "1; mode=block",
    "Cache-Control": "no-cache, no-store, max-age=0, must-revalidate",
    "Pragma": "no-cache",
    "Expires": "0",
    "X-Frame-Options": "DENY",
    "Content-Type": "text/plain;charset=UTF-8",
    "Content-Length": "63",
    "Date": "Thu, 02 Oct 2025 12:22:06 GMT",
    "Connection": "close"
  }
}
-----------------------------

Reason: ❗ Undeclared status code: 500
--- Request ---
{
  "method": "POST",
  "url": "/error",
  "headers": {
    "Content-Type": "application/json"
  },
  "body": null,
  "parameters": []
}
--- Response ---
{
  "status": 500,
  "body": "{\"timestamp\":\"2025-10-02T12:22:08.019+0000\",\"status\":999,\"error\":\"None\",\"message\":\"No message available\"}",
  "headers": {
    "X-Content-Type-Options": "nosniff",
    "X-XSS-Protection": "1; mode=block",
    "Cache-Control": "no-cache, no-store, max-age=0, must-revalidate",
    "Pragma": "no-cache",
    "Expires": "0",
    "X-Frame-Options": "DENY",
    "Content-Type": "application/json",
    "Transfer-Encoding": "chunked",
    "Date": "Thu, 02 Oct 2025 12:22:07 GMT",
    "Connection": "close"
  }
}
-----------------------------

Reason: ❗ Undeclared status code: 400
--- Request ---
{
  "method": "PUT",
  "url": "/api/specialties/1",
  "headers": {
    "Content-Type": "application/json"
  },
  "body": null,
  "parameters": [
    {
      "in": "body",
      "name": "specialty",
      "description": "specialty",
      "required": true,
      "schema": {
        "$ref": "#/definitions/Specialty"
      }
    },
    {
      "name": "specialtyId",
      "in": "path",
      "description": "specialtyId",
      "required": true,
      "type": "integer",
      "format": "int32"
    }
  ]
}
--- Response ---
{
  "status": 400,
  "body": "{\"className\":\"org.springframework.http.converter.HttpMessageNotReadableException\",\"exMessage\":\"Required request body is missing: public org.springframework.http.ResponseEntity<org.springframework.samples.petclinic.model.Specialty> org.springframework.samples.petclinic.rest.SpecialtyRestController.updateSpecialty(int,org.springframework.samples.petclinic.model.Specialty,org.springframework.validation.BindingResult)\"}",
  "headers": {
    "Vary": "Origin, Access-Control-Request-Method, Access-Control-Request-Headers",
    "X-Content-Type-Options": "nosniff",
    "X-XSS-Protection": "1; mode=block",
    "Cache-Control": "no-cache, no-store, max-age=0, must-revalidate",
    "Pragma": "no-cache",
    "Expires": "0",
    "X-Frame-Options": "DENY",
    "Content-Type": "text/plain;charset=UTF-8",
    "Content-Length": "419",
    "Date": "Thu, 02 Oct 2025 12:22:08 GMT",
    "Connection": "close"
  }
}
-----------------------------

Reason: ❗ Undeclared status code: 500
--- Request ---
{
  "method": "HEAD",
  "url": "/error",
  "headers": {
    "Content-Type": "application/json"
  },
  "body": null,
  "parameters": []
}
--- Response ---
{
  "status": 500,
  "body": "",
  "headers": {
    "X-Content-Type-Options": "nosniff",
    "X-XSS-Protection": "1; mode=block",
    "Cache-Control": "no-cache, no-store, max-age=0, must-revalidate",
    "Pragma": "no-cache",
    "Expires": "0",
    "X-Frame-Options": "DENY",
    "Content-Type": "application/json",
    "Transfer-Encoding": "chunked",
    "Date": "Thu, 02 Oct 2025 12:22:08 GMT",
    "Connection": "close"
  }
}
-----------------------------

Reason: ❗ Undeclared status code: 400
--- Request ---
{
  "method": "PUT",
  "url": "/api/specialties/24",
  "headers": {
    "Content-Type": "application/json"
  },
  "body": null,
  "parameters": [
    {
      "in": "body",
      "name": "specialty",
      "description": "specialty",
      "required": true,
      "schema": {
        "$ref": "#/definitions/Specialty"
      }
    },
    {
      "name": "specialtyId",
      "in": "path",
      "description": "specialtyId",
      "required": true,
      "type": "integer",
      "format": "int32"
    }
  ]
}
--- Response ---
{
  "status": 400,
  "body": "{\"className\":\"org.springframework.http.converter.HttpMessageNotReadableException\",\"exMessage\":\"Required request body is missing: public org.springframework.http.ResponseEntity<org.springframework.samples.petclinic.model.Specialty> org.springframework.samples.petclinic.rest.SpecialtyRestController.updateSpecialty(int,org.springframework.samples.petclinic.model.Specialty,org.springframework.validation.BindingResult)\"}",
  "headers": {
    "Vary": "Origin, Access-Control-Request-Method, Access-Control-Request-Headers",
    "X-Content-Type-Options": "nosniff",
    "X-XSS-Protection": "1; mode=block",
    "Cache-Control": "no-cache, no-store, max-age=0, must-revalidate",
    "Pragma": "no-cache",
    "Expires": "0",
    "X-Frame-Options": "DENY",
    "Content-Type": "text/plain;charset=UTF-8",
    "Content-Length": "419",
    "Date": "Thu, 02 Oct 2025 12:22:10 GMT",
    "Connection": "close"
  }
}
-----------------------------

Reason: ❗ Undeclared status code: 400
--- Request ---
{
  "method": "POST",
  "url": "/api/owners",
  "headers": {
    "Content-Type": "application/json"
  },
  "body": {
    "lastName": "example-string"
  },
  "parameters": [
    {
      "in": "body",
      "name": "owner",
      "description": "owner",
      "required": true,
      "schema": {
        "$ref": "#/definitions/Owner"
      }
    }
  ]
}
--- Response ---
{
  "status": 400,
  "body": "{\"className\":\"java.lang.NullPointerException\",\"exMessage\":null}",
  "headers": {
    "Vary": "Origin, Access-Control-Request-Method, Access-Control-Request-Headers",
    "X-Content-Type-Options": "nosniff",
    "X-XSS-Protection": "1; mode=block",
    "Cache-Control": "no-cache, no-store, max-age=0, must-revalidate",
    "Pragma": "no-cache",
    "Expires": "0",
    "X-Frame-Options": "DENY",
    "Content-Type": "text/plain;charset=UTF-8",
    "Content-Length": "63",
    "Date": "Thu, 02 Oct 2025 12:22:10 GMT",
    "Connection": "close"
  }
}
-----------------------------

Reason: ❗ Undeclared status code: 400
--- Request ---
{
  "method": "POST",
  "url": "/api/owners",
  "headers": {
    "Content-Type": "application/json"
  },
  "body": {
    "telephone": "example-string"
  },
  "parameters": [
    {
      "in": "body",
      "name": "owner",
      "description": "owner",
      "required": true,
      "schema": {
        "$ref": "#/definitions/Owner"
      }
    }
  ]
}
--- Response ---
{
  "status": 400,
  "body": "{\"className\":\"java.lang.NullPointerException\",\"exMessage\":null}",
  "headers": {
    "Vary": "Origin, Access-Control-Request-Method, Access-Control-Request-Headers",
    "X-Content-Type-Options": "nosniff",
    "X-XSS-Protection": "1; mode=block",
    "Cache-Control": "no-cache, no-store, max-age=0, must-revalidate",
    "Pragma": "no-cache",
    "Expires": "0",
    "X-Frame-Options": "DENY",
    "Content-Type": "text/plain;charset=UTF-8",
    "Content-Length": "63",
    "Date": "Thu, 02 Oct 2025 12:22:10 GMT",
    "Connection": "close"
  }
}
-----------------------------

Reason: ❗ Undeclared status code: 500
--- Request ---
{
  "method": "GET",
  "url": "/error",
  "headers": {
    "Content-Type": "application/json"
  },
  "body": null,
  "parameters": []
}
--- Response ---
{
  "status": 500,
  "body": "{\"timestamp\":\"2025-10-02T12:22:11.696+0000\",\"status\":999,\"error\":\"None\",\"message\":\"No message available\"}",
  "headers": {
    "X-Content-Type-Options": "nosniff",
    "X-XSS-Protection": "1; mode=block",
    "Cache-Control": "no-cache, no-store, max-age=0, must-revalidate",
    "Pragma": "no-cache",
    "Expires": "0",
    "X-Frame-Options": "DENY",
    "Content-Type": "application/json",
    "Transfer-Encoding": "chunked",
    "Date": "Thu, 02 Oct 2025 12:22:11 GMT",
    "Connection": "close"
  }
}
-----------------------------

Reason: ❗ Undeclared status code: 400
--- Request ---
{
  "method": "POST",
  "url": "/api/vets",
  "headers": {
    "Content-Type": "application/json"
  },
  "body": {
    "lastName": "example-string"
  },
  "parameters": [
    {
      "in": "body",
      "name": "vet",
      "description": "vet",
      "required": true,
      "schema": {
        "$ref": "#/definitions/Vet"
      }
    }
  ]
}
--- Response ---
{
  "status": 400,
  "body": "",
  "headers": {
    "Vary": "Origin, Access-Control-Request-Method, Access-Control-Request-Headers",
    "errors": "[{\"objectName\":\"vet\",\"fieldName\":\"firstName\",\"fieldValue\":\"null\",\"errorMessage\":\"must not be empty\"}]",
    "X-Content-Type-Options": "nosniff",
    "X-XSS-Protection": "1; mode=block",
    "Cache-Control": "no-cache, no-store, max-age=0, must-revalidate",
    "Pragma": "no-cache",
    "Expires": "0",
    "X-Frame-Options": "DENY",
    "Content-Length": "0",
    "Date": "Thu, 02 Oct 2025 12:22:11 GMT",
    "Connection": "close"
  }
}
-----------------------------

Reason: ❗ Undeclared status code: 500
--- Request ---
{
  "method": "POST",
  "url": "/error",
  "headers": {
    "Content-Type": "application/json"
  },
  "body": null,
  "parameters": []
}
--- Response ---
{
  "status": 500,
  "body": "{\"timestamp\":\"2025-10-02T12:22:12.831+0000\",\"status\":999,\"error\":\"None\",\"message\":\"No message available\"}",
  "headers": {
    "X-Content-Type-Options": "nosniff",
    "X-XSS-Protection": "1; mode=block",
    "Cache-Control": "no-cache, no-store, max-age=0, must-revalidate",
    "Pragma": "no-cache",
    "Expires": "0",
    "X-Frame-Options": "DENY",
    "Content-Type": "application/json",
    "Transfer-Encoding": "chunked",
    "Date": "Thu, 02 Oct 2025 12:22:12 GMT",
    "Connection": "close"
  }
}
-----------------------------

Reason: ❗ Undeclared status code: 400
--- Request ---
{
  "method": "POST",
  "url": "/api/owners",
  "headers": {
    "Content-Type": "application/json"
  },
  "body": {
    "pets": [
      {
        "birthDate": "2025-01-01T00:00:00Z",
        "id": 123,
        "name": "example-string",
        "owner": "fallback",
        "type": {
          "id": 123,
          "name": "example-string"
        },
        "visits": [
          {
            "date": "yyyy/MM/dd",
            "description": "example-string",
            "id": 123,
            "pet": "fallback"
          }
        ]
      }
    ]
  },
  "parameters": [
    {
      "in": "body",
      "name": "owner",
      "description": "owner",
      "required": true,
      "schema": {
        "$ref": "#/definitions/Owner"
      }
    }
  ]
}
--- Response ---
{
  "status": 400,
  "body": "{\"className\":\"java.lang.NullPointerException\",\"exMessage\":null}",
  "headers": {
    "Vary": "Origin, Access-Control-Request-Method, Access-Control-Request-Headers",
    "X-Content-Type-Options": "nosniff",
    "X-XSS-Protection": "1; mode=block",
    "Cache-Control": "no-cache, no-store, max-age=0, must-revalidate",
    "Pragma": "no-cache",
    "Expires": "0",
    "X-Frame-Options": "DENY",
    "Content-Type": "text/plain;charset=UTF-8",
    "Content-Length": "63",
    "Date": "Thu, 02 Oct 2025 12:22:12 GMT",
    "Connection": "close"
  }
}
-----------------------------

Reason: ❗ Undeclared status code: 400
--- Request ---
{
  "method": "PUT",
  "url": "/api/vets/12",
  "headers": {
    "Content-Type": "application/json"
  },
  "body": null,
  "parameters": [
    {
      "in": "body",
      "name": "vet",
      "description": "vet",
      "required": true,
      "schema": {
        "$ref": "#/definitions/Vet"
      }
    },
    {
      "name": "vetId",
      "in": "path",
      "description": "vetId",
      "required": true,
      "type": "integer",
      "format": "int32"
    }
  ]
}
--- Response ---
{
  "status": 400,
  "body": "{\"className\":\"org.springframework.http.converter.HttpMessageNotReadableException\",\"exMessage\":\"Required request body is missing: public org.springframework.http.ResponseEntity<org.springframework.samples.petclinic.model.Vet> org.springframework.samples.petclinic.rest.VetRestController.updateVet(int,org.springframework.samples.petclinic.model.Vet,org.springframework.validation.BindingResult)\"}",
  "headers": {
    "Vary": "Origin, Access-Control-Request-Method, Access-Control-Request-Headers",
    "X-Content-Type-Options": "nosniff",
    "X-XSS-Protection": "1; mode=block",
    "Cache-Control": "no-cache, no-store, max-age=0, must-revalidate",
    "Pragma": "no-cache",
    "Expires": "0",
    "X-Frame-Options": "DENY",
    "Content-Type": "text/plain;charset=UTF-8",
    "Content-Length": "395",
    "Date": "Thu, 02 Oct 2025 12:22:14 GMT",
    "Connection": "close"
  }
}
-----------------------------

Reason: ❗ Undeclared status code: 500
--- Request ---
{
  "method": "HEAD",
  "url": "/error",
  "headers": {
    "Content-Type": "application/json"
  },
  "body": null,
  "parameters": []
}
--- Response ---
{
  "status": 500,
  "body": "",
  "headers": {
    "X-Content-Type-Options": "nosniff",
    "X-XSS-Protection": "1; mode=block",
    "Cache-Control": "no-cache, no-store, max-age=0, must-revalidate",
    "Pragma": "no-cache",
    "Expires": "0",
    "X-Frame-Options": "DENY",
    "Content-Type": "application/json",
    "Transfer-Encoding": "chunked",
    "Date": "Thu, 02 Oct 2025 12:22:14 GMT",
    "Connection": "close"
  }
}
-----------------------------

Reason: ❗ Undeclared status code: 400
--- Request ---
{
  "method": "PUT",
  "url": "/api/pets/19",
  "headers": {
    "Content-Type": "application/json"
  },
  "body": null,
  "parameters": [
    {
      "in": "body",
      "name": "pet",
      "description": "pet",
      "required": true,
      "schema": {
        "$ref": "#/definitions/Pet"
      }
    },
    {
      "name": "petId",
      "in": "path",
      "description": "petId",
      "required": true,
      "type": "integer",
      "format": "int32"
    }
  ]
}
--- Response ---
{
  "status": 400,
  "body": "{\"className\":\"org.springframework.http.converter.HttpMessageNotReadableException\",\"exMessage\":\"Required request body is missing: public org.springframework.http.ResponseEntity<org.springframework.samples.petclinic.model.Pet> org.springframework.samples.petclinic.rest.PetRestController.updatePet(int,org.springframework.samples.petclinic.model.Pet,org.springframework.validation.BindingResult)\"}",
  "headers": {
    "Vary": "Origin, Access-Control-Request-Method, Access-Control-Request-Headers",
    "X-Content-Type-Options": "nosniff",
    "X-XSS-Protection": "1; mode=block",
    "Cache-Control": "no-cache, no-store, max-age=0, must-revalidate",
    "Pragma": "no-cache",
    "Expires": "0",
    "X-Frame-Options": "DENY",
    "Content-Type": "text/plain;charset=UTF-8",
    "Content-Length": "395",
    "Date": "Thu, 02 Oct 2025 12:22:15 GMT",
    "Connection": "close"
  }
}
-----------------------------

Reason: ❗ Undeclared status code: 400
--- Request ---
{
  "method": "PUT",
  "url": "/api/vets/10",
  "headers": {
    "Content-Type": "application/json"
  },
  "body": null,
  "parameters": [
    {
      "in": "body",
      "name": "vet",
      "description": "vet",
      "required": true,
      "schema": {
        "$ref": "#/definitions/Vet"
      }
    },
    {
      "name": "vetId",
      "in": "path",
      "description": "vetId",
      "required": true,
      "type": "integer",
      "format": "int32"
    }
  ]
}
--- Response ---
{
  "status": 400,
  "body": "{\"className\":\"org.springframework.http.converter.HttpMessageNotReadableException\",\"exMessage\":\"Required request body is missing: public org.springframework.http.ResponseEntity<org.springframework.samples.petclinic.model.Vet> org.springframework.samples.petclinic.rest.VetRestController.updateVet(int,org.springframework.samples.petclinic.model.Vet,org.springframework.validation.BindingResult)\"}",
  "headers": {
    "Vary": "Origin, Access-Control-Request-Method, Access-Control-Request-Headers",
    "X-Content-Type-Options": "nosniff",
    "X-XSS-Protection": "1; mode=block",
    "Cache-Control": "no-cache, no-store, max-age=0, must-revalidate",
    "Pragma": "no-cache",
    "Expires": "0",
    "X-Frame-Options": "DENY",
    "Content-Type": "text/plain;charset=UTF-8",
    "Content-Length": "395",
    "Date": "Thu, 02 Oct 2025 12:22:15 GMT",
    "Connection": "close"
  }
}
-----------------------------

Reason: ❗ Undeclared status code: 500
--- Request ---
{
  "method": "GET",
  "url": "/error",
  "headers": {
    "Content-Type": "application/json"
  },
  "body": null,
  "parameters": []
}
--- Response ---
{
  "status": 500,
  "body": "{\"timestamp\":\"2025-10-02T12:22:16.472+0000\",\"status\":999,\"error\":\"None\",\"message\":\"No message available\"}",
  "headers": {
    "X-Content-Type-Options": "nosniff",
    "X-XSS-Protection": "1; mode=block",
    "Cache-Control": "no-cache, no-store, max-age=0, must-revalidate",
    "Pragma": "no-cache",
    "Expires": "0",
    "X-Frame-Options": "DENY",
    "Content-Type": "application/json",
    "Transfer-Encoding": "chunked",
    "Date": "Thu, 02 Oct 2025 12:22:15 GMT",
    "Connection": "close"
  }
}
-----------------------------

Reason: ❗ Undeclared status code: 400
--- Request ---
{
  "method": "POST",
  "url": "/api/owners",
  "headers": {
    "Content-Type": "application/json"
  },
  "body": {
    "firstName": "example-string"
  },
  "parameters": [
    {
      "in": "body",
      "name": "owner",
      "description": "owner",
      "required": true,
      "schema": {
        "$ref": "#/definitions/Owner"
      }
    }
  ]
}
--- Response ---
{
  "status": 400,
  "body": "{\"className\":\"java.lang.NullPointerException\",\"exMessage\":null}",
  "headers": {
    "Vary": "Origin, Access-Control-Request-Method, Access-Control-Request-Headers",
    "X-Content-Type-Options": "nosniff",
    "X-XSS-Protection": "1; mode=block",
    "Cache-Control": "no-cache, no-store, max-age=0, must-revalidate",
    "Pragma": "no-cache",
    "Expires": "0",
    "X-Frame-Options": "DENY",
    "Content-Type": "text/plain;charset=UTF-8",
    "Content-Length": "63",
    "Date": "Thu, 02 Oct 2025 12:22:16 GMT",
    "Connection": "close"
  }
}
-----------------------------

Reason: ❗ Undeclared status code: 400
--- Request ---
{
  "method": "PUT",
  "url": "/api/specialties/4",
  "headers": {
    "Content-Type": "application/json"
  },
  "body": null,
  "parameters": [
    {
      "in": "body",
      "name": "specialty",
      "description": "specialty",
      "required": true,
      "schema": {
        "$ref": "#/definitions/Specialty"
      }
    },
    {
      "name": "specialtyId",
      "in": "path",
      "description": "specialtyId",
      "required": true,
      "type": "integer",
      "format": "int32"
    }
  ]
}
--- Response ---
{
  "status": 400,
  "body": "{\"className\":\"org.springframework.http.converter.HttpMessageNotReadableException\",\"exMessage\":\"Required request body is missing: public org.springframework.http.ResponseEntity<org.springframework.samples.petclinic.model.Specialty> org.springframework.samples.petclinic.rest.SpecialtyRestController.updateSpecialty(int,org.springframework.samples.petclinic.model.Specialty,org.springframework.validation.BindingResult)\"}",
  "headers": {
    "Vary": "Origin, Access-Control-Request-Method, Access-Control-Request-Headers",
    "X-Content-Type-Options": "nosniff",
    "X-XSS-Protection": "1; mode=block",
    "Cache-Control": "no-cache, no-store, max-age=0, must-revalidate",
    "Pragma": "no-cache",
    "Expires": "0",
    "X-Frame-Options": "DENY",
    "Content-Type": "text/plain;charset=UTF-8",
    "Content-Length": "419",
    "Date": "Thu, 02 Oct 2025 12:22:18 GMT",
    "Connection": "close"
  }
}
-----------------------------

Reason: ❗ Undeclared status code: 400
--- Request ---
{
  "method": "POST",
  "url": "/api/owners",
  "headers": {
    "Content-Type": "application/json"
  },
  "body": {
    "telephone": "example-string"
  },
  "parameters": [
    {
      "in": "body",
      "name": "owner",
      "description": "owner",
      "required": true,
      "schema": {
        "$ref": "#/definitions/Owner"
      }
    }
  ]
}
--- Response ---
{
  "status": 400,
  "body": "{\"className\":\"java.lang.NullPointerException\",\"exMessage\":null}",
  "headers": {
    "Vary": "Origin, Access-Control-Request-Method, Access-Control-Request-Headers",
    "X-Content-Type-Options": "nosniff",
    "X-XSS-Protection": "1; mode=block",
    "Cache-Control": "no-cache, no-store, max-age=0, must-revalidate",
    "Pragma": "no-cache",
    "Expires": "0",
    "X-Frame-Options": "DENY",
    "Content-Type": "text/plain;charset=UTF-8",
    "Content-Length": "63",
    "Date": "Thu, 02 Oct 2025 12:22:18 GMT",
    "Connection": "close"
  }
}
-----------------------------

Reason: ❗ Undeclared status code: 500
--- Request ---
{
  "method": "HEAD",
  "url": "/error",
  "headers": {
    "Content-Type": "application/json"
  },
  "body": null,
  "parameters": []
}
--- Response ---
{
  "status": 500,
  "body": "",
  "headers": {
    "X-Content-Type-Options": "nosniff",
    "X-XSS-Protection": "1; mode=block",
    "Cache-Control": "no-cache, no-store, max-age=0, must-revalidate",
    "Pragma": "no-cache",
    "Expires": "0",
    "X-Frame-Options": "DENY",
    "Content-Type": "application/json",
    "Transfer-Encoding": "chunked",
    "Date": "Thu, 02 Oct 2025 12:22:19 GMT",
    "Connection": "close"
  }
}
-----------------------------

Reason: ❗ Undeclared status code: 400
--- Request ---
{
  "method": "PUT",
  "url": "/api/pets/19",
  "headers": {
    "Content-Type": "application/json"
  },
  "body": null,
  "parameters": [
    {
      "in": "body",
      "name": "pet",
      "description": "pet",
      "required": true,
      "schema": {
        "$ref": "#/definitions/Pet"
      }
    },
    {
      "name": "petId",
      "in": "path",
      "description": "petId",
      "required": true,
      "type": "integer",
      "format": "int32"
    }
  ]
}
--- Response ---
{
  "status": 400,
  "body": "{\"className\":\"org.springframework.http.converter.HttpMessageNotReadableException\",\"exMessage\":\"Required request body is missing: public org.springframework.http.ResponseEntity<org.springframework.samples.petclinic.model.Pet> org.springframework.samples.petclinic.rest.PetRestController.updatePet(int,org.springframework.samples.petclinic.model.Pet,org.springframework.validation.BindingResult)\"}",
  "headers": {
    "Vary": "Origin, Access-Control-Request-Method, Access-Control-Request-Headers",
    "X-Content-Type-Options": "nosniff",
    "X-XSS-Protection": "1; mode=block",
    "Cache-Control": "no-cache, no-store, max-age=0, must-revalidate",
    "Pragma": "no-cache",
    "Expires": "0",
    "X-Frame-Options": "DENY",
    "Content-Type": "text/plain;charset=UTF-8",
    "Content-Length": "395",
    "Date": "Thu, 02 Oct 2025 12:22:19 GMT",
    "Connection": "close"
  }
}
-----------------------------

Reason: ❗ Undeclared status code: 500
--- Request ---
{
  "method": "GET",
  "url": "/error",
  "headers": {
    "Content-Type": "application/json"
  },
  "body": null,
  "parameters": []
}
--- Response ---
{
  "status": 500,
  "body": "{\"timestamp\":\"2025-10-02T12:22:20.599+0000\",\"status\":999,\"error\":\"None\",\"message\":\"No message available\"}",
  "headers": {
    "X-Content-Type-Options": "nosniff",
    "X-XSS-Protection": "1; mode=block",
    "Cache-Control": "no-cache, no-store, max-age=0, must-revalidate",
    "Pragma": "no-cache",
    "Expires": "0",
    "X-Frame-Options": "DENY",
    "Content-Type": "application/json",
    "Transfer-Encoding": "chunked",
    "Date": "Thu, 02 Oct 2025 12:22:20 GMT",
    "Connection": "close"
  }
}
-----------------------------

Reason: ❗ Undeclared status code: 400
--- Request ---
{
  "method": "PUT",
  "url": "/api/vets/10",
  "headers": {
    "Content-Type": "application/json"
  },
  "body": null,
  "parameters": [
    {
      "in": "body",
      "name": "vet",
      "description": "vet",
      "required": true,
      "schema": {
        "$ref": "#/definitions/Vet"
      }
    },
    {
      "name": "vetId",
      "in": "path",
      "description": "vetId",
      "required": true,
      "type": "integer",
      "format": "int32"
    }
  ]
}
--- Response ---
{
  "status": 400,
  "body": "{\"className\":\"org.springframework.http.converter.HttpMessageNotReadableException\",\"exMessage\":\"Required request body is missing: public org.springframework.http.ResponseEntity<org.springframework.samples.petclinic.model.Vet> org.springframework.samples.petclinic.rest.VetRestController.updateVet(int,org.springframework.samples.petclinic.model.Vet,org.springframework.validation.BindingResult)\"}",
  "headers": {
    "Vary": "Origin, Access-Control-Request-Method, Access-Control-Request-Headers",
    "X-Content-Type-Options": "nosniff",
    "X-XSS-Protection": "1; mode=block",
    "Cache-Control": "no-cache, no-store, max-age=0, must-revalidate",
    "Pragma": "no-cache",
    "Expires": "0",
    "X-Frame-Options": "DENY",
    "Content-Type": "text/plain;charset=UTF-8",
    "Content-Length": "395",
    "Date": "Thu, 02 Oct 2025 12:22:20 GMT",
    "Connection": "close"
  }
}
-----------------------------

Reason: ❗ Undeclared status code: 400
--- Request ---
{
  "method": "PUT",
  "url": "/api/pets/4",
  "headers": {
    "Content-Type": "application/json"
  },
  "body": null,
  "parameters": [
    {
      "in": "body",
      "name": "pet",
      "description": "pet",
      "required": true,
      "schema": {
        "$ref": "#/definitions/Pet"
      }
    },
    {
      "name": "petId",
      "in": "path",
      "description": "petId",
      "required": true,
      "type": "integer",
      "format": "int32"
    }
  ]
}
--- Response ---
{
  "status": 400,
  "body": "{\"className\":\"org.springframework.http.converter.HttpMessageNotReadableException\",\"exMessage\":\"Required request body is missing: public org.springframework.http.ResponseEntity<org.springframework.samples.petclinic.model.Pet> org.springframework.samples.petclinic.rest.PetRestController.updatePet(int,org.springframework.samples.petclinic.model.Pet,org.springframework.validation.BindingResult)\"}",
  "headers": {
    "Vary": "Origin, Access-Control-Request-Method, Access-Control-Request-Headers",
    "X-Content-Type-Options": "nosniff",
    "X-XSS-Protection": "1; mode=block",
    "Cache-Control": "no-cache, no-store, max-age=0, must-revalidate",
    "Pragma": "no-cache",
    "Expires": "0",
    "X-Frame-Options": "DENY",
    "Content-Type": "text/plain;charset=UTF-8",
    "Content-Length": "395",
    "Date": "Thu, 02 Oct 2025 12:22:20 GMT",
    "Connection": "close"
  }
}
-----------------------------

Reason: ❗ Undeclared status code: 500
--- Request ---
{
  "method": "HEAD",
  "url": "/error",
  "headers": {
    "Content-Type": "application/json"
  },
  "body": null,
  "parameters": []
}
--- Response ---
{
  "status": 500,
  "body": "",
  "headers": {
    "X-Content-Type-Options": "nosniff",
    "X-XSS-Protection": "1; mode=block",
    "Cache-Control": "no-cache, no-store, max-age=0, must-revalidate",
    "Pragma": "no-cache",
    "Expires": "0",
    "X-Frame-Options": "DENY",
    "Content-Type": "application/json",
    "Transfer-Encoding": "chunked",
    "Date": "Thu, 02 Oct 2025 12:22:20 GMT",
    "Connection": "close"
  }
}
-----------------------------

Reason: ❗ Undeclared status code: 500
--- Request ---
{
  "method": "GET",
  "url": "/error",
  "headers": {
    "Content-Type": "application/json"
  },
  "body": null,
  "parameters": []
}
--- Response ---
{
  "status": 500,
  "body": "{\"timestamp\":\"2025-10-02T12:22:22.179+0000\",\"status\":999,\"error\":\"None\",\"message\":\"No message available\"}",
  "headers": {
    "X-Content-Type-Options": "nosniff",
    "X-XSS-Protection": "1; mode=block",
    "Cache-Control": "no-cache, no-store, max-age=0, must-revalidate",
    "Pragma": "no-cache",
    "Expires": "0",
    "X-Frame-Options": "DENY",
    "Content-Type": "application/json",
    "Transfer-Encoding": "chunked",
    "Date": "Thu, 02 Oct 2025 12:22:21 GMT",
    "Connection": "close"
  }
}
-----------------------------

Reason: ❗ Undeclared status code: 500
--- Request ---
{
  "method": "HEAD",
  "url": "/error",
  "headers": {
    "Content-Type": "application/json"
  },
  "body": null,
  "parameters": []
}
--- Response ---
{
  "status": 500,
  "body": "",
  "headers": {
    "X-Content-Type-Options": "nosniff",
    "X-XSS-Protection": "1; mode=block",
    "Cache-Control": "no-cache, no-store, max-age=0, must-revalidate",
    "Pragma": "no-cache",
    "Expires": "0",
    "X-Frame-Options": "DENY",
    "Content-Type": "application/json",
    "Transfer-Encoding": "chunked",
    "Date": "Thu, 02 Oct 2025 12:22:22 GMT",
    "Connection": "close"
  }
}
-----------------------------

Reason: ❗ Undeclared status code: 500
--- Request ---
{
  "method": "PUT",
  "url": "/error",
  "headers": {
    "Content-Type": "application/json"
  },
  "body": null,
  "parameters": []
}
--- Response ---
{
  "status": 500,
  "body": "{\"timestamp\":\"2025-10-02T12:22:23.507+0000\",\"status\":999,\"error\":\"None\",\"message\":\"No message available\"}",
  "headers": {
    "X-Content-Type-Options": "nosniff",
    "X-XSS-Protection": "1; mode=block",
    "Cache-Control": "no-cache, no-store, max-age=0, must-revalidate",
    "Pragma": "no-cache",
    "Expires": "0",
    "X-Frame-Options": "DENY",
    "Content-Type": "application/json",
    "Transfer-Encoding": "chunked",
    "Date": "Thu, 02 Oct 2025 12:22:22 GMT",
    "Connection": "close"
  }
}
-----------------------------

Reason: ❗ Undeclared status code: 500
--- Request ---
{
  "method": "POST",
  "url": "/error",
  "headers": {
    "Content-Type": "application/json"
  },
  "body": null,
  "parameters": []
}
--- Response ---
{
  "status": 500,
  "body": "{\"timestamp\":\"2025-10-02T12:22:28.071+0000\",\"status\":999,\"error\":\"None\",\"message\":\"No message available\"}",
  "headers": {
    "X-Content-Type-Options": "nosniff",
    "X-XSS-Protection": "1; mode=block",
    "Cache-Control": "no-cache, no-store, max-age=0, must-revalidate",
    "Pragma": "no-cache",
    "Expires": "0",
    "X-Frame-Options": "DENY",
    "Content-Type": "application/json",
    "Transfer-Encoding": "chunked",
    "Date": "Thu, 02 Oct 2025 12:22:27 GMT",
    "Connection": "close"
  }
}
-----------------------------

Reason: ❗ Undeclared status code: 400
--- Request ---
{
  "method": "DELETE",
  "url": "/api/specialties/2",
  "headers": {
    "Content-Type": "application/json"
  },
  "body": null,
  "parameters": [
    {
      "name": "specialtyId",
      "in": "path",
      "description": "specialtyId",
      "required": true,
      "type": "integer",
      "format": "int32"
    }
  ]
}
--- Response ---
{
  "status": 400,
  "body": "{\"className\":\"org.springframework.dao.DataIntegrityViolationException\",\"exMessage\":\"could not execute statement; SQL [n/a]; constraint [null]; nested exception is org.hibernate.exception.ConstraintViolationException: could not execute statement\"}",
  "headers": {
    "Vary": "Origin, Access-Control-Request-Method, Access-Control-Request-Headers",
    "X-Content-Type-Options": "nosniff",
    "X-XSS-Protection": "1; mode=block",
    "Cache-Control": "no-cache, no-store, max-age=0, must-revalidate",
    "Pragma": "no-cache",
    "Expires": "0",
    "X-Frame-Options": "DENY",
    "Content-Type": "text/plain;charset=UTF-8",
    "Content-Length": "246",
    "Date": "Thu, 02 Oct 2025 12:22:28 GMT",
    "Connection": "close"
  }
}
-----------------------------

Reason: ❗ Undeclared status code: 400
--- Request ---
{
  "method": "POST",
  "url": "/api/specialties",
  "headers": {
    "Content-Type": "application/json"
  },
  "body": {
    "id": 124
  }
}
--- Response ---
{
  "status": 400,
  "body": "",
  "headers": {
    "Vary": "Origin, Access-Control-Request-Method, Access-Control-Request-Headers",
    "errors": "[{\"objectName\":\"specialty\",\"fieldName\":\"name\",\"fieldValue\":\"null\",\"errorMessage\":\"must not be empty\"}]",
    "X-Content-Type-Options": "nosniff",
    "X-XSS-Protection": "1; mode=block",
    "Cache-Control": "no-cache, no-store, max-age=0, must-revalidate",
    "Pragma": "no-cache",
    "Expires": "0",
    "X-Frame-Options": "DENY",
    "Content-Length": "0",
    "Date": "Thu, 02 Oct 2025 12:22:29 GMT",
    "Connection": "close"
  }
}
-----------------------------

Reason: ❗ Undeclared status code: 400
--- Request ---
{
  "method": "PUT",
  "url": "/api/specialties/3",
  "headers": {
    "Content-Type": "application/json"
  },
  "body": null,
  "parameters": [
    {
      "in": "body",
      "name": "specialty",
      "description": "specialty",
      "required": true,
      "schema": {
        "$ref": "#/definitions/Specialty"
      }
    },
    {
      "name": "specialtyId",
      "in": "path",
      "description": "specialtyId",
      "required": true,
      "type": "integer",
      "format": "int32"
    }
  ]
}
--- Response ---
{
  "status": 400,
  "body": "{\"className\":\"org.springframework.http.converter.HttpMessageNotReadableException\",\"exMessage\":\"Required request body is missing: public org.springframework.http.ResponseEntity<org.springframework.samples.petclinic.model.Specialty> org.springframework.samples.petclinic.rest.SpecialtyRestController.updateSpecialty(int,org.springframework.samples.petclinic.model.Specialty,org.springframework.validation.BindingResult)\"}",
  "headers": {
    "Vary": "Origin, Access-Control-Request-Method, Access-Control-Request-Headers",
    "X-Content-Type-Options": "nosniff",
    "X-XSS-Protection": "1; mode=block",
    "Cache-Control": "no-cache, no-store, max-age=0, must-revalidate",
    "Pragma": "no-cache",
    "Expires": "0",
    "X-Frame-Options": "DENY",
    "Content-Type": "text/plain;charset=UTF-8",
    "Content-Length": "419",
    "Date": "Thu, 02 Oct 2025 12:22:29 GMT",
    "Connection": "close"
  }
}
-----------------------------

Reason: ❗ Undeclared status code: 400
--- Request ---
{
  "method": "POST",
  "url": "/api/owners",
  "headers": {
    "Content-Type": "application/json"
  },
  "body": {
    "pets": [
      {
        "birthDate": "2025-01-01T00:00:00Z",
        "id": 123,
        "name": "example-string",
        "owner": "fallback",
        "type": {
          "id": 123,
          "name": "example-string"
        },
        "visits": [
          {
            "date": "yyyy/MM/dd",
            "description": "example-string",
            "id": 123,
            "pet": "fallback"
          }
        ]
      }
    ]
  },
  "parameters": [
    {
      "in": "body",
      "name": "owner",
      "description": "owner",
      "required": true,
      "schema": {
        "$ref": "#/definitions/Owner"
      }
    }
  ]
}
--- Response ---
{
  "status": 400,
  "body": "{\"className\":\"java.lang.NullPointerException\",\"exMessage\":null}",
  "headers": {
    "Vary": "Origin, Access-Control-Request-Method, Access-Control-Request-Headers",
    "X-Content-Type-Options": "nosniff",
    "X-XSS-Protection": "1; mode=block",
    "Cache-Control": "no-cache, no-store, max-age=0, must-revalidate",
    "Pragma": "no-cache",
    "Expires": "0",
    "X-Frame-Options": "DENY",
    "Content-Type": "text/plain;charset=UTF-8",
    "Content-Length": "63",
    "Date": "Thu, 02 Oct 2025 12:22:30 GMT",
    "Connection": "close"
  }
}
-----------------------------

Reason: ❗ Undeclared status code: 500
--- Request ---
{
  "method": "HEAD",
  "url": "/error",
  "headers": {
    "Content-Type": "application/json"
  },
  "body": null,
  "parameters": []
}
--- Response ---
{
  "status": 500,
  "body": "",
  "headers": {
    "X-Content-Type-Options": "nosniff",
    "X-XSS-Protection": "1; mode=block",
    "Cache-Control": "no-cache, no-store, max-age=0, must-revalidate",
    "Pragma": "no-cache",
    "Expires": "0",
    "X-Frame-Options": "DENY",
    "Content-Type": "application/json",
    "Transfer-Encoding": "chunked",
    "Date": "Thu, 02 Oct 2025 12:22:32 GMT",
    "Connection": "close"
  }
}
-----------------------------

Reason: ❗ Undeclared status code: 500
--- Request ---
{
  "method": "HEAD",
  "url": "/error",
  "headers": {
    "Content-Type": "application/json"
  },
  "body": null,
  "parameters": []
}
--- Response ---
{
  "status": 500,
  "body": "",
  "headers": {
    "X-Content-Type-Options": "nosniff",
    "X-XSS-Protection": "1; mode=block",
    "Cache-Control": "no-cache, no-store, max-age=0, must-revalidate",
    "Pragma": "no-cache",
    "Expires": "0",
    "X-Frame-Options": "DENY",
    "Content-Type": "application/json",
    "Transfer-Encoding": "chunked",
    "Date": "Thu, 02 Oct 2025 12:22:33 GMT",
    "Connection": "close"
  }
}
-----------------------------

Reason: ❗ Undeclared status code: 500
--- Request ---
{
  "method": "POST",
  "url": "/error",
  "headers": {
    "Content-Type": "application/json"
  },
  "body": null,
  "parameters": []
}
--- Response ---
{
  "status": 500,
  "body": "{\"timestamp\":\"2025-10-02T12:22:34.904+0000\",\"status\":999,\"error\":\"None\",\"message\":\"No message available\"}",
  "headers": {
    "X-Content-Type-Options": "nosniff",
    "X-XSS-Protection": "1; mode=block",
    "Cache-Control": "no-cache, no-store, max-age=0, must-revalidate",
    "Pragma": "no-cache",
    "Expires": "0",
    "X-Frame-Options": "DENY",
    "Content-Type": "application/json",
    "Transfer-Encoding": "chunked",
    "Date": "Thu, 02 Oct 2025 12:22:33 GMT",
    "Connection": "close"
  }
}
-----------------------------

Reason: ❗ Undeclared status code: 500
--- Request ---
{
  "method": "PUT",
  "url": "/error",
  "headers": {
    "Content-Type": "application/json"
  },
  "body": null,
  "parameters": []
}
--- Response ---
{
  "status": 500,
  "body": "{\"timestamp\":\"2025-10-02T12:22:35.360+0000\",\"status\":999,\"error\":\"None\",\"message\":\"No message available\"}",
  "headers": {
    "X-Content-Type-Options": "nosniff",
    "X-XSS-Protection": "1; mode=block",
    "Cache-Control": "no-cache, no-store, max-age=0, must-revalidate",
    "Pragma": "no-cache",
    "Expires": "0",
    "X-Frame-Options": "DENY",
    "Content-Type": "application/json",
    "Transfer-Encoding": "chunked",
    "Date": "Thu, 02 Oct 2025 12:22:35 GMT",
    "Connection": "close"
  }
}
-----------------------------

Reason: ❗ Undeclared status code: 400
--- Request ---
{
  "method": "POST",
  "url": "/api/pets",
  "headers": {
    "Content-Type": "application/json"
  },
  "body": {
    "name": "example-string",
    "type": {
      "id": 123,
      "name": "example-string"
    }
  }
}
--- Response ---
{
  "status": 400,
  "body": "{\"className\":\"java.lang.NullPointerException\",\"exMessage\":null}",
  "headers": {
    "Vary": "Origin, Access-Control-Request-Method, Access-Control-Request-Headers",
    "X-Content-Type-Options": "nosniff",
    "X-XSS-Protection": "1; mode=block",
    "Cache-Control": "no-cache, no-store, max-age=0, must-revalidate",
    "Pragma": "no-cache",
    "Expires": "0",
    "X-Frame-Options": "DENY",
    "Content-Type": "text/plain;charset=UTF-8",
    "Content-Length": "63",
    "Date": "Thu, 02 Oct 2025 12:22:36 GMT",
    "Connection": "close"
  }
}
-----------------------------

Reason: ❗ Undeclared status code: 400
--- Request ---
{
  "method": "PUT",
  "url": "/api/pets/4",
  "headers": {
    "Content-Type": "application/json"
  },
  "body": null,
  "parameters": [
    {
      "in": "body",
      "name": "pet",
      "description": "pet",
      "required": true,
      "schema": {
        "$ref": "#/definitions/Pet"
      }
    },
    {
      "name": "petId",
      "in": "path",
      "description": "petId",
      "required": true,
      "type": "integer",
      "format": "int32"
    }
  ]
}
--- Response ---
{
  "status": 400,
  "body": "{\"className\":\"org.springframework.http.converter.HttpMessageNotReadableException\",\"exMessage\":\"Required request body is missing: public org.springframework.http.ResponseEntity<org.springframework.samples.petclinic.model.Pet> org.springframework.samples.petclinic.rest.PetRestController.updatePet(int,org.springframework.samples.petclinic.model.Pet,org.springframework.validation.BindingResult)\"}",
  "headers": {
    "Vary": "Origin, Access-Control-Request-Method, Access-Control-Request-Headers",
    "X-Content-Type-Options": "nosniff",
    "X-XSS-Protection": "1; mode=block",
    "Cache-Control": "no-cache, no-store, max-age=0, must-revalidate",
    "Pragma": "no-cache",
    "Expires": "0",
    "X-Frame-Options": "DENY",
    "Content-Type": "text/plain;charset=UTF-8",
    "Content-Length": "395",
    "Date": "Thu, 02 Oct 2025 12:22:37 GMT",
    "Connection": "close"
  }
}
-----------------------------

Reason: ❗ Undeclared status code: 400
--- Request ---
{
  "method": "PUT",
  "url": "/api/vets/10",
  "headers": {
    "Content-Type": "application/json"
  },
  "body": null,
  "parameters": [
    {
      "in": "body",
      "name": "vet",
      "description": "vet",
      "required": true,
      "schema": {
        "$ref": "#/definitions/Vet"
      }
    },
    {
      "name": "vetId",
      "in": "path",
      "description": "vetId",
      "required": true,
      "type": "integer",
      "format": "int32"
    }
  ]
}
--- Response ---
{
  "status": 400,
  "body": "{\"className\":\"org.springframework.http.converter.HttpMessageNotReadableException\",\"exMessage\":\"Required request body is missing: public org.springframework.http.ResponseEntity<org.springframework.samples.petclinic.model.Vet> org.springframework.samples.petclinic.rest.VetRestController.updateVet(int,org.springframework.samples.petclinic.model.Vet,org.springframework.validation.BindingResult)\"}",
  "headers": {
    "Vary": "Origin, Access-Control-Request-Method, Access-Control-Request-Headers",
    "X-Content-Type-Options": "nosniff",
    "X-XSS-Protection": "1; mode=block",
    "Cache-Control": "no-cache, no-store, max-age=0, must-revalidate",
    "Pragma": "no-cache",
    "Expires": "0",
    "X-Frame-Options": "DENY",
    "Content-Type": "text/plain;charset=UTF-8",
    "Content-Length": "395",
    "Date": "Thu, 02 Oct 2025 12:22:38 GMT",
    "Connection": "close"
  }
}
-----------------------------

Reason: ❗ Undeclared status code: 500
--- Request ---
{
  "method": "POST",
  "url": "/error",
  "headers": {
    "Content-Type": "application/json"
  },
  "body": null,
  "parameters": []
}
--- Response ---
{
  "status": 500,
  "body": "{\"timestamp\":\"2025-10-02T12:22:39.210+0000\",\"status\":999,\"error\":\"None\",\"message\":\"No message available\"}",
  "headers": {
    "X-Content-Type-Options": "nosniff",
    "X-XSS-Protection": "1; mode=block",
    "Cache-Control": "no-cache, no-store, max-age=0, must-revalidate",
    "Pragma": "no-cache",
    "Expires": "0",
    "X-Frame-Options": "DENY",
    "Content-Type": "application/json",
    "Transfer-Encoding": "chunked",
    "Date": "Thu, 02 Oct 2025 12:22:38 GMT",
    "Connection": "close"
  }
}
-----------------------------

Reason: ❗ Undeclared status code: 400
--- Request ---
{
  "method": "POST",
  "url": "/api/pets",
  "headers": {
    "Content-Type": "application/json"
  },
  "body": {
    "name": "example-string",
    "type": {
      "id": 123,
      "name": "example-string"
    }
  }
}
--- Response ---
{
  "status": 400,
  "body": "{\"className\":\"java.lang.NullPointerException\",\"exMessage\":null}",
  "headers": {
    "Vary": "Origin, Access-Control-Request-Method, Access-Control-Request-Headers",
    "X-Content-Type-Options": "nosniff",
    "X-XSS-Protection": "1; mode=block",
    "Cache-Control": "no-cache, no-store, max-age=0, must-revalidate",
    "Pragma": "no-cache",
    "Expires": "0",
    "X-Frame-Options": "DENY",
    "Content-Type": "text/plain;charset=UTF-8",
    "Content-Length": "63",
    "Date": "Thu, 02 Oct 2025 12:22:39 GMT",
    "Connection": "close"
  }
}
-----------------------------

Reason: ❗ Undeclared status code: 500
--- Request ---
{
  "method": "GET",
  "url": "/error",
  "headers": {
    "Content-Type": "application/json"
  },
  "body": null,
  "parameters": []
}
--- Response ---
{
  "status": 500,
  "body": "{\"timestamp\":\"2025-10-02T12:22:39.884+0000\",\"status\":999,\"error\":\"None\",\"message\":\"No message available\"}",
  "headers": {
    "X-Content-Type-Options": "nosniff",
    "X-XSS-Protection": "1; mode=block",
    "Cache-Control": "no-cache, no-store, max-age=0, must-revalidate",
    "Pragma": "no-cache",
    "Expires": "0",
    "X-Frame-Options": "DENY",
    "Content-Type": "application/json",
    "Transfer-Encoding": "chunked",
    "Date": "Thu, 02 Oct 2025 12:22:39 GMT",
    "Connection": "close"
  }
}
-----------------------------

Reason: ❗ Undeclared status code: 500
--- Request ---
{
  "method": "HEAD",
  "url": "/error",
  "headers": {
    "Content-Type": "application/json"
  },
  "body": null,
  "parameters": []
}
--- Response ---
{
  "status": 500,
  "body": "",
  "headers": {
    "X-Content-Type-Options": "nosniff",
    "X-XSS-Protection": "1; mode=block",
    "Cache-Control": "no-cache, no-store, max-age=0, must-revalidate",
    "Pragma": "no-cache",
    "Expires": "0",
    "X-Frame-Options": "DENY",
    "Content-Type": "application/json",
    "Transfer-Encoding": "chunked",
    "Date": "Thu, 02 Oct 2025 12:22:40 GMT",
    "Connection": "close"
  }
}
-----------------------------

Reason: ❗ Undeclared status code: 500
--- Request ---
{
  "method": "HEAD",
  "url": "/error",
  "headers": {
    "Content-Type": "application/json"
  },
  "body": null,
  "parameters": []
}
--- Response ---
{
  "status": 500,
  "body": "",
  "headers": {
    "X-Content-Type-Options": "nosniff",
    "X-XSS-Protection": "1; mode=block",
    "Cache-Control": "no-cache, no-store, max-age=0, must-revalidate",
    "Pragma": "no-cache",
    "Expires": "0",
    "X-Frame-Options": "DENY",
    "Content-Type": "application/json",
    "Transfer-Encoding": "chunked",
    "Date": "Thu, 02 Oct 2025 12:22:40 GMT",
    "Connection": "close"
  }
}
-----------------------------

Reason: ❗ Undeclared status code: 400
--- Request ---
{
  "method": "PUT",
  "url": "/api/specialties/3",
  "headers": {
    "Content-Type": "application/json"
  },
  "body": null,
  "parameters": [
    {
      "in": "body",
      "name": "specialty",
      "description": "specialty",
      "required": true,
      "schema": {
        "$ref": "#/definitions/Specialty"
      }
    },
    {
      "name": "specialtyId",
      "in": "path",
      "description": "specialtyId",
      "required": true,
      "type": "integer",
      "format": "int32"
    }
  ]
}
--- Response ---
{
  "status": 400,
  "body": "{\"className\":\"org.springframework.http.converter.HttpMessageNotReadableException\",\"exMessage\":\"Required request body is missing: public org.springframework.http.ResponseEntity<org.springframework.samples.petclinic.model.Specialty> org.springframework.samples.petclinic.rest.SpecialtyRestController.updateSpecialty(int,org.springframework.samples.petclinic.model.Specialty,org.springframework.validation.BindingResult)\"}",
  "headers": {
    "Vary": "Origin, Access-Control-Request-Method, Access-Control-Request-Headers",
    "X-Content-Type-Options": "nosniff",
    "X-XSS-Protection": "1; mode=block",
    "Cache-Control": "no-cache, no-store, max-age=0, must-revalidate",
    "Pragma": "no-cache",
    "Expires": "0",
    "X-Frame-Options": "DENY",
    "Content-Type": "text/plain;charset=UTF-8",
    "Content-Length": "419",
    "Date": "Thu, 02 Oct 2025 12:22:41 GMT",
    "Connection": "close"
  }
}
-----------------------------

Reason: ❗ Undeclared status code: 400
--- Request ---
{
  "method": "PUT",
  "url": "/api/vets/6",
  "headers": {
    "Content-Type": "application/json"
  },
  "body": null,
  "parameters": [
    {
      "in": "body",
      "name": "vet",
      "description": "vet",
      "required": true,
      "schema": {
        "$ref": "#/definitions/Vet"
      }
    },
    {
      "name": "vetId",
      "in": "path",
      "description": "vetId",
      "required": true,
      "type": "integer",
      "format": "int32"
    }
  ]
}
--- Response ---
{
  "status": 400,
  "body": "{\"className\":\"org.springframework.http.converter.HttpMessageNotReadableException\",\"exMessage\":\"Required request body is missing: public org.springframework.http.ResponseEntity<org.springframework.samples.petclinic.model.Vet> org.springframework.samples.petclinic.rest.VetRestController.updateVet(int,org.springframework.samples.petclinic.model.Vet,org.springframework.validation.BindingResult)\"}",
  "headers": {
    "Vary": "Origin, Access-Control-Request-Method, Access-Control-Request-Headers",
    "X-Content-Type-Options": "nosniff",
    "X-XSS-Protection": "1; mode=block",
    "Cache-Control": "no-cache, no-store, max-age=0, must-revalidate",
    "Pragma": "no-cache",
    "Expires": "0",
    "X-Frame-Options": "DENY",
    "Content-Type": "text/plain;charset=UTF-8",
    "Content-Length": "395",
    "Date": "Thu, 02 Oct 2025 12:22:44 GMT",
    "Connection": "close"
  }
}
-----------------------------

Reason: ❗ Undeclared status code: 500
--- Request ---
{
  "method": "PATCH",
  "url": "/error",
  "headers": {
    "Content-Type": "application/json"
  },
  "body": null,
  "parameters": []
}
--- Response ---
{
  "status": 500,
  "body": "{\"timestamp\":\"2025-10-02T12:22:45.583+0000\",\"status\":999,\"error\":\"None\",\"message\":\"No message available\"}",
  "headers": {
    "X-Content-Type-Options": "nosniff",
    "X-XSS-Protection": "1; mode=block",
    "Cache-Control": "no-cache, no-store, max-age=0, must-revalidate",
    "Pragma": "no-cache",
    "Expires": "0",
    "X-Frame-Options": "DENY",
    "Content-Type": "application/json",
    "Transfer-Encoding": "chunked",
    "Date": "Thu, 02 Oct 2025 12:22:45 GMT",
    "Connection": "close"
  }
}
-----------------------------

Reason: ❗ Undeclared status code: 500
--- Request ---
{
  "method": "HEAD",
  "url": "/error",
  "headers": {
    "Content-Type": "application/json"
  },
  "body": null,
  "parameters": []
}
--- Response ---
{
  "status": 500,
  "body": "",
  "headers": {
    "X-Content-Type-Options": "nosniff",
    "X-XSS-Protection": "1; mode=block",
    "Cache-Control": "no-cache, no-store, max-age=0, must-revalidate",
    "Pragma": "no-cache",
    "Expires": "0",
    "X-Frame-Options": "DENY",
    "Content-Type": "application/json",
    "Transfer-Encoding": "chunked",
    "Date": "Thu, 02 Oct 2025 12:22:46 GMT",
    "Connection": "close"
  }
}
-----------------------------

Reason: ❗ Undeclared status code: 400
--- Request ---
{
  "method": "PUT",
  "url": "/api/pets/19",
  "headers": {
    "Content-Type": "application/json"
  },
  "body": null,
  "parameters": [
    {
      "in": "body",
      "name": "pet",
      "description": "pet",
      "required": true,
      "schema": {
        "$ref": "#/definitions/Pet"
      }
    },
    {
      "name": "petId",
      "in": "path",
      "description": "petId",
      "required": true,
      "type": "integer",
      "format": "int32"
    }
  ]
}
--- Response ---
{
  "status": 400,
  "body": "{\"className\":\"org.springframework.http.converter.HttpMessageNotReadableException\",\"exMessage\":\"Required request body is missing: public org.springframework.http.ResponseEntity<org.springframework.samples.petclinic.model.Pet> org.springframework.samples.petclinic.rest.PetRestController.updatePet(int,org.springframework.samples.petclinic.model.Pet,org.springframework.validation.BindingResult)\"}",
  "headers": {
    "Vary": "Origin, Access-Control-Request-Method, Access-Control-Request-Headers",
    "X-Content-Type-Options": "nosniff",
    "X-XSS-Protection": "1; mode=block",
    "Cache-Control": "no-cache, no-store, max-age=0, must-revalidate",
    "Pragma": "no-cache",
    "Expires": "0",
    "X-Frame-Options": "DENY",
    "Content-Type": "text/plain;charset=UTF-8",
    "Content-Length": "395",
    "Date": "Thu, 02 Oct 2025 12:22:46 GMT",
    "Connection": "close"
  }
}
-----------------------------

Reason: ❗ Undeclared status code: 400
--- Request ---
{
  "method": "POST",
  "url": "/api/pets",
  "headers": {
    "Content-Type": "application/json"
  },
  "body": {
    "name": "example-string",
    "type": {
      "id": 123,
      "name": "example-string"
    }
  }
}
--- Response ---
{
  "status": 400,
  "body": "{\"className\":\"java.lang.NullPointerException\",\"exMessage\":null}",
  "headers": {
    "Vary": "Origin, Access-Control-Request-Method, Access-Control-Request-Headers",
    "X-Content-Type-Options": "nosniff",
    "X-XSS-Protection": "1; mode=block",
    "Cache-Control": "no-cache, no-store, max-age=0, must-revalidate",
    "Pragma": "no-cache",
    "Expires": "0",
    "X-Frame-Options": "DENY",
    "Content-Type": "text/plain;charset=UTF-8",
    "Content-Length": "63",
    "Date": "Thu, 02 Oct 2025 12:22:47 GMT",
    "Connection": "close"
  }
}
-----------------------------

Reason: ❗ Undeclared status code: 500
--- Request ---
{
  "method": "GET",
  "url": "/error",
  "headers": {
    "Content-Type": "application/json"
  },
  "body": null,
  "parameters": []
}
--- Response ---
{
  "status": 500,
  "body": "{\"timestamp\":\"2025-10-02T12:22:48.056+0000\",\"status\":999,\"error\":\"None\",\"message\":\"No message available\"}",
  "headers": {
    "X-Content-Type-Options": "nosniff",
    "X-XSS-Protection": "1; mode=block",
    "Cache-Control": "no-cache, no-store, max-age=0, must-revalidate",
    "Pragma": "no-cache",
    "Expires": "0",
    "X-Frame-Options": "DENY",
    "Content-Type": "application/json",
    "Transfer-Encoding": "chunked",
    "Date": "Thu, 02 Oct 2025 12:22:47 GMT",
    "Connection": "close"
  }
}
-----------------------------

Reason: ❗ Undeclared status code: 400
--- Request ---
{
  "method": "DELETE",
  "url": "/api/specialties/2",
  "headers": {
    "Content-Type": "application/json"
  },
  "body": null,
  "parameters": [
    {
      "name": "specialtyId",
      "in": "path",
      "description": "specialtyId",
      "required": true,
      "type": "integer",
      "format": "int32"
    }
  ]
}
--- Response ---
{
  "status": 400,
  "body": "{\"className\":\"org.springframework.dao.DataIntegrityViolationException\",\"exMessage\":\"could not execute statement; SQL [n/a]; constraint [null]; nested exception is org.hibernate.exception.ConstraintViolationException: could not execute statement\"}",
  "headers": {
    "Vary": "Origin, Access-Control-Request-Method, Access-Control-Request-Headers",
    "X-Content-Type-Options": "nosniff",
    "X-XSS-Protection": "1; mode=block",
    "Cache-Control": "no-cache, no-store, max-age=0, must-revalidate",
    "Pragma": "no-cache",
    "Expires": "0",
    "X-Frame-Options": "DENY",
    "Content-Type": "text/plain;charset=UTF-8",
    "Content-Length": "246",
    "Date": "Thu, 02 Oct 2025 12:22:47 GMT",
    "Connection": "close"
  }
}
-----------------------------

Reason: ❗ Undeclared status code: 500
--- Request ---
{
  "method": "DELETE",
  "url": "/error",
  "headers": {
    "Content-Type": "application/json"
  },
  "body": null,
  "parameters": []
}
--- Response ---
{
  "status": 500,
  "body": "{\"timestamp\":\"2025-10-02T12:22:48.753+0000\",\"status\":999,\"error\":\"None\",\"message\":\"No message available\"}",
  "headers": {
    "X-Content-Type-Options": "nosniff",
    "X-XSS-Protection": "1; mode=block",
    "Cache-Control": "no-cache, no-store, max-age=0, must-revalidate",
    "Pragma": "no-cache",
    "Expires": "0",
    "X-Frame-Options": "DENY",
    "Content-Type": "application/json",
    "Transfer-Encoding": "chunked",
    "Date": "Thu, 02 Oct 2025 12:22:48 GMT",
    "Connection": "close"
  }
}
-----------------------------

Reason: ❗ Undeclared status code: 400
--- Request ---
{
  "method": "PUT",
  "url": "/api/pets/4",
  "headers": {
    "Content-Type": "application/json"
  },
  "body": null,
  "parameters": [
    {
      "in": "body",
      "name": "pet",
      "description": "pet",
      "required": true,
      "schema": {
        "$ref": "#/definitions/Pet"
      }
    },
    {
      "name": "petId",
      "in": "path",
      "description": "petId",
      "required": true,
      "type": "integer",
      "format": "int32"
    }
  ]
}
--- Response ---
{
  "status": 400,
  "body": "{\"className\":\"org.springframework.http.converter.HttpMessageNotReadableException\",\"exMessage\":\"Required request body is missing: public org.springframework.http.ResponseEntity<org.springframework.samples.petclinic.model.Pet> org.springframework.samples.petclinic.rest.PetRestController.updatePet(int,org.springframework.samples.petclinic.model.Pet,org.springframework.validation.BindingResult)\"}",
  "headers": {
    "Vary": "Origin, Access-Control-Request-Method, Access-Control-Request-Headers",
    "X-Content-Type-Options": "nosniff",
    "X-XSS-Protection": "1; mode=block",
    "Cache-Control": "no-cache, no-store, max-age=0, must-revalidate",
    "Pragma": "no-cache",
    "Expires": "0",
    "X-Frame-Options": "DENY",
    "Content-Type": "text/plain;charset=UTF-8",
    "Content-Length": "395",
    "Date": "Thu, 02 Oct 2025 12:22:48 GMT",
    "Connection": "close"
  }
}
-----------------------------

Reason: ❗ Undeclared status code: 500
--- Request ---
{
  "method": "HEAD",
  "url": "/error",
  "headers": {
    "Content-Type": "application/json"
  },
  "body": null,
  "parameters": []
}
--- Response ---
{
  "status": 500,
  "body": "",
  "headers": {
    "X-Content-Type-Options": "nosniff",
    "X-XSS-Protection": "1; mode=block",
    "Cache-Control": "no-cache, no-store, max-age=0, must-revalidate",
    "Pragma": "no-cache",
    "Expires": "0",
    "X-Frame-Options": "DENY",
    "Content-Type": "application/json",
    "Transfer-Encoding": "chunked",
    "Date": "Thu, 02 Oct 2025 12:22:49 GMT",
    "Connection": "close"
  }
}
-----------------------------

Reason: ❗ Undeclared status code: 400
--- Request ---
{
  "method": "PUT",
  "url": "/api/pets/19",
  "headers": {
    "Content-Type": "application/json"
  },
  "body": null,
  "parameters": [
    {
      "in": "body",
      "name": "pet",
      "description": "pet",
      "required": true,
      "schema": {
        "$ref": "#/definitions/Pet"
      }
    },
    {
      "name": "petId",
      "in": "path",
      "description": "petId",
      "required": true,
      "type": "integer",
      "format": "int32"
    }
  ]
}
--- Response ---
{
  "status": 400,
  "body": "{\"className\":\"org.springframework.http.converter.HttpMessageNotReadableException\",\"exMessage\":\"Required request body is missing: public org.springframework.http.ResponseEntity<org.springframework.samples.petclinic.model.Pet> org.springframework.samples.petclinic.rest.PetRestController.updatePet(int,org.springframework.samples.petclinic.model.Pet,org.springframework.validation.BindingResult)\"}",
  "headers": {
    "Vary": "Origin, Access-Control-Request-Method, Access-Control-Request-Headers",
    "X-Content-Type-Options": "nosniff",
    "X-XSS-Protection": "1; mode=block",
    "Cache-Control": "no-cache, no-store, max-age=0, must-revalidate",
    "Pragma": "no-cache",
    "Expires": "0",
    "X-Frame-Options": "DENY",
    "Content-Type": "text/plain;charset=UTF-8",
    "Content-Length": "395",
    "Date": "Thu, 02 Oct 2025 12:22:49 GMT",
    "Connection": "close"
  }
}
-----------------------------

Reason: ❗ Undeclared status code: 500
--- Request ---
{
  "method": "HEAD",
  "url": "/error",
  "headers": {
    "Content-Type": "application/json"
  },
  "body": null,
  "parameters": []
}
--- Response ---
{
  "status": 500,
  "body": "",
  "headers": {
    "X-Content-Type-Options": "nosniff",
    "X-XSS-Protection": "1; mode=block",
    "Cache-Control": "no-cache, no-store, max-age=0, must-revalidate",
    "Pragma": "no-cache",
    "Expires": "0",
    "X-Frame-Options": "DENY",
    "Content-Type": "application/json",
    "Transfer-Encoding": "chunked",
    "Date": "Thu, 02 Oct 2025 12:22:51 GMT",
    "Connection": "close"
  }
}
-----------------------------

Reason: ❗ Undeclared status code: 500
--- Request ---
{
  "method": "HEAD",
  "url": "/error",
  "headers": {
    "Content-Type": "application/json"
  },
  "body": null,
  "parameters": []
}
--- Response ---
{
  "status": 500,
  "body": "",
  "headers": {
    "X-Content-Type-Options": "nosniff",
    "X-XSS-Protection": "1; mode=block",
    "Cache-Control": "no-cache, no-store, max-age=0, must-revalidate",
    "Pragma": "no-cache",
    "Expires": "0",
    "X-Frame-Options": "DENY",
    "Content-Type": "application/json",
    "Transfer-Encoding": "chunked",
    "Date": "Thu, 02 Oct 2025 12:22:51 GMT",
    "Connection": "close"
  }
}
-----------------------------

Reason: ❗ Undeclared status code: 500
--- Request ---
{
  "method": "HEAD",
  "url": "/error",
  "headers": {
    "Content-Type": "application/json"
  },
  "body": null,
  "parameters": []
}
--- Response ---
{
  "status": 500,
  "body": "",
  "headers": {
    "X-Content-Type-Options": "nosniff",
    "X-XSS-Protection": "1; mode=block",
    "Cache-Control": "no-cache, no-store, max-age=0, must-revalidate",
    "Pragma": "no-cache",
    "Expires": "0",
    "X-Frame-Options": "DENY",
    "Content-Type": "application/json",
    "Transfer-Encoding": "chunked",
    "Date": "Thu, 02 Oct 2025 12:22:51 GMT",
    "Connection": "close"
  }
}
-----------------------------

Reason: ❗ Undeclared status code: 500
--- Request ---
{
  "method": "HEAD",
  "url": "/error",
  "headers": {
    "Content-Type": "application/json"
  },
  "body": null,
  "parameters": []
}
--- Response ---
{
  "status": 500,
  "body": "",
  "headers": {
    "X-Content-Type-Options": "nosniff",
    "X-XSS-Protection": "1; mode=block",
    "Cache-Control": "no-cache, no-store, max-age=0, must-revalidate",
    "Pragma": "no-cache",
    "Expires": "0",
    "X-Frame-Options": "DENY",
    "Content-Type": "application/json",
    "Transfer-Encoding": "chunked",
    "Date": "Thu, 02 Oct 2025 12:22:52 GMT",
    "Connection": "close"
  }
}
-----------------------------

Reason: ❗ Undeclared status code: 400
--- Request ---
{
  "method": "POST",
  "url": "/api/owners",
  "headers": {
    "Content-Type": "application/json"
  },
  "body": {
    "pets": [
      {
        "birthDate": "2025-01-01T00:00:00Z",
        "id": 123,
        "name": "example-string",
        "owner": "fallback",
        "type": {
          "id": 123,
          "name": "example-string"
        },
        "visits": [
          {
            "date": "yyyy/MM/dd",
            "description": "example-string",
            "id": 123,
            "pet": "fallback"
          }
        ]
      }
    ]
  },
  "parameters": [
    {
      "in": "body",
      "name": "owner",
      "description": "owner",
      "required": true,
      "schema": {
        "$ref": "#/definitions/Owner"
      }
    }
  ]
}
--- Response ---
{
  "status": 400,
  "body": "{\"className\":\"java.lang.NullPointerException\",\"exMessage\":null}",
  "headers": {
    "Vary": "Origin, Access-Control-Request-Method, Access-Control-Request-Headers",
    "X-Content-Type-Options": "nosniff",
    "X-XSS-Protection": "1; mode=block",
    "Cache-Control": "no-cache, no-store, max-age=0, must-revalidate",
    "Pragma": "no-cache",
    "Expires": "0",
    "X-Frame-Options": "DENY",
    "Content-Type": "text/plain;charset=UTF-8",
    "Content-Length": "63",
    "Date": "Thu, 02 Oct 2025 12:22:54 GMT",
    "Connection": "close"
  }
}
-----------------------------

Reason: ❗ Undeclared status code: 400
--- Request ---
{
  "method": "PUT",
  "url": "/api/specialties/10",
  "headers": {
    "Content-Type": "application/json"
  },
  "body": null,
  "parameters": [
    {
      "in": "body",
      "name": "specialty",
      "description": "specialty",
      "required": true,
      "schema": {
        "$ref": "#/definitions/Specialty"
      }
    },
    {
      "name": "specialtyId",
      "in": "path",
      "description": "specialtyId",
      "required": true,
      "type": "integer",
      "format": "int32"
    }
  ]
}
--- Response ---
{
  "status": 400,
  "body": "{\"className\":\"org.springframework.http.converter.HttpMessageNotReadableException\",\"exMessage\":\"Required request body is missing: public org.springframework.http.ResponseEntity<org.springframework.samples.petclinic.model.Specialty> org.springframework.samples.petclinic.rest.SpecialtyRestController.updateSpecialty(int,org.springframework.samples.petclinic.model.Specialty,org.springframework.validation.BindingResult)\"}",
  "headers": {
    "Vary": "Origin, Access-Control-Request-Method, Access-Control-Request-Headers",
    "X-Content-Type-Options": "nosniff",
    "X-XSS-Protection": "1; mode=block",
    "Cache-Control": "no-cache, no-store, max-age=0, must-revalidate",
    "Pragma": "no-cache",
    "Expires": "0",
    "X-Frame-Options": "DENY",
    "Content-Type": "text/plain;charset=UTF-8",
    "Content-Length": "419",
    "Date": "Thu, 02 Oct 2025 12:22:55 GMT",
    "Connection": "close"
  }
}
-----------------------------

Reason: ❗ Undeclared status code: 400
--- Request ---
{
  "method": "PUT",
  "url": "/api/pets/19",
  "headers": {
    "Content-Type": "application/json"
  },
  "body": null,
  "parameters": [
    {
      "in": "body",
      "name": "pet",
      "description": "pet",
      "required": true,
      "schema": {
        "$ref": "#/definitions/Pet"
      }
    },
    {
      "name": "petId",
      "in": "path",
      "description": "petId",
      "required": true,
      "type": "integer",
      "format": "int32"
    }
  ]
}
--- Response ---
{
  "status": 400,
  "body": "{\"className\":\"org.springframework.http.converter.HttpMessageNotReadableException\",\"exMessage\":\"Required request body is missing: public org.springframework.http.ResponseEntity<org.springframework.samples.petclinic.model.Pet> org.springframework.samples.petclinic.rest.PetRestController.updatePet(int,org.springframework.samples.petclinic.model.Pet,org.springframework.validation.BindingResult)\"}",
  "headers": {
    "Vary": "Origin, Access-Control-Request-Method, Access-Control-Request-Headers",
    "X-Content-Type-Options": "nosniff",
    "X-XSS-Protection": "1; mode=block",
    "Cache-Control": "no-cache, no-store, max-age=0, must-revalidate",
    "Pragma": "no-cache",
    "Expires": "0",
    "X-Frame-Options": "DENY",
    "Content-Type": "text/plain;charset=UTF-8",
    "Content-Length": "395",
    "Date": "Thu, 02 Oct 2025 12:22:56 GMT",
    "Connection": "close"
  }
}
-----------------------------

Reason: ❗ Undeclared status code: 400
--- Request ---
{
  "method": "POST",
  "url": "/api/owners",
  "headers": {
    "Content-Type": "application/json"
  },
  "body": {
    "lastName": "example-string"
  },
  "parameters": [
    {
      "in": "body",
      "name": "owner",
      "description": "owner",
      "required": true,
      "schema": {
        "$ref": "#/definitions/Owner"
      }
    }
  ]
}
--- Response ---
{
  "status": 400,
  "body": "{\"className\":\"java.lang.NullPointerException\",\"exMessage\":null}",
  "headers": {
    "Vary": "Origin, Access-Control-Request-Method, Access-Control-Request-Headers",
    "X-Content-Type-Options": "nosniff",
    "X-XSS-Protection": "1; mode=block",
    "Cache-Control": "no-cache, no-store, max-age=0, must-revalidate",
    "Pragma": "no-cache",
    "Expires": "0",
    "X-Frame-Options": "DENY",
    "Content-Type": "text/plain;charset=UTF-8",
    "Content-Length": "63",
    "Date": "Thu, 02 Oct 2025 12:22:58 GMT",
    "Connection": "close"
  }
}
-----------------------------

Reason: ❗ Undeclared status code: 500
--- Request ---
{
  "method": "HEAD",
  "url": "/error",
  "headers": {
    "Content-Type": "application/json"
  },
  "body": null,
  "parameters": []
}
--- Response ---
{
  "status": 500,
  "body": "",
  "headers": {
    "X-Content-Type-Options": "nosniff",
    "X-XSS-Protection": "1; mode=block",
    "Cache-Control": "no-cache, no-store, max-age=0, must-revalidate",
    "Pragma": "no-cache",
    "Expires": "0",
    "X-Frame-Options": "DENY",
    "Content-Type": "application/json",
    "Transfer-Encoding": "chunked",
    "Date": "Thu, 02 Oct 2025 12:22:58 GMT",
    "Connection": "close"
  }
}
-----------------------------

Reason: ❗ Undeclared status code: 500
--- Request ---
{
  "method": "HEAD",
  "url": "/error",
  "headers": {
    "Content-Type": "application/json"
  },
  "body": null,
  "parameters": []
}
--- Response ---
{
  "status": 500,
  "body": "",
  "headers": {
    "X-Content-Type-Options": "nosniff",
    "X-XSS-Protection": "1; mode=block",
    "Cache-Control": "no-cache, no-store, max-age=0, must-revalidate",
    "Pragma": "no-cache",
    "Expires": "0",
    "X-Frame-Options": "DENY",
    "Content-Type": "application/json",
    "Transfer-Encoding": "chunked",
    "Date": "Thu, 02 Oct 2025 12:23:00 GMT",
    "Connection": "close"
  }
}
-----------------------------

Reason: ❗ Undeclared status code: 500
--- Request ---
{
  "method": "POST",
  "url": "/error",
  "headers": {
    "Content-Type": "application/json"
  },
  "body": null,
  "parameters": []
}
--- Response ---
{
  "status": 500,
  "body": "{\"timestamp\":\"2025-10-02T12:23:02.126+0000\",\"status\":999,\"error\":\"None\",\"message\":\"No message available\"}",
  "headers": {
    "X-Content-Type-Options": "nosniff",
    "X-XSS-Protection": "1; mode=block",
    "Cache-Control": "no-cache, no-store, max-age=0, must-revalidate",
    "Pragma": "no-cache",
    "Expires": "0",
    "X-Frame-Options": "DENY",
    "Content-Type": "application/json",
    "Transfer-Encoding": "chunked",
    "Date": "Thu, 02 Oct 2025 12:23:01 GMT",
    "Connection": "close"
  }
}
-----------------------------

Reason: ❗ Undeclared status code: 500
--- Request ---
{
  "method": "HEAD",
  "url": "/error",
  "headers": {
    "Content-Type": "application/json"
  },
  "body": null,
  "parameters": []
}
--- Response ---
{
  "status": 500,
  "body": "",
  "headers": {
    "X-Content-Type-Options": "nosniff",
    "X-XSS-Protection": "1; mode=block",
    "Cache-Control": "no-cache, no-store, max-age=0, must-revalidate",
    "Pragma": "no-cache",
    "Expires": "0",
    "X-Frame-Options": "DENY",
    "Content-Type": "application/json",
    "Transfer-Encoding": "chunked",
    "Date": "Thu, 02 Oct 2025 12:23:02 GMT",
    "Connection": "close"
  }
}
-----------------------------

Reason: ❗ Undeclared status code: 500
--- Request ---
{
  "method": "GET",
  "url": "/error",
  "headers": {
    "Content-Type": "application/json"
  },
  "body": null,
  "parameters": []
}
--- Response ---
{
  "status": 500,
  "body": "{\"timestamp\":\"2025-10-02T12:23:05.219+0000\",\"status\":999,\"error\":\"None\",\"message\":\"No message available\"}",
  "headers": {
    "X-Content-Type-Options": "nosniff",
    "X-XSS-Protection": "1; mode=block",
    "Cache-Control": "no-cache, no-store, max-age=0, must-revalidate",
    "Pragma": "no-cache",
    "Expires": "0",
    "X-Frame-Options": "DENY",
    "Content-Type": "application/json",
    "Transfer-Encoding": "chunked",
    "Date": "Thu, 02 Oct 2025 12:23:04 GMT",
    "Connection": "close"
  }
}
-----------------------------

Reason: ❗ Undeclared status code: 400
--- Request ---
{
  "method": "POST",
  "url": "/api/owners",
  "headers": {
    "Content-Type": "application/json"
  },
  "body": {
    "telephone": "example-string"
  },
  "parameters": [
    {
      "in": "body",
      "name": "owner",
      "description": "owner",
      "required": true,
      "schema": {
        "$ref": "#/definitions/Owner"
      }
    }
  ]
}
--- Response ---
{
  "status": 400,
  "body": "{\"className\":\"java.lang.NullPointerException\",\"exMessage\":null}",
  "headers": {
    "Vary": "Origin, Access-Control-Request-Method, Access-Control-Request-Headers",
    "X-Content-Type-Options": "nosniff",
    "X-XSS-Protection": "1; mode=block",
    "Cache-Control": "no-cache, no-store, max-age=0, must-revalidate",
    "Pragma": "no-cache",
    "Expires": "0",
    "X-Frame-Options": "DENY",
    "Content-Type": "text/plain;charset=UTF-8",
    "Content-Length": "63",
    "Date": "Thu, 02 Oct 2025 12:23:04 GMT",
    "Connection": "close"
  }
}
-----------------------------

Reason: ❗ Undeclared status code: 500
--- Request ---
{
  "method": "GET",
  "url": "/error",
  "headers": {
    "Content-Type": "application/json"
  },
  "body": null,
  "parameters": []
}
--- Response ---
{
  "status": 500,
  "body": "{\"timestamp\":\"2025-10-02T12:23:06.545+0000\",\"status\":999,\"error\":\"None\",\"message\":\"No message available\"}",
  "headers": {
    "X-Content-Type-Options": "nosniff",
    "X-XSS-Protection": "1; mode=block",
    "Cache-Control": "no-cache, no-store, max-age=0, must-revalidate",
    "Pragma": "no-cache",
    "Expires": "0",
    "X-Frame-Options": "DENY",
    "Content-Type": "application/json",
    "Transfer-Encoding": "chunked",
    "Date": "Thu, 02 Oct 2025 12:23:05 GMT",
    "Connection": "close"
  }
}
-----------------------------

Reason: ❗ Undeclared status code: 500
--- Request ---
{
  "method": "PUT",
  "url": "/error",
  "headers": {
    "Content-Type": "application/json"
  },
  "body": null,
  "parameters": []
}
--- Response ---
{
  "status": 500,
  "body": "{\"timestamp\":\"2025-10-02T12:23:08.555+0000\",\"status\":999,\"error\":\"None\",\"message\":\"No message available\"}",
  "headers": {
    "X-Content-Type-Options": "nosniff",
    "X-XSS-Protection": "1; mode=block",
    "Cache-Control": "no-cache, no-store, max-age=0, must-revalidate",
    "Pragma": "no-cache",
    "Expires": "0",
    "X-Frame-Options": "DENY",
    "Content-Type": "application/json",
    "Transfer-Encoding": "chunked",
    "Date": "Thu, 02 Oct 2025 12:23:07 GMT",
    "Connection": "close"
  }
}
-----------------------------

Reason: ❗ Undeclared status code: 500
--- Request ---
{
  "method": "HEAD",
  "url": "/error",
  "headers": {
    "Content-Type": "application/json"
  },
  "body": null,
  "parameters": []
}
--- Response ---
{
  "status": 500,
  "body": "",
  "headers": {
    "X-Content-Type-Options": "nosniff",
    "X-XSS-Protection": "1; mode=block",
    "Cache-Control": "no-cache, no-store, max-age=0, must-revalidate",
    "Pragma": "no-cache",
    "Expires": "0",
    "X-Frame-Options": "DENY",
    "Content-Type": "application/json",
    "Transfer-Encoding": "chunked",
    "Date": "Thu, 02 Oct 2025 12:23:09 GMT",
    "Connection": "close"
  }
}
-----------------------------

Reason: ❗ Undeclared status code: 500
--- Request ---
{
  "method": "HEAD",
  "url": "/error",
  "headers": {
    "Content-Type": "application/json"
  },
  "body": null,
  "parameters": []
}
--- Response ---
{
  "status": 500,
  "body": "",
  "headers": {
    "X-Content-Type-Options": "nosniff",
    "X-XSS-Protection": "1; mode=block",
    "Cache-Control": "no-cache, no-store, max-age=0, must-revalidate",
    "Pragma": "no-cache",
    "Expires": "0",
    "X-Frame-Options": "DENY",
    "Content-Type": "application/json",
    "Transfer-Encoding": "chunked",
    "Date": "Thu, 02 Oct 2025 12:23:12 GMT",
    "Connection": "close"
  }
}
-----------------------------

Reason: ❗ Undeclared status code: 500
--- Request ---
{
  "method": "HEAD",
  "url": "/error",
  "headers": {
    "Content-Type": "application/json"
  },
  "body": null,
  "parameters": []
}
--- Response ---
{
  "status": 500,
  "body": "",
  "headers": {
    "X-Content-Type-Options": "nosniff",
    "X-XSS-Protection": "1; mode=block",
    "Cache-Control": "no-cache, no-store, max-age=0, must-revalidate",
    "Pragma": "no-cache",
    "Expires": "0",
    "X-Frame-Options": "DENY",
    "Content-Type": "application/json",
    "Transfer-Encoding": "chunked",
    "Date": "Thu, 02 Oct 2025 12:23:14 GMT",
    "Connection": "close"
  }
}
-----------------------------

Reason: ❗ Undeclared status code: 400
--- Request ---
{
  "method": "POST",
  "url": "/api/owners",
  "headers": {
    "Content-Type": "application/json"
  },
  "body": {
    "telephone": "example-string"
  },
  "parameters": [
    {
      "in": "body",
      "name": "owner",
      "description": "owner",
      "required": true,
      "schema": {
        "$ref": "#/definitions/Owner"
      }
    }
  ]
}
--- Response ---
{
  "status": 400,
  "body": "{\"className\":\"java.lang.NullPointerException\",\"exMessage\":null}",
  "headers": {
    "Vary": "Origin, Access-Control-Request-Method, Access-Control-Request-Headers",
    "X-Content-Type-Options": "nosniff",
    "X-XSS-Protection": "1; mode=block",
    "Cache-Control": "no-cache, no-store, max-age=0, must-revalidate",
    "Pragma": "no-cache",
    "Expires": "0",
    "X-Frame-Options": "DENY",
    "Content-Type": "text/plain;charset=UTF-8",
    "Content-Length": "63",
    "Date": "Thu, 02 Oct 2025 12:23:19 GMT",
    "Connection": "close"
  }
}
-----------------------------

Reason: ❗ Undeclared status code: 500
--- Request ---
{
  "method": "HEAD",
  "url": "/error",
  "headers": {
    "Content-Type": "application/json"
  },
  "body": null,
  "parameters": []
}
--- Response ---
{
  "status": 500,
  "body": "",
  "headers": {
    "X-Content-Type-Options": "nosniff",
    "X-XSS-Protection": "1; mode=block",
    "Cache-Control": "no-cache, no-store, max-age=0, must-revalidate",
    "Pragma": "no-cache",
    "Expires": "0",
    "X-Frame-Options": "DENY",
    "Content-Type": "application/json",
    "Transfer-Encoding": "chunked",
    "Date": "Thu, 02 Oct 2025 12:23:24 GMT",
    "Connection": "close"
  }
}
-----------------------------

Reason: ❗ Undeclared status code: 400
--- Request ---
{
  "method": "PUT",
  "url": "/api/pets/4",
  "headers": {
    "Content-Type": "application/json"
  },
  "body": null,
  "parameters": [
    {
      "in": "body",
      "name": "pet",
      "description": "pet",
      "required": true,
      "schema": {
        "$ref": "#/definitions/Pet"
      }
    },
    {
      "name": "petId",
      "in": "path",
      "description": "petId",
      "required": true,
      "type": "integer",
      "format": "int32"
    }
  ]
}
--- Response ---
{
  "status": 400,
  "body": "{\"className\":\"org.springframework.http.converter.HttpMessageNotReadableException\",\"exMessage\":\"Required request body is missing: public org.springframework.http.ResponseEntity<org.springframework.samples.petclinic.model.Pet> org.springframework.samples.petclinic.rest.PetRestController.updatePet(int,org.springframework.samples.petclinic.model.Pet,org.springframework.validation.BindingResult)\"}",
  "headers": {
    "Vary": "Origin, Access-Control-Request-Method, Access-Control-Request-Headers",
    "X-Content-Type-Options": "nosniff",
    "X-XSS-Protection": "1; mode=block",
    "Cache-Control": "no-cache, no-store, max-age=0, must-revalidate",
    "Pragma": "no-cache",
    "Expires": "0",
    "X-Frame-Options": "DENY",
    "Content-Type": "text/plain;charset=UTF-8",
    "Content-Length": "395",
    "Date": "Thu, 02 Oct 2025 12:23:29 GMT",
    "Connection": "close"
  }
}
-----------------------------

Reason: ❗ Undeclared status code: 500
--- Request ---
{
  "method": "HEAD",
  "url": "/error",
  "headers": {
    "Content-Type": "application/json"
  },
  "body": null,
  "parameters": []
}
--- Response ---
{
  "status": 500,
  "body": "",
  "headers": {
    "X-Content-Type-Options": "nosniff",
    "X-XSS-Protection": "1; mode=block",
    "Cache-Control": "no-cache, no-store, max-age=0, must-revalidate",
    "Pragma": "no-cache",
    "Expires": "0",
    "X-Frame-Options": "DENY",
    "Content-Type": "application/json",
    "Transfer-Encoding": "chunked",
    "Date": "Thu, 02 Oct 2025 12:23:30 GMT",
    "Connection": "close"
  }
}
-----------------------------

Reason: ❗ Undeclared status code: 500
--- Request ---
{
  "method": "HEAD",
  "url": "/error",
  "headers": {
    "Content-Type": "application/json"
  },
  "body": null,
  "parameters": []
}
--- Response ---
{
  "status": 500,
  "body": "",
  "headers": {
    "X-Content-Type-Options": "nosniff",
    "X-XSS-Protection": "1; mode=block",
    "Cache-Control": "no-cache, no-store, max-age=0, must-revalidate",
    "Pragma": "no-cache",
    "Expires": "0",
    "X-Frame-Options": "DENY",
    "Content-Type": "application/json",
    "Transfer-Encoding": "chunked",
    "Date": "Thu, 02 Oct 2025 12:23:30 GMT",
    "Connection": "close"
  }
}
-----------------------------

Reason: ❗ Undeclared status code: 500
--- Request ---
{
  "method": "GET",
  "url": "/error",
  "headers": {
    "Content-Type": "application/json"
  },
  "body": null,
  "parameters": []
}
--- Response ---
{
  "status": 500,
  "body": "{\"timestamp\":\"2025-10-02T12:23:34.380+0000\",\"status\":999,\"error\":\"None\",\"message\":\"No message available\"}",
  "headers": {
    "X-Content-Type-Options": "nosniff",
    "X-XSS-Protection": "1; mode=block",
    "Cache-Control": "no-cache, no-store, max-age=0, must-revalidate",
    "Pragma": "no-cache",
    "Expires": "0",
    "X-Frame-Options": "DENY",
    "Content-Type": "application/json",
    "Transfer-Encoding": "chunked",
    "Date": "Thu, 02 Oct 2025 12:23:33 GMT",
    "Connection": "close"
  }
}
-----------------------------

Reason: ❗ Undeclared status code: 400
--- Request ---
{
  "method": "POST",
  "url": "/api/owners",
  "headers": {
    "Content-Type": "application/json"
  },
  "body": {
    "firstName": "example-string",
    "lastName": "example-string"
  }
}
--- Response ---
{
  "status": 400,
  "body": "{\"className\":\"java.lang.NullPointerException\",\"exMessage\":null}",
  "headers": {
    "Vary": "Origin, Access-Control-Request-Method, Access-Control-Request-Headers",
    "X-Content-Type-Options": "nosniff",
    "X-XSS-Protection": "1; mode=block",
    "Cache-Control": "no-cache, no-store, max-age=0, must-revalidate",
    "Pragma": "no-cache",
    "Expires": "0",
    "X-Frame-Options": "DENY",
    "Content-Type": "text/plain;charset=UTF-8",
    "Content-Length": "63",
    "Date": "Thu, 02 Oct 2025 12:23:35 GMT",
    "Connection": "close"
  }
}
-----------------------------

Reason: ❗ Undeclared status code: 400
--- Request ---
{
  "method": "PUT",
  "url": "/api/specialties/3",
  "headers": {
    "Content-Type": "application/json"
  },
  "body": null,
  "parameters": [
    {
      "in": "body",
      "name": "specialty",
      "description": "specialty",
      "required": true,
      "schema": {
        "$ref": "#/definitions/Specialty"
      }
    },
    {
      "name": "specialtyId",
      "in": "path",
      "description": "specialtyId",
      "required": true,
      "type": "integer",
      "format": "int32"
    }
  ]
}
--- Response ---
{
  "status": 400,
  "body": "{\"className\":\"org.springframework.http.converter.HttpMessageNotReadableException\",\"exMessage\":\"Required request body is missing: public org.springframework.http.ResponseEntity<org.springframework.samples.petclinic.model.Specialty> org.springframework.samples.petclinic.rest.SpecialtyRestController.updateSpecialty(int,org.springframework.samples.petclinic.model.Specialty,org.springframework.validation.BindingResult)\"}",
  "headers": {
    "Vary": "Origin, Access-Control-Request-Method, Access-Control-Request-Headers",
    "X-Content-Type-Options": "nosniff",
    "X-XSS-Protection": "1; mode=block",
    "Cache-Control": "no-cache, no-store, max-age=0, must-revalidate",
    "Pragma": "no-cache",
    "Expires": "0",
    "X-Frame-Options": "DENY",
    "Content-Type": "text/plain;charset=UTF-8",
    "Content-Length": "419",
    "Date": "Thu, 02 Oct 2025 12:23:35 GMT",
    "Connection": "close"
  }
}
-----------------------------

Reason: ❗ Undeclared status code: 500
--- Request ---
{
  "method": "GET",
  "url": "/error",
  "headers": {
    "Content-Type": "application/json"
  },
  "body": null,
  "parameters": []
}
--- Response ---
{
  "status": 500,
  "body": "{\"timestamp\":\"2025-10-02T12:23:39.309+0000\",\"status\":999,\"error\":\"None\",\"message\":\"No message available\"}",
  "headers": {
    "X-Content-Type-Options": "nosniff",
    "X-XSS-Protection": "1; mode=block",
    "Cache-Control": "no-cache, no-store, max-age=0, must-revalidate",
    "Pragma": "no-cache",
    "Expires": "0",
    "X-Frame-Options": "DENY",
    "Content-Type": "application/json",
    "Transfer-Encoding": "chunked",
    "Date": "Thu, 02 Oct 2025 12:23:39 GMT",
    "Connection": "close"
  }
}
-----------------------------

Reason: ❗ Undeclared status code: 400
--- Request ---
{
  "method": "POST",
  "url": "/api/owners",
  "headers": {
    "Content-Type": "application/json"
  },
  "body": {
    "city": "example-string"
  },
  "parameters": [
    {
      "in": "body",
      "name": "owner",
      "description": "owner",
      "required": true,
      "schema": {
        "$ref": "#/definitions/Owner"
      }
    }
  ]
}
--- Response ---
{
  "status": 400,
  "body": "{\"className\":\"java.lang.NullPointerException\",\"exMessage\":null}",
  "headers": {
    "Vary": "Origin, Access-Control-Request-Method, Access-Control-Request-Headers",
    "X-Content-Type-Options": "nosniff",
    "X-XSS-Protection": "1; mode=block",
    "Cache-Control": "no-cache, no-store, max-age=0, must-revalidate",
    "Pragma": "no-cache",
    "Expires": "0",
    "X-Frame-Options": "DENY",
    "Content-Type": "text/plain;charset=UTF-8",
    "Content-Length": "63",
    "Date": "Thu, 02 Oct 2025 12:23:46 GMT",
    "Connection": "close"
  }
}
-----------------------------

Reason: ❗ Undeclared status code: 500
--- Request ---
{
  "method": "HEAD",
  "url": "/error",
  "headers": {
    "Content-Type": "application/json"
  },
  "body": null,
  "parameters": []
}
--- Response ---
{
  "status": 500,
  "body": "",
  "headers": {
    "X-Content-Type-Options": "nosniff",
    "X-XSS-Protection": "1; mode=block",
    "Cache-Control": "no-cache, no-store, max-age=0, must-revalidate",
    "Pragma": "no-cache",
    "Expires": "0",
    "X-Frame-Options": "DENY",
    "Content-Type": "application/json",
    "Transfer-Encoding": "chunked",
    "Date": "Thu, 02 Oct 2025 12:23:46 GMT",
    "Connection": "close"
  }
}
-----------------------------

Reason: ❗ Undeclared status code: 500
--- Request ---
{
  "method": "HEAD",
  "url": "/error",
  "headers": {
    "Content-Type": "application/json"
  },
  "body": null,
  "parameters": []
}
--- Response ---
{
  "status": 500,
  "body": "",
  "headers": {
    "X-Content-Type-Options": "nosniff",
    "X-XSS-Protection": "1; mode=block",
    "Cache-Control": "no-cache, no-store, max-age=0, must-revalidate",
    "Pragma": "no-cache",
    "Expires": "0",
    "X-Frame-Options": "DENY",
    "Content-Type": "application/json",
    "Transfer-Encoding": "chunked",
    "Date": "Thu, 02 Oct 2025 12:23:47 GMT",
    "Connection": "close"
  }
}
-----------------------------

Reason: ❗ Undeclared status code: 400
--- Request ---
{
  "method": "PUT",
  "url": "/api/pets/4",
  "headers": {
    "Content-Type": "application/json"
  },
  "body": null,
  "parameters": [
    {
      "in": "body",
      "name": "pet",
      "description": "pet",
      "required": true,
      "schema": {
        "$ref": "#/definitions/Pet"
      }
    },
    {
      "name": "petId",
      "in": "path",
      "description": "petId",
      "required": true,
      "type": "integer",
      "format": "int32"
    }
  ]
}
--- Response ---
{
  "status": 400,
  "body": "{\"className\":\"org.springframework.http.converter.HttpMessageNotReadableException\",\"exMessage\":\"Required request body is missing: public org.springframework.http.ResponseEntity<org.springframework.samples.petclinic.model.Pet> org.springframework.samples.petclinic.rest.PetRestController.updatePet(int,org.springframework.samples.petclinic.model.Pet,org.springframework.validation.BindingResult)\"}",
  "headers": {
    "Vary": "Origin, Access-Control-Request-Method, Access-Control-Request-Headers",
    "X-Content-Type-Options": "nosniff",
    "X-XSS-Protection": "1; mode=block",
    "Cache-Control": "no-cache, no-store, max-age=0, must-revalidate",
    "Pragma": "no-cache",
    "Expires": "0",
    "X-Frame-Options": "DENY",
    "Content-Type": "text/plain;charset=UTF-8",
    "Content-Length": "395",
    "Date": "Thu, 02 Oct 2025 12:23:49 GMT",
    "Connection": "close"
  }
}
-----------------------------

Reason: ❗ Undeclared status code: 500
--- Request ---
{
  "method": "GET",
  "url": "/error",
  "headers": {
    "Content-Type": "application/json"
  },
  "body": null,
  "parameters": []
}
--- Response ---
{
  "status": 500,
  "body": "{\"timestamp\":\"2025-10-02T12:23:50.991+0000\",\"status\":999,\"error\":\"None\",\"message\":\"No message available\"}",
  "headers": {
    "X-Content-Type-Options": "nosniff",
    "X-XSS-Protection": "1; mode=block",
    "Cache-Control": "no-cache, no-store, max-age=0, must-revalidate",
    "Pragma": "no-cache",
    "Expires": "0",
    "X-Frame-Options": "DENY",
    "Content-Type": "application/json",
    "Transfer-Encoding": "chunked",
    "Date": "Thu, 02 Oct 2025 12:23:50 GMT",
    "Connection": "close"
  }
}
-----------------------------

Reason: ❗ Undeclared status code: 400
--- Request ---
{
  "method": "PUT",
  "url": "/api/specialties/1",
  "headers": {
    "Content-Type": "application/json"
  },
  "body": null,
  "parameters": [
    {
      "in": "body",
      "name": "specialty",
      "description": "specialty",
      "required": true,
      "schema": {
        "$ref": "#/definitions/Specialty"
      }
    },
    {
      "name": "specialtyId",
      "in": "path",
      "description": "specialtyId",
      "required": true,
      "type": "integer",
      "format": "int32"
    }
  ]
}
--- Response ---
{
  "status": 400,
  "body": "{\"className\":\"org.springframework.http.converter.HttpMessageNotReadableException\",\"exMessage\":\"Required request body is missing: public org.springframework.http.ResponseEntity<org.springframework.samples.petclinic.model.Specialty> org.springframework.samples.petclinic.rest.SpecialtyRestController.updateSpecialty(int,org.springframework.samples.petclinic.model.Specialty,org.springframework.validation.BindingResult)\"}",
  "headers": {
    "Vary": "Origin, Access-Control-Request-Method, Access-Control-Request-Headers",
    "X-Content-Type-Options": "nosniff",
    "X-XSS-Protection": "1; mode=block",
    "Cache-Control": "no-cache, no-store, max-age=0, must-revalidate",
    "Pragma": "no-cache",
    "Expires": "0",
    "X-Frame-Options": "DENY",
    "Content-Type": "text/plain;charset=UTF-8",
    "Content-Length": "419",
    "Date": "Thu, 02 Oct 2025 12:23:51 GMT",
    "Connection": "close"
  }
}
-----------------------------

Reason: ❗ Undeclared status code: 500
--- Request ---
{
  "method": "POST",
  "url": "/error",
  "headers": {
    "Content-Type": "application/json"
  },
  "body": null,
  "parameters": []
}
--- Response ---
{
  "status": 500,
  "body": "{\"timestamp\":\"2025-10-02T12:23:54.799+0000\",\"status\":999,\"error\":\"None\",\"message\":\"No message available\"}",
  "headers": {
    "X-Content-Type-Options": "nosniff",
    "X-XSS-Protection": "1; mode=block",
    "Cache-Control": "no-cache, no-store, max-age=0, must-revalidate",
    "Pragma": "no-cache",
    "Expires": "0",
    "X-Frame-Options": "DENY",
    "Content-Type": "application/json",
    "Transfer-Encoding": "chunked",
    "Date": "Thu, 02 Oct 2025 12:23:53 GMT",
    "Connection": "close"
  }
}
-----------------------------

Reason: ❗ Undeclared status code: 500
--- Request ---
{
  "method": "GET",
  "url": "/error",
  "headers": {
    "Content-Type": "application/json"
  },
  "body": null,
  "parameters": []
}
--- Response ---
{
  "status": 500,
  "body": "{\"timestamp\":\"2025-10-02T12:23:57.956+0000\",\"status\":999,\"error\":\"None\",\"message\":\"No message available\"}",
  "headers": {
    "X-Content-Type-Options": "nosniff",
    "X-XSS-Protection": "1; mode=block",
    "Cache-Control": "no-cache, no-store, max-age=0, must-revalidate",
    "Pragma": "no-cache",
    "Expires": "0",
    "X-Frame-Options": "DENY",
    "Content-Type": "application/json",
    "Transfer-Encoding": "chunked",
    "Date": "Thu, 02 Oct 2025 12:23:57 GMT",
    "Connection": "close"
  }
}
-----------------------------

Reason: ❗ Undeclared status code: 400
--- Request ---
{
  "method": "PUT",
  "url": "/api/vets/12",
  "headers": {
    "Content-Type": "application/json"
  },
  "body": null,
  "parameters": [
    {
      "in": "body",
      "name": "vet",
      "description": "vet",
      "required": true,
      "schema": {
        "$ref": "#/definitions/Vet"
      }
    },
    {
      "name": "vetId",
      "in": "path",
      "description": "vetId",
      "required": true,
      "type": "integer",
      "format": "int32"
    }
  ]
}
--- Response ---
{
  "status": 400,
  "body": "{\"className\":\"org.springframework.http.converter.HttpMessageNotReadableException\",\"exMessage\":\"Required request body is missing: public org.springframework.http.ResponseEntity<org.springframework.samples.petclinic.model.Vet> org.springframework.samples.petclinic.rest.VetRestController.updateVet(int,org.springframework.samples.petclinic.model.Vet,org.springframework.validation.BindingResult)\"}",
  "headers": {
    "Vary": "Origin, Access-Control-Request-Method, Access-Control-Request-Headers",
    "X-Content-Type-Options": "nosniff",
    "X-XSS-Protection": "1; mode=block",
    "Cache-Control": "no-cache, no-store, max-age=0, must-revalidate",
    "Pragma": "no-cache",
    "Expires": "0",
    "X-Frame-Options": "DENY",
    "Content-Type": "text/plain;charset=UTF-8",
    "Content-Length": "395",
    "Date": "Thu, 02 Oct 2025 12:23:59 GMT",
    "Connection": "close"
  }
}
-----------------------------

Reason: ❗ Undeclared status code: 400
--- Request ---
{
  "method": "PUT",
  "url": "/api/pets/19",
  "headers": {
    "Content-Type": "application/json"
  },
  "body": null,
  "parameters": [
    {
      "in": "body",
      "name": "pet",
      "description": "pet",
      "required": true,
      "schema": {
        "$ref": "#/definitions/Pet"
      }
    },
    {
      "name": "petId",
      "in": "path",
      "description": "petId",
      "required": true,
      "type": "integer",
      "format": "int32"
    }
  ]
}
--- Response ---
{
  "status": 400,
  "body": "{\"className\":\"org.springframework.http.converter.HttpMessageNotReadableException\",\"exMessage\":\"Required request body is missing: public org.springframework.http.ResponseEntity<org.springframework.samples.petclinic.model.Pet> org.springframework.samples.petclinic.rest.PetRestController.updatePet(int,org.springframework.samples.petclinic.model.Pet,org.springframework.validation.BindingResult)\"}",
  "headers": {
    "Vary": "Origin, Access-Control-Request-Method, Access-Control-Request-Headers",
    "X-Content-Type-Options": "nosniff",
    "X-XSS-Protection": "1; mode=block",
    "Cache-Control": "no-cache, no-store, max-age=0, must-revalidate",
    "Pragma": "no-cache",
    "Expires": "0",
    "X-Frame-Options": "DENY",
    "Content-Type": "text/plain;charset=UTF-8",
    "Content-Length": "395",
    "Date": "Thu, 02 Oct 2025 12:24:02 GMT",
    "Connection": "close"
  }
}
-----------------------------

Reason: ❗ Undeclared status code: 500
--- Request ---
{
  "method": "HEAD",
  "url": "/error",
  "headers": {
    "Content-Type": "application/json"
  },
  "body": null,
  "parameters": []
}
--- Response ---
{
  "status": 500,
  "body": "",
  "headers": {
    "X-Content-Type-Options": "nosniff",
    "X-XSS-Protection": "1; mode=block",
    "Cache-Control": "no-cache, no-store, max-age=0, must-revalidate",
    "Pragma": "no-cache",
    "Expires": "0",
    "X-Frame-Options": "DENY",
    "Content-Type": "application/json",
    "Transfer-Encoding": "chunked",
    "Date": "Thu, 02 Oct 2025 12:24:02 GMT",
    "Connection": "close"
  }
}
-----------------------------

Reason: ❗ Undeclared status code: 500
--- Request ---
{
  "method": "GET",
  "url": "/error",
  "headers": {
    "Content-Type": "application/json"
  },
  "body": null,
  "parameters": []
}
--- Response ---
{
  "status": 500,
  "body": "{\"timestamp\":\"2025-10-02T12:24:08.308+0000\",\"status\":999,\"error\":\"None\",\"message\":\"No message available\"}",
  "headers": {
    "X-Content-Type-Options": "nosniff",
    "X-XSS-Protection": "1; mode=block",
    "Cache-Control": "no-cache, no-store, max-age=0, must-revalidate",
    "Pragma": "no-cache",
    "Expires": "0",
    "X-Frame-Options": "DENY",
    "Content-Type": "application/json",
    "Transfer-Encoding": "chunked",
    "Date": "Thu, 02 Oct 2025 12:24:07 GMT",
    "Connection": "close"
  }
}
-----------------------------

Reason: ❗ Undeclared status code: 500
--- Request ---
{
  "method": "GET",
  "url": "/error",
  "headers": {
    "Content-Type": "application/json"
  },
  "body": null,
  "parameters": []
}
--- Response ---
{
  "status": 500,
  "body": "{\"timestamp\":\"2025-10-02T12:24:08.523+0000\",\"status\":999,\"error\":\"None\",\"message\":\"No message available\"}",
  "headers": {
    "X-Content-Type-Options": "nosniff",
    "X-XSS-Protection": "1; mode=block",
    "Cache-Control": "no-cache, no-store, max-age=0, must-revalidate",
    "Pragma": "no-cache",
    "Expires": "0",
    "X-Frame-Options": "DENY",
    "Content-Type": "application/json",
    "Transfer-Encoding": "chunked",
    "Date": "Thu, 02 Oct 2025 12:24:08 GMT",
    "Connection": "close"
  }
}
-----------------------------

Reason: ❗ Undeclared status code: 400
--- Request ---
{
  "method": "PUT",
  "url": "/api/specialties/4",
  "headers": {
    "Content-Type": "application/json"
  },
  "body": null,
  "parameters": [
    {
      "in": "body",
      "name": "specialty",
      "description": "specialty",
      "required": true,
      "schema": {
        "$ref": "#/definitions/Specialty"
      }
    },
    {
      "name": "specialtyId",
      "in": "path",
      "description": "specialtyId",
      "required": true,
      "type": "integer",
      "format": "int32"
    }
  ]
}
--- Response ---
{
  "status": 400,
  "body": "{\"className\":\"org.springframework.http.converter.HttpMessageNotReadableException\",\"exMessage\":\"Required request body is missing: public org.springframework.http.ResponseEntity<org.springframework.samples.petclinic.model.Specialty> org.springframework.samples.petclinic.rest.SpecialtyRestController.updateSpecialty(int,org.springframework.samples.petclinic.model.Specialty,org.springframework.validation.BindingResult)\"}",
  "headers": {
    "Vary": "Origin, Access-Control-Request-Method, Access-Control-Request-Headers",
    "X-Content-Type-Options": "nosniff",
    "X-XSS-Protection": "1; mode=block",
    "Cache-Control": "no-cache, no-store, max-age=0, must-revalidate",
    "Pragma": "no-cache",
    "Expires": "0",
    "X-Frame-Options": "DENY",
    "Content-Type": "text/plain;charset=UTF-8",
    "Content-Length": "419",
    "Date": "Thu, 02 Oct 2025 12:24:08 GMT",
    "Connection": "close"
  }
}
-----------------------------

Reason: ❗ Undeclared status code: 500
--- Request ---
{
  "method": "PATCH",
  "url": "/error",
  "headers": {
    "Content-Type": "application/json"
  },
  "body": null,
  "parameters": []
}
--- Response ---
{
  "status": 500,
  "body": "{\"timestamp\":\"2025-10-02T12:24:10.317+0000\",\"status\":999,\"error\":\"None\",\"message\":\"No message available\"}",
  "headers": {
    "X-Content-Type-Options": "nosniff",
    "X-XSS-Protection": "1; mode=block",
    "Cache-Control": "no-cache, no-store, max-age=0, must-revalidate",
    "Pragma": "no-cache",
    "Expires": "0",
    "X-Frame-Options": "DENY",
    "Content-Type": "application/json",
    "Transfer-Encoding": "chunked",
    "Date": "Thu, 02 Oct 2025 12:24:09 GMT",
    "Connection": "close"
  }
}
-----------------------------

Reason: ❗ Undeclared status code: 400
--- Request ---
{
  "method": "PUT",
  "url": "/api/owners/8",
  "headers": {
    "Content-Type": "application/json"
  },
  "body": null,
  "parameters": [
    {
      "in": "body",
      "name": "owner",
      "description": "owner",
      "required": true,
      "schema": {
        "$ref": "#/definitions/Owner"
      }
    },
    {
      "name": "ownerId",
      "in": "path",
      "description": "ownerId",
      "required": true,
      "type": "integer",
      "format": "int32"
    }
  ]
}
--- Response ---
{
  "status": 400,
  "body": "{\"className\":\"org.springframework.http.converter.HttpMessageNotReadableException\",\"exMessage\":\"Required request body is missing: public org.springframework.http.ResponseEntity<org.springframework.samples.petclinic.model.Owner> org.springframework.samples.petclinic.rest.OwnerRestController.updateOwner(int,org.springframework.samples.petclinic.model.Owner,org.springframework.validation.BindingResult,org.springframework.web.util.UriComponentsBuilder)\"}",
  "headers": {
    "Vary": "Origin, Access-Control-Request-Method, Access-Control-Request-Headers",
    "X-Content-Type-Options": "nosniff",
    "X-XSS-Protection": "1; mode=block",
    "Cache-Control": "no-cache, no-store, max-age=0, must-revalidate",
    "Pragma": "no-cache",
    "Expires": "0",
    "X-Frame-Options": "DENY",
    "Content-Type": "text/plain;charset=UTF-8",
    "Content-Length": "453",
    "Date": "Thu, 02 Oct 2025 12:24:12 GMT",
    "Connection": "close"
  }
}
-----------------------------

Reason: ❗ Undeclared status code: 400
--- Request ---
{
  "method": "PUT",
  "url": "/api/specialties/3",
  "headers": {
    "Content-Type": "application/json"
  },
  "body": null,
  "parameters": [
    {
      "in": "body",
      "name": "specialty",
      "description": "specialty",
      "required": true,
      "schema": {
        "$ref": "#/definitions/Specialty"
      }
    },
    {
      "name": "specialtyId",
      "in": "path",
      "description": "specialtyId",
      "required": true,
      "type": "integer",
      "format": "int32"
    }
  ]
}
--- Response ---
{
  "status": 400,
  "body": "{\"className\":\"org.springframework.http.converter.HttpMessageNotReadableException\",\"exMessage\":\"Required request body is missing: public org.springframework.http.ResponseEntity<org.springframework.samples.petclinic.model.Specialty> org.springframework.samples.petclinic.rest.SpecialtyRestController.updateSpecialty(int,org.springframework.samples.petclinic.model.Specialty,org.springframework.validation.BindingResult)\"}",
  "headers": {
    "Vary": "Origin, Access-Control-Request-Method, Access-Control-Request-Headers",
    "X-Content-Type-Options": "nosniff",
    "X-XSS-Protection": "1; mode=block",
    "Cache-Control": "no-cache, no-store, max-age=0, must-revalidate",
    "Pragma": "no-cache",
    "Expires": "0",
    "X-Frame-Options": "DENY",
    "Content-Type": "text/plain;charset=UTF-8",
    "Content-Length": "419",
    "Date": "Thu, 02 Oct 2025 12:24:18 GMT",
    "Connection": "close"
  }
}
-----------------------------

Reason: ❗ Undeclared status code: 400
--- Request ---
{
  "method": "PUT",
  "url": "/api/pets/14",
  "headers": {
    "Content-Type": "application/json"
  },
  "body": null,
  "parameters": [
    {
      "in": "body",
      "name": "pet",
      "description": "pet",
      "required": true,
      "schema": {
        "$ref": "#/definitions/Pet"
      }
    },
    {
      "name": "petId",
      "in": "path",
      "description": "petId",
      "required": true,
      "type": "integer",
      "format": "int32"
    }
  ]
}
--- Response ---
{
  "status": 400,
  "body": "{\"className\":\"org.springframework.http.converter.HttpMessageNotReadableException\",\"exMessage\":\"Required request body is missing: public org.springframework.http.ResponseEntity<org.springframework.samples.petclinic.model.Pet> org.springframework.samples.petclinic.rest.PetRestController.updatePet(int,org.springframework.samples.petclinic.model.Pet,org.springframework.validation.BindingResult)\"}",
  "headers": {
    "Vary": "Origin, Access-Control-Request-Method, Access-Control-Request-Headers",
    "X-Content-Type-Options": "nosniff",
    "X-XSS-Protection": "1; mode=block",
    "Cache-Control": "no-cache, no-store, max-age=0, must-revalidate",
    "Pragma": "no-cache",
    "Expires": "0",
    "X-Frame-Options": "DENY",
    "Content-Type": "text/plain;charset=UTF-8",
    "Content-Length": "395",
    "Date": "Thu, 02 Oct 2025 12:24:24 GMT",
    "Connection": "close"
  }
}
-----------------------------

Reason: ❗ Undeclared status code: 500
--- Request ---
{
  "method": "HEAD",
  "url": "/error",
  "headers": {
    "Content-Type": "application/json"
  },
  "body": null,
  "parameters": []
}
--- Response ---
{
  "status": 500,
  "body": "",
  "headers": {
    "X-Content-Type-Options": "nosniff",
    "X-XSS-Protection": "1; mode=block",
    "Cache-Control": "no-cache, no-store, max-age=0, must-revalidate",
    "Pragma": "no-cache",
    "Expires": "0",
    "X-Frame-Options": "DENY",
    "Content-Type": "application/json",
    "Transfer-Encoding": "chunked",
    "Date": "Thu, 02 Oct 2025 12:24:24 GMT",
    "Connection": "close"
  }
}
-----------------------------

Reason: ❗ Undeclared status code: 400
--- Request ---
{
  "method": "PUT",
  "url": "/api/vets/10",
  "headers": {
    "Content-Type": "application/json"
  },
  "body": null,
  "parameters": [
    {
      "in": "body",
      "name": "vet",
      "description": "vet",
      "required": true,
      "schema": {
        "$ref": "#/definitions/Vet"
      }
    },
    {
      "name": "vetId",
      "in": "path",
      "description": "vetId",
      "required": true,
      "type": "integer",
      "format": "int32"
    }
  ]
}
--- Response ---
{
  "status": 400,
  "body": "{\"className\":\"org.springframework.http.converter.HttpMessageNotReadableException\",\"exMessage\":\"Required request body is missing: public org.springframework.http.ResponseEntity<org.springframework.samples.petclinic.model.Vet> org.springframework.samples.petclinic.rest.VetRestController.updateVet(int,org.springframework.samples.petclinic.model.Vet,org.springframework.validation.BindingResult)\"}",
  "headers": {
    "Vary": "Origin, Access-Control-Request-Method, Access-Control-Request-Headers",
    "X-Content-Type-Options": "nosniff",
    "X-XSS-Protection": "1; mode=block",
    "Cache-Control": "no-cache, no-store, max-age=0, must-revalidate",
    "Pragma": "no-cache",
    "Expires": "0",
    "X-Frame-Options": "DENY",
    "Content-Type": "text/plain;charset=UTF-8",
    "Content-Length": "395",
    "Date": "Thu, 02 Oct 2025 12:24:31 GMT",
    "Connection": "close"
  }
}
-----------------------------

Reason: ❗ Undeclared status code: 500
--- Request ---
{
  "method": "GET",
  "url": "/error",
  "headers": {
    "Content-Type": "application/json"
  },
  "body": null,
  "parameters": []
}
--- Response ---
{
  "status": 500,
  "body": "{\"timestamp\":\"2025-10-02T12:24:32.188+0000\",\"status\":999,\"error\":\"None\",\"message\":\"No message available\"}",
  "headers": {
    "X-Content-Type-Options": "nosniff",
    "X-XSS-Protection": "1; mode=block",
    "Cache-Control": "no-cache, no-store, max-age=0, must-revalidate",
    "Pragma": "no-cache",
    "Expires": "0",
    "X-Frame-Options": "DENY",
    "Content-Type": "application/json",
    "Transfer-Encoding": "chunked",
    "Date": "Thu, 02 Oct 2025 12:24:32 GMT",
    "Connection": "close"
  }
}
-----------------------------

Reason: ❗ Undeclared status code: 400
--- Request ---
{
  "method": "POST",
  "url": "/api/pettypes",
  "headers": {
    "Content-Type": "application/json"
  },
  "body": {
    "id": 123
  },
  "parameters": [
    {
      "in": "body",
      "name": "petType",
      "description": "petType",
      "required": true,
      "schema": {
        "$ref": "#/definitions/PetType"
      }
    }
  ]
}
--- Response ---
{
  "status": 400,
  "body": "",
  "headers": {
    "Vary": "Origin, Access-Control-Request-Method, Access-Control-Request-Headers",
    "errors": "[{\"objectName\":\"petType\",\"fieldName\":\"name\",\"fieldValue\":\"null\",\"errorMessage\":\"must not be empty\"}]",
    "X-Content-Type-Options": "nosniff",
    "X-XSS-Protection": "1; mode=block",
    "Cache-Control": "no-cache, no-store, max-age=0, must-revalidate",
    "Pragma": "no-cache",
    "Expires": "0",
    "X-Frame-Options": "DENY",
    "Content-Length": "0",
    "Date": "Thu, 02 Oct 2025 12:24:34 GMT",
    "Connection": "close"
  }
}
-----------------------------

Reason: ❗ Undeclared status code: 400
--- Request ---
{
  "method": "PUT",
  "url": "/api/specialties/24",
  "headers": {
    "Content-Type": "application/json"
  },
  "body": null,
  "parameters": [
    {
      "in": "body",
      "name": "specialty",
      "description": "specialty",
      "required": true,
      "schema": {
        "$ref": "#/definitions/Specialty"
      }
    },
    {
      "name": "specialtyId",
      "in": "path",
      "description": "specialtyId",
      "required": true,
      "type": "integer",
      "format": "int32"
    }
  ]
}
--- Response ---
{
  "status": 400,
  "body": "{\"className\":\"org.springframework.http.converter.HttpMessageNotReadableException\",\"exMessage\":\"Required request body is missing: public org.springframework.http.ResponseEntity<org.springframework.samples.petclinic.model.Specialty> org.springframework.samples.petclinic.rest.SpecialtyRestController.updateSpecialty(int,org.springframework.samples.petclinic.model.Specialty,org.springframework.validation.BindingResult)\"}",
  "headers": {
    "Vary": "Origin, Access-Control-Request-Method, Access-Control-Request-Headers",
    "X-Content-Type-Options": "nosniff",
    "X-XSS-Protection": "1; mode=block",
    "Cache-Control": "no-cache, no-store, max-age=0, must-revalidate",
    "Pragma": "no-cache",
    "Expires": "0",
    "X-Frame-Options": "DENY",
    "Content-Type": "text/plain;charset=UTF-8",
    "Content-Length": "419",
    "Date": "Thu, 02 Oct 2025 12:24:35 GMT",
    "Connection": "close"
  }
}
-----------------------------

Reason: ❗ Undeclared status code: 500
--- Request ---
{
  "method": "HEAD",
  "url": "/error",
  "headers": {
    "Content-Type": "application/json"
  },
  "body": null,
  "parameters": []
}
--- Response ---
{
  "status": 500,
  "body": "",
  "headers": {
    "X-Content-Type-Options": "nosniff",
    "X-XSS-Protection": "1; mode=block",
    "Cache-Control": "no-cache, no-store, max-age=0, must-revalidate",
    "Pragma": "no-cache",
    "Expires": "0",
    "X-Frame-Options": "DENY",
    "Content-Type": "application/json",
    "Transfer-Encoding": "chunked",
    "Date": "Thu, 02 Oct 2025 12:24:36 GMT",
    "Connection": "close"
  }
}
-----------------------------

Reason: ❗ Undeclared status code: 400
--- Request ---
{
  "method": "POST",
  "url": "/api/owners",
  "headers": {
    "Content-Type": "application/json"
  },
  "body": {
    "firstName": "example-string"
  },
  "parameters": [
    {
      "in": "body",
      "name": "owner",
      "description": "owner",
      "required": true,
      "schema": {
        "$ref": "#/definitions/Owner"
      }
    }
  ]
}
--- Response ---
{
  "status": 400,
  "body": "{\"className\":\"java.lang.NullPointerException\",\"exMessage\":null}",
  "headers": {
    "Vary": "Origin, Access-Control-Request-Method, Access-Control-Request-Headers",
    "X-Content-Type-Options": "nosniff",
    "X-XSS-Protection": "1; mode=block",
    "Cache-Control": "no-cache, no-store, max-age=0, must-revalidate",
    "Pragma": "no-cache",
    "Expires": "0",
    "X-Frame-Options": "DENY",
    "Content-Type": "text/plain;charset=UTF-8",
    "Content-Length": "63",
    "Date": "Thu, 02 Oct 2025 12:24:37 GMT",
    "Connection": "close"
  }
}
-----------------------------

Reason: ❗ Undeclared status code: 400
--- Request ---
{
  "method": "PUT",
  "url": "/api/owners/3",
  "headers": {
    "Content-Type": "application/json"
  },
  "body": null,
  "parameters": [
    {
      "in": "body",
      "name": "owner",
      "description": "owner",
      "required": true,
      "schema": {
        "$ref": "#/definitions/Owner"
      }
    },
    {
      "name": "ownerId",
      "in": "path",
      "description": "ownerId",
      "required": true,
      "type": "integer",
      "format": "int32"
    }
  ]
}
--- Response ---
{
  "status": 400,
  "body": "{\"className\":\"org.springframework.http.converter.HttpMessageNotReadableException\",\"exMessage\":\"Required request body is missing: public org.springframework.http.ResponseEntity<org.springframework.samples.petclinic.model.Owner> org.springframework.samples.petclinic.rest.OwnerRestController.updateOwner(int,org.springframework.samples.petclinic.model.Owner,org.springframework.validation.BindingResult,org.springframework.web.util.UriComponentsBuilder)\"}",
  "headers": {
    "Vary": "Origin, Access-Control-Request-Method, Access-Control-Request-Headers",
    "X-Content-Type-Options": "nosniff",
    "X-XSS-Protection": "1; mode=block",
    "Cache-Control": "no-cache, no-store, max-age=0, must-revalidate",
    "Pragma": "no-cache",
    "Expires": "0",
    "X-Frame-Options": "DENY",
    "Content-Type": "text/plain;charset=UTF-8",
    "Content-Length": "453",
    "Date": "Thu, 02 Oct 2025 12:24:37 GMT",
    "Connection": "close"
  }
}
-----------------------------

Reason: ❗ Undeclared status code: 500
--- Request ---
{
  "method": "GET",
  "url": "/error",
  "headers": {
    "Content-Type": "application/json"
  },
  "body": null,
  "parameters": []
}
--- Response ---
{
  "status": 500,
  "body": "{\"timestamp\":\"2025-10-02T12:24:41.361+0000\",\"status\":999,\"error\":\"None\",\"message\":\"No message available\"}",
  "headers": {
    "X-Content-Type-Options": "nosniff",
    "X-XSS-Protection": "1; mode=block",
    "Cache-Control": "no-cache, no-store, max-age=0, must-revalidate",
    "Pragma": "no-cache",
    "Expires": "0",
    "X-Frame-Options": "DENY",
    "Content-Type": "application/json",
    "Transfer-Encoding": "chunked",
    "Date": "Thu, 02 Oct 2025 12:24:41 GMT",
    "Connection": "close"
  }
}
-----------------------------

Reason: ❗ Undeclared status code: 400
--- Request ---
{
  "method": "PUT",
  "url": "/api/specialties/4",
  "headers": {
    "Content-Type": "application/json"
  },
  "body": null,
  "parameters": [
    {
      "in": "body",
      "name": "specialty",
      "description": "specialty",
      "required": true,
      "schema": {
        "$ref": "#/definitions/Specialty"
      }
    },
    {
      "name": "specialtyId",
      "in": "path",
      "description": "specialtyId",
      "required": true,
      "type": "integer",
      "format": "int32"
    }
  ]
}
--- Response ---
{
  "status": 400,
  "body": "{\"className\":\"org.springframework.http.converter.HttpMessageNotReadableException\",\"exMessage\":\"Required request body is missing: public org.springframework.http.ResponseEntity<org.springframework.samples.petclinic.model.Specialty> org.springframework.samples.petclinic.rest.SpecialtyRestController.updateSpecialty(int,org.springframework.samples.petclinic.model.Specialty,org.springframework.validation.BindingResult)\"}",
  "headers": {
    "Vary": "Origin, Access-Control-Request-Method, Access-Control-Request-Headers",
    "X-Content-Type-Options": "nosniff",
    "X-XSS-Protection": "1; mode=block",
    "Cache-Control": "no-cache, no-store, max-age=0, must-revalidate",
    "Pragma": "no-cache",
    "Expires": "0",
    "X-Frame-Options": "DENY",
    "Content-Type": "text/plain;charset=UTF-8",
    "Content-Length": "419",
    "Date": "Thu, 02 Oct 2025 12:24:43 GMT",
    "Connection": "close"
  }
}
-----------------------------

Reason: ❗ Undeclared status code: 400
--- Request ---
{
  "method": "POST",
  "url": "/api/vets",
  "headers": {
    "Content-Type": "application/json"
  },
  "body": {
    "lastName": "example-string"
  },
  "parameters": [
    {
      "in": "body",
      "name": "vet",
      "description": "vet",
      "required": true,
      "schema": {
        "$ref": "#/definitions/Vet"
      }
    }
  ]
}
--- Response ---
{
  "status": 400,
  "body": "",
  "headers": {
    "Vary": "Origin, Access-Control-Request-Method, Access-Control-Request-Headers",
    "errors": "[{\"objectName\":\"vet\",\"fieldName\":\"firstName\",\"fieldValue\":\"null\",\"errorMessage\":\"must not be empty\"}]",
    "X-Content-Type-Options": "nosniff",
    "X-XSS-Protection": "1; mode=block",
    "Cache-Control": "no-cache, no-store, max-age=0, must-revalidate",
    "Pragma": "no-cache",
    "Expires": "0",
    "X-Frame-Options": "DENY",
    "Content-Length": "0",
    "Date": "Thu, 02 Oct 2025 12:24:43 GMT",
    "Connection": "close"
  }
}
-----------------------------

Reason: ❗ Undeclared status code: 500
--- Request ---
{
  "method": "HEAD",
  "url": "/error",
  "headers": {
    "Content-Type": "application/json"
  },
  "body": null,
  "parameters": []
}
--- Response ---
{
  "status": 500,
  "body": "",
  "headers": {
    "X-Content-Type-Options": "nosniff",
    "X-XSS-Protection": "1; mode=block",
    "Cache-Control": "no-cache, no-store, max-age=0, must-revalidate",
    "Pragma": "no-cache",
    "Expires": "0",
    "X-Frame-Options": "DENY",
    "Content-Type": "application/json",
    "Transfer-Encoding": "chunked",
    "Date": "Thu, 02 Oct 2025 12:24:44 GMT",
    "Connection": "close"
  }
}
-----------------------------

Reason: ❗ Undeclared status code: 400
--- Request ---
{
  "method": "PUT",
  "url": "/api/pets/19",
  "headers": {
    "Content-Type": "application/json"
  },
  "body": null,
  "parameters": [
    {
      "in": "body",
      "name": "pet",
      "description": "pet",
      "required": true,
      "schema": {
        "$ref": "#/definitions/Pet"
      }
    },
    {
      "name": "petId",
      "in": "path",
      "description": "petId",
      "required": true,
      "type": "integer",
      "format": "int32"
    }
  ]
}
--- Response ---
{
  "status": 400,
  "body": "{\"className\":\"org.springframework.http.converter.HttpMessageNotReadableException\",\"exMessage\":\"Required request body is missing: public org.springframework.http.ResponseEntity<org.springframework.samples.petclinic.model.Pet> org.springframework.samples.petclinic.rest.PetRestController.updatePet(int,org.springframework.samples.petclinic.model.Pet,org.springframework.validation.BindingResult)\"}",
  "headers": {
    "Vary": "Origin, Access-Control-Request-Method, Access-Control-Request-Headers",
    "X-Content-Type-Options": "nosniff",
    "X-XSS-Protection": "1; mode=block",
    "Cache-Control": "no-cache, no-store, max-age=0, must-revalidate",
    "Pragma": "no-cache",
    "Expires": "0",
    "X-Frame-Options": "DENY",
    "Content-Type": "text/plain;charset=UTF-8",
    "Content-Length": "395",
    "Date": "Thu, 02 Oct 2025 12:24:46 GMT",
    "Connection": "close"
  }
}
-----------------------------

Reason: ❗ Undeclared status code: 500
--- Request ---
{
  "method": "HEAD",
  "url": "/error",
  "headers": {
    "Content-Type": "application/json"
  },
  "body": null,
  "parameters": []
}
--- Response ---
{
  "status": 500,
  "body": "",
  "headers": {
    "X-Content-Type-Options": "nosniff",
    "X-XSS-Protection": "1; mode=block",
    "Cache-Control": "no-cache, no-store, max-age=0, must-revalidate",
    "Pragma": "no-cache",
    "Expires": "0",
    "X-Frame-Options": "DENY",
    "Content-Type": "application/json",
    "Transfer-Encoding": "chunked",
    "Date": "Thu, 02 Oct 2025 12:24:48 GMT",
    "Connection": "close"
  }
}
-----------------------------

Reason: ❗ Undeclared status code: 400
--- Request ---
{
  "method": "PUT",
  "url": "/api/owners/8",
  "headers": {
    "Content-Type": "application/json"
  },
  "body": null,
  "parameters": [
    {
      "in": "body",
      "name": "owner",
      "description": "owner",
      "required": true,
      "schema": {
        "$ref": "#/definitions/Owner"
      }
    },
    {
      "name": "ownerId",
      "in": "path",
      "description": "ownerId",
      "required": true,
      "type": "integer",
      "format": "int32"
    }
  ]
}
--- Response ---
{
  "status": 400,
  "body": "{\"className\":\"org.springframework.http.converter.HttpMessageNotReadableException\",\"exMessage\":\"Required request body is missing: public org.springframework.http.ResponseEntity<org.springframework.samples.petclinic.model.Owner> org.springframework.samples.petclinic.rest.OwnerRestController.updateOwner(int,org.springframework.samples.petclinic.model.Owner,org.springframework.validation.BindingResult,org.springframework.web.util.UriComponentsBuilder)\"}",
  "headers": {
    "Vary": "Origin, Access-Control-Request-Method, Access-Control-Request-Headers",
    "X-Content-Type-Options": "nosniff",
    "X-XSS-Protection": "1; mode=block",
    "Cache-Control": "no-cache, no-store, max-age=0, must-revalidate",
    "Pragma": "no-cache",
    "Expires": "0",
    "X-Frame-Options": "DENY",
    "Content-Type": "text/plain;charset=UTF-8",
    "Content-Length": "453",
    "Date": "Thu, 02 Oct 2025 12:24:50 GMT",
    "Connection": "close"
  }
}
-----------------------------

Reason: ❗ Undeclared status code: 400
--- Request ---
{
  "method": "PUT",
  "url": "/api/pets/4",
  "headers": {
    "Content-Type": "application/json"
  },
  "body": null,
  "parameters": [
    {
      "in": "body",
      "name": "pet",
      "description": "pet",
      "required": true,
      "schema": {
        "$ref": "#/definitions/Pet"
      }
    },
    {
      "name": "petId",
      "in": "path",
      "description": "petId",
      "required": true,
      "type": "integer",
      "format": "int32"
    }
  ]
}
--- Response ---
{
  "status": 400,
  "body": "{\"className\":\"org.springframework.http.converter.HttpMessageNotReadableException\",\"exMessage\":\"Required request body is missing: public org.springframework.http.ResponseEntity<org.springframework.samples.petclinic.model.Pet> org.springframework.samples.petclinic.rest.PetRestController.updatePet(int,org.springframework.samples.petclinic.model.Pet,org.springframework.validation.BindingResult)\"}",
  "headers": {
    "Vary": "Origin, Access-Control-Request-Method, Access-Control-Request-Headers",
    "X-Content-Type-Options": "nosniff",
    "X-XSS-Protection": "1; mode=block",
    "Cache-Control": "no-cache, no-store, max-age=0, must-revalidate",
    "Pragma": "no-cache",
    "Expires": "0",
    "X-Frame-Options": "DENY",
    "Content-Type": "text/plain;charset=UTF-8",
    "Content-Length": "395",
    "Date": "Thu, 02 Oct 2025 12:24:51 GMT",
    "Connection": "close"
  }
}
-----------------------------

Reason: ❗ Undeclared status code: 400
--- Request ---
{
  "method": "PUT",
  "url": "/api/specialties/24",
  "headers": {
    "Content-Type": "application/json"
  },
  "body": null,
  "parameters": [
    {
      "in": "body",
      "name": "specialty",
      "description": "specialty",
      "required": true,
      "schema": {
        "$ref": "#/definitions/Specialty"
      }
    },
    {
      "name": "specialtyId",
      "in": "path",
      "description": "specialtyId",
      "required": true,
      "type": "integer",
      "format": "int32"
    }
  ]
}
--- Response ---
{
  "status": 400,
  "body": "{\"className\":\"org.springframework.http.converter.HttpMessageNotReadableException\",\"exMessage\":\"Required request body is missing: public org.springframework.http.ResponseEntity<org.springframework.samples.petclinic.model.Specialty> org.springframework.samples.petclinic.rest.SpecialtyRestController.updateSpecialty(int,org.springframework.samples.petclinic.model.Specialty,org.springframework.validation.BindingResult)\"}",
  "headers": {
    "Vary": "Origin, Access-Control-Request-Method, Access-Control-Request-Headers",
    "X-Content-Type-Options": "nosniff",
    "X-XSS-Protection": "1; mode=block",
    "Cache-Control": "no-cache, no-store, max-age=0, must-revalidate",
    "Pragma": "no-cache",
    "Expires": "0",
    "X-Frame-Options": "DENY",
    "Content-Type": "text/plain;charset=UTF-8",
    "Content-Length": "419",
    "Date": "Thu, 02 Oct 2025 12:24:53 GMT",
    "Connection": "close"
  }
}
-----------------------------

Reason: ❗ Undeclared status code: 500
--- Request ---
{
  "method": "GET",
  "url": "/error",
  "headers": {
    "Content-Type": "application/json"
  },
  "body": null,
  "parameters": []
}
--- Response ---
{
  "status": 500,
  "body": "{\"timestamp\":\"2025-10-02T12:24:55.242+0000\",\"status\":999,\"error\":\"None\",\"message\":\"No message available\"}",
  "headers": {
    "X-Content-Type-Options": "nosniff",
    "X-XSS-Protection": "1; mode=block",
    "Cache-Control": "no-cache, no-store, max-age=0, must-revalidate",
    "Pragma": "no-cache",
    "Expires": "0",
    "X-Frame-Options": "DENY",
    "Content-Type": "application/json",
    "Transfer-Encoding": "chunked",
    "Date": "Thu, 02 Oct 2025 12:24:54 GMT",
    "Connection": "close"
  }
}
-----------------------------

Reason: ❗ Undeclared status code: 400
--- Request ---
{
  "method": "PUT",
  "url": "/api/specialties/12",
  "headers": {
    "Content-Type": "application/json"
  },
  "body": null,
  "parameters": [
    {
      "in": "body",
      "name": "specialty",
      "description": "specialty",
      "required": true,
      "schema": {
        "$ref": "#/definitions/Specialty"
      }
    },
    {
      "name": "specialtyId",
      "in": "path",
      "description": "specialtyId",
      "required": true,
      "type": "integer",
      "format": "int32"
    }
  ]
}
--- Response ---
{
  "status": 400,
  "body": "{\"className\":\"org.springframework.http.converter.HttpMessageNotReadableException\",\"exMessage\":\"Required request body is missing: public org.springframework.http.ResponseEntity<org.springframework.samples.petclinic.model.Specialty> org.springframework.samples.petclinic.rest.SpecialtyRestController.updateSpecialty(int,org.springframework.samples.petclinic.model.Specialty,org.springframework.validation.BindingResult)\"}",
  "headers": {
    "Vary": "Origin, Access-Control-Request-Method, Access-Control-Request-Headers",
    "X-Content-Type-Options": "nosniff",
    "X-XSS-Protection": "1; mode=block",
    "Cache-Control": "no-cache, no-store, max-age=0, must-revalidate",
    "Pragma": "no-cache",
    "Expires": "0",
    "X-Frame-Options": "DENY",
    "Content-Type": "text/plain;charset=UTF-8",
    "Content-Length": "419",
    "Date": "Thu, 02 Oct 2025 12:24:55 GMT",
    "Connection": "close"
  }
}
-----------------------------

Reason: ❗ Undeclared status code: 500
--- Request ---
{
  "method": "GET",
  "url": "/error",
  "headers": {
    "Content-Type": "application/json"
  },
  "body": null,
  "parameters": []
}
--- Response ---
{
  "status": 500,
  "body": "{\"timestamp\":\"2025-10-02T12:25:02.389+0000\",\"status\":999,\"error\":\"None\",\"message\":\"No message available\"}",
  "headers": {
    "X-Content-Type-Options": "nosniff",
    "X-XSS-Protection": "1; mode=block",
    "Cache-Control": "no-cache, no-store, max-age=0, must-revalidate",
    "Pragma": "no-cache",
    "Expires": "0",
    "X-Frame-Options": "DENY",
    "Content-Type": "application/json",
    "Transfer-Encoding": "chunked",
    "Date": "Thu, 02 Oct 2025 12:25:02 GMT",
    "Connection": "close"
  }
}
-----------------------------

Reason: ❗ Undeclared status code: 500
--- Request ---
{
  "method": "POST",
  "url": "/error",
  "headers": {
    "Content-Type": "application/json"
  },
  "body": null,
  "parameters": []
}
--- Response ---
{
  "status": 500,
  "body": "{\"timestamp\":\"2025-10-02T12:25:03.518+0000\",\"status\":999,\"error\":\"None\",\"message\":\"No message available\"}",
  "headers": {
    "X-Content-Type-Options": "nosniff",
    "X-XSS-Protection": "1; mode=block",
    "Cache-Control": "no-cache, no-store, max-age=0, must-revalidate",
    "Pragma": "no-cache",
    "Expires": "0",
    "X-Frame-Options": "DENY",
    "Content-Type": "application/json",
    "Transfer-Encoding": "chunked",
    "Date": "Thu, 02 Oct 2025 12:25:03 GMT",
    "Connection": "close"
  }
}
-----------------------------

Reason: ❗ Undeclared status code: 500
--- Request ---
{
  "method": "HEAD",
  "url": "/error",
  "headers": {
    "Content-Type": "application/json"
  },
  "body": null,
  "parameters": []
}
--- Response ---
{
  "status": 500,
  "body": "",
  "headers": {
    "X-Content-Type-Options": "nosniff",
    "X-XSS-Protection": "1; mode=block",
    "Cache-Control": "no-cache, no-store, max-age=0, must-revalidate",
    "Pragma": "no-cache",
    "Expires": "0",
    "X-Frame-Options": "DENY",
    "Content-Type": "application/json",
    "Transfer-Encoding": "chunked",
    "Date": "Thu, 02 Oct 2025 12:25:04 GMT",
    "Connection": "close"
  }
}
-----------------------------

Reason: ❗ Undeclared status code: 500
--- Request ---
{
  "method": "PUT",
  "url": "/error",
  "headers": {
    "Content-Type": "application/json"
  },
  "body": null,
  "parameters": []
}
--- Response ---
{
  "status": 500,
  "body": "{\"timestamp\":\"2025-10-02T12:25:05.744+0000\",\"status\":999,\"error\":\"None\",\"message\":\"No message available\"}",
  "headers": {
    "X-Content-Type-Options": "nosniff",
    "X-XSS-Protection": "1; mode=block",
    "Cache-Control": "no-cache, no-store, max-age=0, must-revalidate",
    "Pragma": "no-cache",
    "Expires": "0",
    "X-Frame-Options": "DENY",
    "Content-Type": "application/json",
    "Transfer-Encoding": "chunked",
    "Date": "Thu, 02 Oct 2025 12:25:05 GMT",
    "Connection": "close"
  }
}
-----------------------------

Reason: ❗ Undeclared status code: 400
--- Request ---
{
  "method": "PUT",
  "url": "/api/pets/19",
  "headers": {
    "Content-Type": "application/json"
  },
  "body": null,
  "parameters": [
    {
      "in": "body",
      "name": "pet",
      "description": "pet",
      "required": true,
      "schema": {
        "$ref": "#/definitions/Pet"
      }
    },
    {
      "name": "petId",
      "in": "path",
      "description": "petId",
      "required": true,
      "type": "integer",
      "format": "int32"
    }
  ]
}
--- Response ---
{
  "status": 400,
  "body": "{\"className\":\"org.springframework.http.converter.HttpMessageNotReadableException\",\"exMessage\":\"Required request body is missing: public org.springframework.http.ResponseEntity<org.springframework.samples.petclinic.model.Pet> org.springframework.samples.petclinic.rest.PetRestController.updatePet(int,org.springframework.samples.petclinic.model.Pet,org.springframework.validation.BindingResult)\"}",
  "headers": {
    "Vary": "Origin, Access-Control-Request-Method, Access-Control-Request-Headers",
    "X-Content-Type-Options": "nosniff",
    "X-XSS-Protection": "1; mode=block",
    "Cache-Control": "no-cache, no-store, max-age=0, must-revalidate",
    "Pragma": "no-cache",
    "Expires": "0",
    "X-Frame-Options": "DENY",
    "Content-Type": "text/plain;charset=UTF-8",
    "Content-Length": "395",
    "Date": "Thu, 02 Oct 2025 12:25:12 GMT",
    "Connection": "close"
  }
}
-----------------------------

Reason: ❗ Undeclared status code: 500
--- Request ---
{
  "method": "HEAD",
  "url": "/error",
  "headers": {
    "Content-Type": "application/json"
  },
  "body": null,
  "parameters": []
}
--- Response ---
{
  "status": 500,
  "body": "",
  "headers": {
    "X-Content-Type-Options": "nosniff",
    "X-XSS-Protection": "1; mode=block",
    "Cache-Control": "no-cache, no-store, max-age=0, must-revalidate",
    "Pragma": "no-cache",
    "Expires": "0",
    "X-Frame-Options": "DENY",
    "Content-Type": "application/json",
    "Transfer-Encoding": "chunked",
    "Date": "Thu, 02 Oct 2025 12:25:15 GMT",
    "Connection": "close"
  }
}
-----------------------------

Reason: ❗ Undeclared status code: 400
--- Request ---
{
  "method": "PUT",
  "url": "/api/owners/3",
  "headers": {
    "Content-Type": "application/json"
  },
  "body": null,
  "parameters": [
    {
      "in": "body",
      "name": "owner",
      "description": "owner",
      "required": true,
      "schema": {
        "$ref": "#/definitions/Owner"
      }
    },
    {
      "name": "ownerId",
      "in": "path",
      "description": "ownerId",
      "required": true,
      "type": "integer",
      "format": "int32"
    }
  ]
}
--- Response ---
{
  "status": 400,
  "body": "{\"className\":\"org.springframework.http.converter.HttpMessageNotReadableException\",\"exMessage\":\"Required request body is missing: public org.springframework.http.ResponseEntity<org.springframework.samples.petclinic.model.Owner> org.springframework.samples.petclinic.rest.OwnerRestController.updateOwner(int,org.springframework.samples.petclinic.model.Owner,org.springframework.validation.BindingResult,org.springframework.web.util.UriComponentsBuilder)\"}",
  "headers": {
    "Vary": "Origin, Access-Control-Request-Method, Access-Control-Request-Headers",
    "X-Content-Type-Options": "nosniff",
    "X-XSS-Protection": "1; mode=block",
    "Cache-Control": "no-cache, no-store, max-age=0, must-revalidate",
    "Pragma": "no-cache",
    "Expires": "0",
    "X-Frame-Options": "DENY",
    "Content-Type": "text/plain;charset=UTF-8",
    "Content-Length": "453",
    "Date": "Thu, 02 Oct 2025 12:25:18 GMT",
    "Connection": "close"
  }
}
-----------------------------

Reason: ❗ Undeclared status code: 400
--- Request ---
{
  "method": "POST",
  "url": "/api/owners",
  "headers": {
    "Content-Type": "application/json"
  },
  "body": {
    "telephone": "example-string",
    "address": "example-string"
  }
}
--- Response ---
{
  "status": 400,
  "body": "{\"className\":\"java.lang.NullPointerException\",\"exMessage\":null}",
  "headers": {
    "Vary": "Origin, Access-Control-Request-Method, Access-Control-Request-Headers",
    "X-Content-Type-Options": "nosniff",
    "X-XSS-Protection": "1; mode=block",
    "Cache-Control": "no-cache, no-store, max-age=0, must-revalidate",
    "Pragma": "no-cache",
    "Expires": "0",
    "X-Frame-Options": "DENY",
    "Content-Type": "text/plain;charset=UTF-8",
    "Content-Length": "63",
    "Date": "Thu, 02 Oct 2025 12:25:18 GMT",
    "Connection": "close"
  }
}
-----------------------------

Reason: ❗ Undeclared status code: 400
--- Request ---
{
  "method": "PUT",
  "url": "/api/pets/19",
  "headers": {
    "Content-Type": "application/json"
  },
  "body": null,
  "parameters": [
    {
      "in": "body",
      "name": "pet",
      "description": "pet",
      "required": true,
      "schema": {
        "$ref": "#/definitions/Pet"
      }
    },
    {
      "name": "petId",
      "in": "path",
      "description": "petId",
      "required": true,
      "type": "integer",
      "format": "int32"
    }
  ]
}
--- Response ---
{
  "status": 400,
  "body": "{\"className\":\"org.springframework.http.converter.HttpMessageNotReadableException\",\"exMessage\":\"Required request body is missing: public org.springframework.http.ResponseEntity<org.springframework.samples.petclinic.model.Pet> org.springframework.samples.petclinic.rest.PetRestController.updatePet(int,org.springframework.samples.petclinic.model.Pet,org.springframework.validation.BindingResult)\"}",
  "headers": {
    "Vary": "Origin, Access-Control-Request-Method, Access-Control-Request-Headers",
    "X-Content-Type-Options": "nosniff",
    "X-XSS-Protection": "1; mode=block",
    "Cache-Control": "no-cache, no-store, max-age=0, must-revalidate",
    "Pragma": "no-cache",
    "Expires": "0",
    "X-Frame-Options": "DENY",
    "Content-Type": "text/plain;charset=UTF-8",
    "Content-Length": "395",
    "Date": "Thu, 02 Oct 2025 12:25:19 GMT",
    "Connection": "close"
  }
}
-----------------------------

Reason: ❗ Undeclared status code: 400
--- Request ---
{
  "method": "POST",
  "url": "/api/owners",
  "headers": {
    "Content-Type": "application/json"
  },
  "body": {
    "firstName": "example-string",
    "lastName": "example-string"
  }
}
--- Response ---
{
  "status": 400,
  "body": "{\"className\":\"java.lang.NullPointerException\",\"exMessage\":null}",
  "headers": {
    "Vary": "Origin, Access-Control-Request-Method, Access-Control-Request-Headers",
    "X-Content-Type-Options": "nosniff",
    "X-XSS-Protection": "1; mode=block",
    "Cache-Control": "no-cache, no-store, max-age=0, must-revalidate",
    "Pragma": "no-cache",
    "Expires": "0",
    "X-Frame-Options": "DENY",
    "Content-Type": "text/plain;charset=UTF-8",
    "Content-Length": "63",
    "Date": "Thu, 02 Oct 2025 12:25:23 GMT",
    "Connection": "close"
  }
}
-----------------------------

Reason: ❗ Undeclared status code: 400
--- Request ---
{
  "method": "POST",
  "url": "/api/owners",
  "headers": {
    "Content-Type": "application/json"
  },
  "body": {
    "pets": [
      {
        "birthDate": "2025-01-01T00:00:00Z",
        "id": 123,
        "name": "example-string",
        "owner": "fallback",
        "type": {
          "id": 123,
          "name": "example-string"
        },
        "visits": [
          {
            "date": "yyyy/MM/dd",
            "description": "example-string",
            "id": 123,
            "pet": "fallback"
          }
        ]
      }
    ]
  },
  "parameters": [
    {
      "in": "body",
      "name": "owner",
      "description": "owner",
      "required": true,
      "schema": {
        "$ref": "#/definitions/Owner"
      }
    }
  ]
}
--- Response ---
{
  "status": 400,
  "body": "{\"className\":\"java.lang.NullPointerException\",\"exMessage\":null}",
  "headers": {
    "Vary": "Origin, Access-Control-Request-Method, Access-Control-Request-Headers",
    "X-Content-Type-Options": "nosniff",
    "X-XSS-Protection": "1; mode=block",
    "Cache-Control": "no-cache, no-store, max-age=0, must-revalidate",
    "Pragma": "no-cache",
    "Expires": "0",
    "X-Frame-Options": "DENY",
    "Content-Type": "text/plain;charset=UTF-8",
    "Content-Length": "63",
    "Date": "Thu, 02 Oct 2025 12:25:24 GMT",
    "Connection": "close"
  }
}
-----------------------------

Reason: ❗ Undeclared status code: 500
--- Request ---
{
  "method": "GET",
  "url": "/error",
  "headers": {
    "Content-Type": "application/json"
  },
  "body": null,
  "parameters": []
}
--- Response ---
{
  "status": 500,
  "body": "{\"timestamp\":\"2025-10-02T12:25:29.796+0000\",\"status\":999,\"error\":\"None\",\"message\":\"No message available\"}",
  "headers": {
    "X-Content-Type-Options": "nosniff",
    "X-XSS-Protection": "1; mode=block",
    "Cache-Control": "no-cache, no-store, max-age=0, must-revalidate",
    "Pragma": "no-cache",
    "Expires": "0",
    "X-Frame-Options": "DENY",
    "Content-Type": "application/json",
    "Transfer-Encoding": "chunked",
    "Date": "Thu, 02 Oct 2025 12:25:29 GMT",
    "Connection": "close"
  }
}
-----------------------------

Reason: ❗ Undeclared status code: 400
--- Request ---
{
  "method": "PUT",
  "url": "/api/owners/9",
  "headers": {
    "Content-Type": "application/json"
  },
  "body": null,
  "parameters": [
    {
      "in": "body",
      "name": "owner",
      "description": "owner",
      "required": true,
      "schema": {
        "$ref": "#/definitions/Owner"
      }
    },
    {
      "name": "ownerId",
      "in": "path",
      "description": "ownerId",
      "required": true,
      "type": "integer",
      "format": "int32"
    }
  ]
}
--- Response ---
{
  "status": 400,
  "body": "{\"className\":\"org.springframework.http.converter.HttpMessageNotReadableException\",\"exMessage\":\"Required request body is missing: public org.springframework.http.ResponseEntity<org.springframework.samples.petclinic.model.Owner> org.springframework.samples.petclinic.rest.OwnerRestController.updateOwner(int,org.springframework.samples.petclinic.model.Owner,org.springframework.validation.BindingResult,org.springframework.web.util.UriComponentsBuilder)\"}",
  "headers": {
    "Vary": "Origin, Access-Control-Request-Method, Access-Control-Request-Headers",
    "X-Content-Type-Options": "nosniff",
    "X-XSS-Protection": "1; mode=block",
    "Cache-Control": "no-cache, no-store, max-age=0, must-revalidate",
    "Pragma": "no-cache",
    "Expires": "0",
    "X-Frame-Options": "DENY",
    "Content-Type": "text/plain;charset=UTF-8",
    "Content-Length": "453",
    "Date": "Thu, 02 Oct 2025 12:25:33 GMT",
    "Connection": "close"
  }
}
-----------------------------

Reason: ❗ Undeclared status code: 500
--- Request ---
{
  "method": "GET",
  "url": "/error",
  "headers": {
    "Content-Type": "application/json"
  },
  "body": null,
  "parameters": []
}
--- Response ---
{
  "status": 500,
  "body": "{\"timestamp\":\"2025-10-02T12:25:34.957+0000\",\"status\":999,\"error\":\"None\",\"message\":\"No message available\"}",
  "headers": {
    "X-Content-Type-Options": "nosniff",
    "X-XSS-Protection": "1; mode=block",
    "Cache-Control": "no-cache, no-store, max-age=0, must-revalidate",
    "Pragma": "no-cache",
    "Expires": "0",
    "X-Frame-Options": "DENY",
    "Content-Type": "application/json",
    "Transfer-Encoding": "chunked",
    "Date": "Thu, 02 Oct 2025 12:25:34 GMT",
    "Connection": "close"
  }
}
-----------------------------

Reason: ❗ Undeclared status code: 500
--- Request ---
{
  "method": "POST",
  "url": "/error",
  "headers": {
    "Content-Type": "application/json"
  },
  "body": null,
  "parameters": []
}
--- Response ---
{
  "status": 500,
  "body": "{\"timestamp\":\"2025-10-02T12:25:35.626+0000\",\"status\":999,\"error\":\"None\",\"message\":\"No message available\"}",
  "headers": {
    "X-Content-Type-Options": "nosniff",
    "X-XSS-Protection": "1; mode=block",
    "Cache-Control": "no-cache, no-store, max-age=0, must-revalidate",
    "Pragma": "no-cache",
    "Expires": "0",
    "X-Frame-Options": "DENY",
    "Content-Type": "application/json",
    "Transfer-Encoding": "chunked",
    "Date": "Thu, 02 Oct 2025 12:25:34 GMT",
    "Connection": "close"
  }
}
-----------------------------

Reason: ❗ Undeclared status code: 500
--- Request ---
{
  "method": "GET",
  "url": "/error",
  "headers": {
    "Content-Type": "application/json"
  },
  "body": null,
  "parameters": []
}
--- Response ---
{
  "status": 500,
  "body": "{\"timestamp\":\"2025-10-02T12:25:37.641+0000\",\"status\":999,\"error\":\"None\",\"message\":\"No message available\"}",
  "headers": {
    "X-Content-Type-Options": "nosniff",
    "X-XSS-Protection": "1; mode=block",
    "Cache-Control": "no-cache, no-store, max-age=0, must-revalidate",
    "Pragma": "no-cache",
    "Expires": "0",
    "X-Frame-Options": "DENY",
    "Content-Type": "application/json",
    "Transfer-Encoding": "chunked",
    "Date": "Thu, 02 Oct 2025 12:25:37 GMT",
    "Connection": "close"
  }
}
-----------------------------

Reason: ❗ Undeclared status code: 500
--- Request ---
{
  "method": "POST",
  "url": "/error",
  "headers": {
    "Content-Type": "application/json"
  },
  "body": null,
  "parameters": []
}
--- Response ---
{
  "status": 500,
  "body": "{\"timestamp\":\"2025-10-02T12:25:40.554+0000\",\"status\":999,\"error\":\"None\",\"message\":\"No message available\"}",
  "headers": {
    "X-Content-Type-Options": "nosniff",
    "X-XSS-Protection": "1; mode=block",
    "Cache-Control": "no-cache, no-store, max-age=0, must-revalidate",
    "Pragma": "no-cache",
    "Expires": "0",
    "X-Frame-Options": "DENY",
    "Content-Type": "application/json",
    "Transfer-Encoding": "chunked",
    "Date": "Thu, 02 Oct 2025 12:25:40 GMT",
    "Connection": "close"
  }
}
-----------------------------

Reason: ❗ Undeclared status code: 500
--- Request ---
{
  "method": "POST",
  "url": "/error",
  "headers": {
    "Content-Type": "application/json"
  },
  "body": null,
  "parameters": []
}
--- Response ---
{
  "status": 500,
  "body": "{\"timestamp\":\"2025-10-02T12:25:41.017+0000\",\"status\":999,\"error\":\"None\",\"message\":\"No message available\"}",
  "headers": {
    "X-Content-Type-Options": "nosniff",
    "X-XSS-Protection": "1; mode=block",
    "Cache-Control": "no-cache, no-store, max-age=0, must-revalidate",
    "Pragma": "no-cache",
    "Expires": "0",
    "X-Frame-Options": "DENY",
    "Content-Type": "application/json",
    "Transfer-Encoding": "chunked",
    "Date": "Thu, 02 Oct 2025 12:25:40 GMT",
    "Connection": "close"
  }
}
-----------------------------

Reason: ❗ Undeclared status code: 500
--- Request ---
{
  "method": "GET",
  "url": "/error",
  "headers": {
    "Content-Type": "application/json"
  },
  "body": null,
  "parameters": []
}
--- Response ---
{
  "status": 500,
  "body": "{\"timestamp\":\"2025-10-02T12:25:44.582+0000\",\"status\":999,\"error\":\"None\",\"message\":\"No message available\"}",
  "headers": {
    "X-Content-Type-Options": "nosniff",
    "X-XSS-Protection": "1; mode=block",
    "Cache-Control": "no-cache, no-store, max-age=0, must-revalidate",
    "Pragma": "no-cache",
    "Expires": "0",
    "X-Frame-Options": "DENY",
    "Content-Type": "application/json",
    "Transfer-Encoding": "chunked",
    "Date": "Thu, 02 Oct 2025 12:25:43 GMT",
    "Connection": "close"
  }
}
-----------------------------

Reason: ❗ Undeclared status code: 500
--- Request ---
{
  "method": "GET",
  "url": "/error",
  "headers": {
    "Content-Type": "application/json"
  },
  "body": null,
  "parameters": []
}
--- Response ---
{
  "status": 500,
  "body": "{\"timestamp\":\"2025-10-02T12:25:47.039+0000\",\"status\":999,\"error\":\"None\",\"message\":\"No message available\"}",
  "headers": {
    "X-Content-Type-Options": "nosniff",
    "X-XSS-Protection": "1; mode=block",
    "Cache-Control": "no-cache, no-store, max-age=0, must-revalidate",
    "Pragma": "no-cache",
    "Expires": "0",
    "X-Frame-Options": "DENY",
    "Content-Type": "application/json",
    "Transfer-Encoding": "chunked",
    "Date": "Thu, 02 Oct 2025 12:25:46 GMT",
    "Connection": "close"
  }
}
-----------------------------

Reason: ❗ Undeclared status code: 400
--- Request ---
{
  "method": "POST",
  "url": "/api/owners",
  "headers": {
    "Content-Type": "application/json"
  },
  "body": {
    "pets": [
      {
        "birthDate": "2025-01-01T00:00:00Z",
        "id": 123,
        "name": "example-string",
        "owner": "fallback",
        "type": {
          "id": 123,
          "name": "example-string"
        },
        "visits": [
          {
            "date": "yyyy/MM/dd",
            "description": "example-string",
            "id": 123,
            "pet": "fallback"
          }
        ]
      }
    ]
  },
  "parameters": [
    {
      "in": "body",
      "name": "owner",
      "description": "owner",
      "required": true,
      "schema": {
        "$ref": "#/definitions/Owner"
      }
    }
  ]
}
--- Response ---
{
  "status": 400,
  "body": "{\"className\":\"java.lang.NullPointerException\",\"exMessage\":null}",
  "headers": {
    "Vary": "Origin, Access-Control-Request-Method, Access-Control-Request-Headers",
    "X-Content-Type-Options": "nosniff",
    "X-XSS-Protection": "1; mode=block",
    "Cache-Control": "no-cache, no-store, max-age=0, must-revalidate",
    "Pragma": "no-cache",
    "Expires": "0",
    "X-Frame-Options": "DENY",
    "Content-Type": "text/plain;charset=UTF-8",
    "Content-Length": "63",
    "Date": "Thu, 02 Oct 2025 12:25:47 GMT",
    "Connection": "close"
  }
}
-----------------------------

=== SERVER ERROR (148) ===

Reason: 🔥 Server error
--- Request ---
{
  "method": "GET",
  "url": "/error",
  "headers": {
    "Content-Type": "application/json"
  },
  "body": null,
  "parameters": []
}
--- Response ---
{
  "status": 500,
  "body": "{\"timestamp\":\"2025-10-02T12:20:50.000+0000\",\"status\":999,\"error\":\"None\",\"message\":\"No message available\"}",
  "headers": {
    "X-Content-Type-Options": "nosniff",
    "X-XSS-Protection": "1; mode=block",
    "Cache-Control": "no-cache, no-store, max-age=0, must-revalidate",
    "Pragma": "no-cache",
    "Expires": "0",
    "X-Frame-Options": "DENY",
    "Content-Type": "application/json",
    "Transfer-Encoding": "chunked",
    "Date": "Thu, 02 Oct 2025 12:20:49 GMT",
    "Connection": "close"
  }
}
-----------------------------

Reason: 🔥 Server error
--- Request ---
{
  "method": "HEAD",
  "url": "/error",
  "headers": {
    "Content-Type": "application/json"
  },
  "body": null,
  "parameters": []
}
--- Response ---
{
  "status": 500,
  "body": "",
  "headers": {
    "X-Content-Type-Options": "nosniff",
    "X-XSS-Protection": "1; mode=block",
    "Cache-Control": "no-cache, no-store, max-age=0, must-revalidate",
    "Pragma": "no-cache",
    "Expires": "0",
    "X-Frame-Options": "DENY",
    "Content-Type": "application/json",
    "Transfer-Encoding": "chunked",
    "Date": "Thu, 02 Oct 2025 12:20:49 GMT",
    "Connection": "close"
  }
}
-----------------------------

Reason: 🔥 Server error
--- Request ---
{
  "method": "POST",
  "url": "/error",
  "headers": {
    "Content-Type": "application/json"
  },
  "body": null,
  "parameters": []
}
--- Response ---
{
  "status": 500,
  "body": "{\"timestamp\":\"2025-10-02T12:20:50.012+0000\",\"status\":999,\"error\":\"None\",\"message\":\"No message available\"}",
  "headers": {
    "X-Content-Type-Options": "nosniff",
    "X-XSS-Protection": "1; mode=block",
    "Cache-Control": "no-cache, no-store, max-age=0, must-revalidate",
    "Pragma": "no-cache",
    "Expires": "0",
    "X-Frame-Options": "DENY",
    "Content-Type": "application/json",
    "Transfer-Encoding": "chunked",
    "Date": "Thu, 02 Oct 2025 12:20:49 GMT",
    "Connection": "close"
  }
}
-----------------------------

Reason: 🔥 Server error
--- Request ---
{
  "method": "PUT",
  "url": "/error",
  "headers": {
    "Content-Type": "application/json"
  },
  "body": null,
  "parameters": []
}
--- Response ---
{
  "status": 500,
  "body": "{\"timestamp\":\"2025-10-02T12:20:50.017+0000\",\"status\":999,\"error\":\"None\",\"message\":\"No message available\"}",
  "headers": {
    "X-Content-Type-Options": "nosniff",
    "X-XSS-Protection": "1; mode=block",
    "Cache-Control": "no-cache, no-store, max-age=0, must-revalidate",
    "Pragma": "no-cache",
    "Expires": "0",
    "X-Frame-Options": "DENY",
    "Content-Type": "application/json",
    "Transfer-Encoding": "chunked",
    "Date": "Thu, 02 Oct 2025 12:20:49 GMT",
    "Connection": "close"
  }
}
-----------------------------

Reason: 🔥 Server error
--- Request ---
{
  "method": "DELETE",
  "url": "/error",
  "headers": {
    "Content-Type": "application/json"
  },
  "body": null,
  "parameters": []
}
--- Response ---
{
  "status": 500,
  "body": "{\"timestamp\":\"2025-10-02T12:20:50.024+0000\",\"status\":999,\"error\":\"None\",\"message\":\"No message available\"}",
  "headers": {
    "X-Content-Type-Options": "nosniff",
    "X-XSS-Protection": "1; mode=block",
    "Cache-Control": "no-cache, no-store, max-age=0, must-revalidate",
    "Pragma": "no-cache",
    "Expires": "0",
    "X-Frame-Options": "DENY",
    "Content-Type": "application/json",
    "Transfer-Encoding": "chunked",
    "Date": "Thu, 02 Oct 2025 12:20:49 GMT",
    "Connection": "close"
  }
}
-----------------------------

Reason: 🔥 Server error
--- Request ---
{
  "method": "PATCH",
  "url": "/error",
  "headers": {
    "Content-Type": "application/json"
  },
  "body": null,
  "parameters": []
}
--- Response ---
{
  "status": 500,
  "body": "{\"timestamp\":\"2025-10-02T12:20:50.036+0000\",\"status\":999,\"error\":\"None\",\"message\":\"No message available\"}",
  "headers": {
    "X-Content-Type-Options": "nosniff",
    "X-XSS-Protection": "1; mode=block",
    "Cache-Control": "no-cache, no-store, max-age=0, must-revalidate",
    "Pragma": "no-cache",
    "Expires": "0",
    "X-Frame-Options": "DENY",
    "Content-Type": "application/json",
    "Transfer-Encoding": "chunked",
    "Date": "Thu, 02 Oct 2025 12:20:49 GMT",
    "Connection": "close"
  }
}
-----------------------------

Reason: 🔥 Server error
--- Request ---
{
  "method": "HEAD",
  "url": "/error",
  "headers": {
    "Content-Type": "application/json"
  },
  "body": null,
  "parameters": []
}
--- Response ---
{
  "status": 500,
  "body": "",
  "headers": {
    "X-Content-Type-Options": "nosniff",
    "X-XSS-Protection": "1; mode=block",
    "Cache-Control": "no-cache, no-store, max-age=0, must-revalidate",
    "Pragma": "no-cache",
    "Expires": "0",
    "X-Frame-Options": "DENY",
    "Content-Type": "application/json",
    "Transfer-Encoding": "chunked",
    "Date": "Thu, 02 Oct 2025 12:20:49 GMT",
    "Connection": "close"
  }
}
-----------------------------

Reason: 🔥 Server error
--- Request ---
{
  "method": "GET",
  "url": "/error",
  "headers": {
    "Content-Type": "application/json"
  },
  "body": null,
  "parameters": []
}
--- Response ---
{
  "status": 500,
  "body": "{\"timestamp\":\"2025-10-02T12:20:50.766+0000\",\"status\":999,\"error\":\"None\",\"message\":\"No message available\"}",
  "headers": {
    "X-Content-Type-Options": "nosniff",
    "X-XSS-Protection": "1; mode=block",
    "Cache-Control": "no-cache, no-store, max-age=0, must-revalidate",
    "Pragma": "no-cache",
    "Expires": "0",
    "X-Frame-Options": "DENY",
    "Content-Type": "application/json",
    "Transfer-Encoding": "chunked",
    "Date": "Thu, 02 Oct 2025 12:20:49 GMT",
    "Connection": "close"
  }
}
-----------------------------

Reason: 🔥 Server error
--- Request ---
{
  "method": "GET",
  "url": "/error",
  "headers": {
    "Content-Type": "application/json"
  },
  "body": null,
  "parameters": []
}
--- Response ---
{
  "status": 500,
  "body": "{\"timestamp\":\"2025-10-02T12:20:51.243+0000\",\"status\":999,\"error\":\"None\",\"message\":\"No message available\"}",
  "headers": {
    "X-Content-Type-Options": "nosniff",
    "X-XSS-Protection": "1; mode=block",
    "Cache-Control": "no-cache, no-store, max-age=0, must-revalidate",
    "Pragma": "no-cache",
    "Expires": "0",
    "X-Frame-Options": "DENY",
    "Content-Type": "application/json",
    "Transfer-Encoding": "chunked",
    "Date": "Thu, 02 Oct 2025 12:20:50 GMT",
    "Connection": "close"
  }
}
-----------------------------

Reason: 🔥 Server error
--- Request ---
{
  "method": "GET",
  "url": "/error",
  "headers": {
    "Content-Type": "application/json"
  },
  "body": null,
  "parameters": []
}
--- Response ---
{
  "status": 500,
  "body": "{\"timestamp\":\"2025-10-02T12:20:53.258+0000\",\"status\":999,\"error\":\"None\",\"message\":\"No message available\"}",
  "headers": {
    "X-Content-Type-Options": "nosniff",
    "X-XSS-Protection": "1; mode=block",
    "Cache-Control": "no-cache, no-store, max-age=0, must-revalidate",
    "Pragma": "no-cache",
    "Expires": "0",
    "X-Frame-Options": "DENY",
    "Content-Type": "application/json",
    "Transfer-Encoding": "chunked",
    "Date": "Thu, 02 Oct 2025 12:20:53 GMT",
    "Connection": "close"
  }
}
-----------------------------

Reason: 🔥 Server error
--- Request ---
{
  "method": "GET",
  "url": "/error",
  "headers": {
    "Content-Type": "application/json"
  },
  "body": null,
  "parameters": []
}
--- Response ---
{
  "status": 500,
  "body": "{\"timestamp\":\"2025-10-02T12:20:54.985+0000\",\"status\":999,\"error\":\"None\",\"message\":\"No message available\"}",
  "headers": {
    "X-Content-Type-Options": "nosniff",
    "X-XSS-Protection": "1; mode=block",
    "Cache-Control": "no-cache, no-store, max-age=0, must-revalidate",
    "Pragma": "no-cache",
    "Expires": "0",
    "X-Frame-Options": "DENY",
    "Content-Type": "application/json",
    "Transfer-Encoding": "chunked",
    "Date": "Thu, 02 Oct 2025 12:20:54 GMT",
    "Connection": "close"
  }
}
-----------------------------

Reason: 🔥 Server error
--- Request ---
{
  "method": "POST",
  "url": "/error",
  "headers": {
    "Content-Type": "application/json"
  },
  "body": null,
  "parameters": []
}
--- Response ---
{
  "status": 500,
  "body": "{\"timestamp\":\"2025-10-02T12:20:56.687+0000\",\"status\":999,\"error\":\"None\",\"message\":\"No message available\"}",
  "headers": {
    "X-Content-Type-Options": "nosniff",
    "X-XSS-Protection": "1; mode=block",
    "Cache-Control": "no-cache, no-store, max-age=0, must-revalidate",
    "Pragma": "no-cache",
    "Expires": "0",
    "X-Frame-Options": "DENY",
    "Content-Type": "application/json",
    "Transfer-Encoding": "chunked",
    "Date": "Thu, 02 Oct 2025 12:20:56 GMT",
    "Connection": "close"
  }
}
-----------------------------

Reason: 🔥 Server error
--- Request ---
{
  "method": "HEAD",
  "url": "/error",
  "headers": {
    "Content-Type": "application/json"
  },
  "body": null,
  "parameters": []
}
--- Response ---
{
  "status": 500,
  "body": "",
  "headers": {
    "X-Content-Type-Options": "nosniff",
    "X-XSS-Protection": "1; mode=block",
    "Cache-Control": "no-cache, no-store, max-age=0, must-revalidate",
    "Pragma": "no-cache",
    "Expires": "0",
    "X-Frame-Options": "DENY",
    "Content-Type": "application/json",
    "Transfer-Encoding": "chunked",
    "Date": "Thu, 02 Oct 2025 12:20:56 GMT",
    "Connection": "close"
  }
}
-----------------------------

Reason: 🔥 Server error
--- Request ---
{
  "method": "HEAD",
  "url": "/error",
  "headers": {
    "Content-Type": "application/json"
  },
  "body": null,
  "parameters": []
}
--- Response ---
{
  "status": 500,
  "body": "",
  "headers": {
    "X-Content-Type-Options": "nosniff",
    "X-XSS-Protection": "1; mode=block",
    "Cache-Control": "no-cache, no-store, max-age=0, must-revalidate",
    "Pragma": "no-cache",
    "Expires": "0",
    "X-Frame-Options": "DENY",
    "Content-Type": "application/json",
    "Transfer-Encoding": "chunked",
    "Date": "Thu, 02 Oct 2025 12:20:58 GMT",
    "Connection": "close"
  }
}
-----------------------------

Reason: 🔥 Server error
--- Request ---
{
  "method": "GET",
  "url": "/error",
  "headers": {
    "Content-Type": "application/json"
  },
  "body": null,
  "parameters": []
}
--- Response ---
{
  "status": 500,
  "body": "{\"timestamp\":\"2025-10-02T12:20:59.133+0000\",\"status\":999,\"error\":\"None\",\"message\":\"No message available\"}",
  "headers": {
    "X-Content-Type-Options": "nosniff",
    "X-XSS-Protection": "1; mode=block",
    "Cache-Control": "no-cache, no-store, max-age=0, must-revalidate",
    "Pragma": "no-cache",
    "Expires": "0",
    "X-Frame-Options": "DENY",
    "Content-Type": "application/json",
    "Transfer-Encoding": "chunked",
    "Date": "Thu, 02 Oct 2025 12:20:58 GMT",
    "Connection": "close"
  }
}
-----------------------------

Reason: 🔥 Server error
--- Request ---
{
  "method": "HEAD",
  "url": "/error",
  "headers": {
    "Content-Type": "application/json"
  },
  "body": null,
  "parameters": []
}
--- Response ---
{
  "status": 500,
  "body": "",
  "headers": {
    "X-Content-Type-Options": "nosniff",
    "X-XSS-Protection": "1; mode=block",
    "Cache-Control": "no-cache, no-store, max-age=0, must-revalidate",
    "Pragma": "no-cache",
    "Expires": "0",
    "X-Frame-Options": "DENY",
    "Content-Type": "application/json",
    "Transfer-Encoding": "chunked",
    "Date": "Thu, 02 Oct 2025 12:20:59 GMT",
    "Connection": "close"
  }
}
-----------------------------

Reason: 🔥 Server error
--- Request ---
{
  "method": "HEAD",
  "url": "/error",
  "headers": {
    "Content-Type": "application/json"
  },
  "body": null,
  "parameters": []
}
--- Response ---
{
  "status": 500,
  "body": "",
  "headers": {
    "X-Content-Type-Options": "nosniff",
    "X-XSS-Protection": "1; mode=block",
    "Cache-Control": "no-cache, no-store, max-age=0, must-revalidate",
    "Pragma": "no-cache",
    "Expires": "0",
    "X-Frame-Options": "DENY",
    "Content-Type": "application/json",
    "Transfer-Encoding": "chunked",
    "Date": "Thu, 02 Oct 2025 12:20:59 GMT",
    "Connection": "close"
  }
}
-----------------------------

Reason: 🔥 Server error
--- Request ---
{
  "method": "HEAD",
  "url": "/error",
  "headers": {
    "Content-Type": "application/json"
  },
  "body": null,
  "parameters": []
}
--- Response ---
{
  "status": 500,
  "body": "",
  "headers": {
    "X-Content-Type-Options": "nosniff",
    "X-XSS-Protection": "1; mode=block",
    "Cache-Control": "no-cache, no-store, max-age=0, must-revalidate",
    "Pragma": "no-cache",
    "Expires": "0",
    "X-Frame-Options": "DENY",
    "Content-Type": "application/json",
    "Transfer-Encoding": "chunked",
    "Date": "Thu, 02 Oct 2025 12:20:59 GMT",
    "Connection": "close"
  }
}
-----------------------------

Reason: 🔥 Server error
--- Request ---
{
  "method": "GET",
  "url": "/error",
  "headers": {
    "Content-Type": "application/json"
  },
  "body": null,
  "parameters": []
}
--- Response ---
{
  "status": 500,
  "body": "{\"timestamp\":\"2025-10-02T12:21:00.845+0000\",\"status\":999,\"error\":\"None\",\"message\":\"No message available\"}",
  "headers": {
    "X-Content-Type-Options": "nosniff",
    "X-XSS-Protection": "1; mode=block",
    "Cache-Control": "no-cache, no-store, max-age=0, must-revalidate",
    "Pragma": "no-cache",
    "Expires": "0",
    "X-Frame-Options": "DENY",
    "Content-Type": "application/json",
    "Transfer-Encoding": "chunked",
    "Date": "Thu, 02 Oct 2025 12:21:00 GMT",
    "Connection": "close"
  }
}
-----------------------------

Reason: 🔥 Server error
--- Request ---
{
  "method": "GET",
  "url": "/error",
  "headers": {
    "Content-Type": "application/json"
  },
  "body": null,
  "parameters": []
}
--- Response ---
{
  "status": 500,
  "body": "{\"timestamp\":\"2025-10-02T12:21:02.284+0000\",\"status\":999,\"error\":\"None\",\"message\":\"No message available\"}",
  "headers": {
    "X-Content-Type-Options": "nosniff",
    "X-XSS-Protection": "1; mode=block",
    "Cache-Control": "no-cache, no-store, max-age=0, must-revalidate",
    "Pragma": "no-cache",
    "Expires": "0",
    "X-Frame-Options": "DENY",
    "Content-Type": "application/json",
    "Transfer-Encoding": "chunked",
    "Date": "Thu, 02 Oct 2025 12:21:01 GMT",
    "Connection": "close"
  }
}
-----------------------------

Reason: 🔥 Server error
--- Request ---
{
  "method": "HEAD",
  "url": "/error",
  "headers": {
    "Content-Type": "application/json"
  },
  "body": null,
  "parameters": []
}
--- Response ---
{
  "status": 500,
  "body": "",
  "headers": {
    "X-Content-Type-Options": "nosniff",
    "X-XSS-Protection": "1; mode=block",
    "Cache-Control": "no-cache, no-store, max-age=0, must-revalidate",
    "Pragma": "no-cache",
    "Expires": "0",
    "X-Frame-Options": "DENY",
    "Content-Type": "application/json",
    "Transfer-Encoding": "chunked",
    "Date": "Thu, 02 Oct 2025 12:21:01 GMT",
    "Connection": "close"
  }
}
-----------------------------

Reason: 🔥 Server error
--- Request ---
{
  "method": "HEAD",
  "url": "/error",
  "headers": {
    "Content-Type": "application/json"
  },
  "body": null,
  "parameters": []
}
--- Response ---
{
  "status": 500,
  "body": "",
  "headers": {
    "X-Content-Type-Options": "nosniff",
    "X-XSS-Protection": "1; mode=block",
    "Cache-Control": "no-cache, no-store, max-age=0, must-revalidate",
    "Pragma": "no-cache",
    "Expires": "0",
    "X-Frame-Options": "DENY",
    "Content-Type": "application/json",
    "Transfer-Encoding": "chunked",
    "Date": "Thu, 02 Oct 2025 12:21:03 GMT",
    "Connection": "close"
  }
}
-----------------------------

Reason: 🔥 Server error
--- Request ---
{
  "method": "GET",
  "url": "/error",
  "headers": {
    "Content-Type": "application/json"
  },
  "body": null,
  "parameters": []
}
--- Response ---
{
  "status": 500,
  "body": "{\"timestamp\":\"2025-10-02T12:21:04.808+0000\",\"status\":999,\"error\":\"None\",\"message\":\"No message available\"}",
  "headers": {
    "X-Content-Type-Options": "nosniff",
    "X-XSS-Protection": "1; mode=block",
    "Cache-Control": "no-cache, no-store, max-age=0, must-revalidate",
    "Pragma": "no-cache",
    "Expires": "0",
    "X-Frame-Options": "DENY",
    "Content-Type": "application/json",
    "Transfer-Encoding": "chunked",
    "Date": "Thu, 02 Oct 2025 12:21:04 GMT",
    "Connection": "close"
  }
}
-----------------------------

Reason: 🔥 Server error
--- Request ---
{
  "method": "POST",
  "url": "/error",
  "headers": {
    "Content-Type": "application/json"
  },
  "body": null,
  "parameters": []
}
--- Response ---
{
  "status": 500,
  "body": "{\"timestamp\":\"2025-10-02T12:21:06.601+0000\",\"status\":999,\"error\":\"None\",\"message\":\"No message available\"}",
  "headers": {
    "X-Content-Type-Options": "nosniff",
    "X-XSS-Protection": "1; mode=block",
    "Cache-Control": "no-cache, no-store, max-age=0, must-revalidate",
    "Pragma": "no-cache",
    "Expires": "0",
    "X-Frame-Options": "DENY",
    "Content-Type": "application/json",
    "Transfer-Encoding": "chunked",
    "Date": "Thu, 02 Oct 2025 12:21:06 GMT",
    "Connection": "close"
  }
}
-----------------------------

Reason: 🔥 Server error
--- Request ---
{
  "method": "GET",
  "url": "/error",
  "headers": {
    "Content-Type": "application/json"
  },
  "body": null,
  "parameters": []
}
--- Response ---
{
  "status": 500,
  "body": "{\"timestamp\":\"2025-10-02T12:21:07.335+0000\",\"status\":999,\"error\":\"None\",\"message\":\"No message available\"}",
  "headers": {
    "X-Content-Type-Options": "nosniff",
    "X-XSS-Protection": "1; mode=block",
    "Cache-Control": "no-cache, no-store, max-age=0, must-revalidate",
    "Pragma": "no-cache",
    "Expires": "0",
    "X-Frame-Options": "DENY",
    "Content-Type": "application/json",
    "Transfer-Encoding": "chunked",
    "Date": "Thu, 02 Oct 2025 12:21:07 GMT",
    "Connection": "close"
  }
}
-----------------------------

Reason: 🔥 Server error
--- Request ---
{
  "method": "HEAD",
  "url": "/error",
  "headers": {
    "Content-Type": "application/json"
  },
  "body": null,
  "parameters": []
}
--- Response ---
{
  "status": 500,
  "body": "",
  "headers": {
    "X-Content-Type-Options": "nosniff",
    "X-XSS-Protection": "1; mode=block",
    "Cache-Control": "no-cache, no-store, max-age=0, must-revalidate",
    "Pragma": "no-cache",
    "Expires": "0",
    "X-Frame-Options": "DENY",
    "Content-Type": "application/json",
    "Transfer-Encoding": "chunked",
    "Date": "Thu, 02 Oct 2025 12:21:09 GMT",
    "Connection": "close"
  }
}
-----------------------------

Reason: 🔥 Server error
--- Request ---
{
  "method": "GET",
  "url": "/error",
  "headers": {
    "Content-Type": "application/json"
  },
  "body": null,
  "parameters": []
}
--- Response ---
{
  "status": 500,
  "body": "{\"timestamp\":\"2025-10-02T12:21:09.657+0000\",\"status\":999,\"error\":\"None\",\"message\":\"No message available\"}",
  "headers": {
    "X-Content-Type-Options": "nosniff",
    "X-XSS-Protection": "1; mode=block",
    "Cache-Control": "no-cache, no-store, max-age=0, must-revalidate",
    "Pragma": "no-cache",
    "Expires": "0",
    "X-Frame-Options": "DENY",
    "Content-Type": "application/json",
    "Transfer-Encoding": "chunked",
    "Date": "Thu, 02 Oct 2025 12:21:09 GMT",
    "Connection": "close"
  }
}
-----------------------------

Reason: 🔥 Server error
--- Request ---
{
  "method": "HEAD",
  "url": "/error",
  "headers": {
    "Content-Type": "application/json"
  },
  "body": null,
  "parameters": []
}
--- Response ---
{
  "status": 500,
  "body": "",
  "headers": {
    "X-Content-Type-Options": "nosniff",
    "X-XSS-Protection": "1; mode=block",
    "Cache-Control": "no-cache, no-store, max-age=0, must-revalidate",
    "Pragma": "no-cache",
    "Expires": "0",
    "X-Frame-Options": "DENY",
    "Content-Type": "application/json",
    "Transfer-Encoding": "chunked",
    "Date": "Thu, 02 Oct 2025 12:21:11 GMT",
    "Connection": "close"
  }
}
-----------------------------

Reason: 🔥 Server error
--- Request ---
{
  "method": "GET",
  "url": "/error",
  "headers": {
    "Content-Type": "application/json"
  },
  "body": null,
  "parameters": []
}
--- Response ---
{
  "status": 500,
  "body": "{\"timestamp\":\"2025-10-02T12:21:12.068+0000\",\"status\":999,\"error\":\"None\",\"message\":\"No message available\"}",
  "headers": {
    "X-Content-Type-Options": "nosniff",
    "X-XSS-Protection": "1; mode=block",
    "Cache-Control": "no-cache, no-store, max-age=0, must-revalidate",
    "Pragma": "no-cache",
    "Expires": "0",
    "X-Frame-Options": "DENY",
    "Content-Type": "application/json",
    "Transfer-Encoding": "chunked",
    "Date": "Thu, 02 Oct 2025 12:21:11 GMT",
    "Connection": "close"
  }
}
-----------------------------

Reason: 🔥 Server error
--- Request ---
{
  "method": "PUT",
  "url": "/error",
  "headers": {
    "Content-Type": "application/json"
  },
  "body": null,
  "parameters": []
}
--- Response ---
{
  "status": 500,
  "body": "{\"timestamp\":\"2025-10-02T12:21:13.568+0000\",\"status\":999,\"error\":\"None\",\"message\":\"No message available\"}",
  "headers": {
    "X-Content-Type-Options": "nosniff",
    "X-XSS-Protection": "1; mode=block",
    "Cache-Control": "no-cache, no-store, max-age=0, must-revalidate",
    "Pragma": "no-cache",
    "Expires": "0",
    "X-Frame-Options": "DENY",
    "Content-Type": "application/json",
    "Transfer-Encoding": "chunked",
    "Date": "Thu, 02 Oct 2025 12:21:13 GMT",
    "Connection": "close"
  }
}
-----------------------------

Reason: 🔥 Server error
--- Request ---
{
  "method": "POST",
  "url": "/error",
  "headers": {
    "Content-Type": "application/json"
  },
  "body": null,
  "parameters": []
}
--- Response ---
{
  "status": 500,
  "body": "{\"timestamp\":\"2025-10-02T12:21:14.270+0000\",\"status\":999,\"error\":\"None\",\"message\":\"No message available\"}",
  "headers": {
    "X-Content-Type-Options": "nosniff",
    "X-XSS-Protection": "1; mode=block",
    "Cache-Control": "no-cache, no-store, max-age=0, must-revalidate",
    "Pragma": "no-cache",
    "Expires": "0",
    "X-Frame-Options": "DENY",
    "Content-Type": "application/json",
    "Transfer-Encoding": "chunked",
    "Date": "Thu, 02 Oct 2025 12:21:13 GMT",
    "Connection": "close"
  }
}
-----------------------------

Reason: 🔥 Server error
--- Request ---
{
  "method": "POST",
  "url": "/error",
  "headers": {
    "Content-Type": "application/json"
  },
  "body": null,
  "parameters": []
}
--- Response ---
{
  "status": 500,
  "body": "{\"timestamp\":\"2025-10-02T12:21:14.733+0000\",\"status\":999,\"error\":\"None\",\"message\":\"No message available\"}",
  "headers": {
    "X-Content-Type-Options": "nosniff",
    "X-XSS-Protection": "1; mode=block",
    "Cache-Control": "no-cache, no-store, max-age=0, must-revalidate",
    "Pragma": "no-cache",
    "Expires": "0",
    "X-Frame-Options": "DENY",
    "Content-Type": "application/json",
    "Transfer-Encoding": "chunked",
    "Date": "Thu, 02 Oct 2025 12:21:14 GMT",
    "Connection": "close"
  }
}
-----------------------------

Reason: 🔥 Server error
--- Request ---
{
  "method": "GET",
  "url": "/error",
  "headers": {
    "Content-Type": "application/json"
  },
  "body": null,
  "parameters": []
}
--- Response ---
{
  "status": 500,
  "body": "{\"timestamp\":\"2025-10-02T12:21:14.959+0000\",\"status\":999,\"error\":\"None\",\"message\":\"No message available\"}",
  "headers": {
    "X-Content-Type-Options": "nosniff",
    "X-XSS-Protection": "1; mode=block",
    "Cache-Control": "no-cache, no-store, max-age=0, must-revalidate",
    "Pragma": "no-cache",
    "Expires": "0",
    "X-Frame-Options": "DENY",
    "Content-Type": "application/json",
    "Transfer-Encoding": "chunked",
    "Date": "Thu, 02 Oct 2025 12:21:14 GMT",
    "Connection": "close"
  }
}
-----------------------------

Reason: 🔥 Server error
--- Request ---
{
  "method": "HEAD",
  "url": "/error",
  "headers": {
    "Content-Type": "application/json"
  },
  "body": null,
  "parameters": []
}
--- Response ---
{
  "status": 500,
  "body": "",
  "headers": {
    "X-Content-Type-Options": "nosniff",
    "X-XSS-Protection": "1; mode=block",
    "Cache-Control": "no-cache, no-store, max-age=0, must-revalidate",
    "Pragma": "no-cache",
    "Expires": "0",
    "X-Frame-Options": "DENY",
    "Content-Type": "application/json",
    "Transfer-Encoding": "chunked",
    "Date": "Thu, 02 Oct 2025 12:21:15 GMT",
    "Connection": "close"
  }
}
-----------------------------

Reason: 🔥 Server error
--- Request ---
{
  "method": "POST",
  "url": "/error",
  "headers": {
    "Content-Type": "application/json"
  },
  "body": null,
  "parameters": []
}
--- Response ---
{
  "status": 500,
  "body": "{\"timestamp\":\"2025-10-02T12:21:16.650+0000\",\"status\":999,\"error\":\"None\",\"message\":\"No message available\"}",
  "headers": {
    "X-Content-Type-Options": "nosniff",
    "X-XSS-Protection": "1; mode=block",
    "Cache-Control": "no-cache, no-store, max-age=0, must-revalidate",
    "Pragma": "no-cache",
    "Expires": "0",
    "X-Frame-Options": "DENY",
    "Content-Type": "application/json",
    "Transfer-Encoding": "chunked",
    "Date": "Thu, 02 Oct 2025 12:21:15 GMT",
    "Connection": "close"
  }
}
-----------------------------

Reason: 🔥 Server error
--- Request ---
{
  "method": "PUT",
  "url": "/error",
  "headers": {
    "Content-Type": "application/json"
  },
  "body": null,
  "parameters": []
}
--- Response ---
{
  "status": 500,
  "body": "{\"timestamp\":\"2025-10-02T12:21:17.426+0000\",\"status\":999,\"error\":\"None\",\"message\":\"No message available\"}",
  "headers": {
    "X-Content-Type-Options": "nosniff",
    "X-XSS-Protection": "1; mode=block",
    "Cache-Control": "no-cache, no-store, max-age=0, must-revalidate",
    "Pragma": "no-cache",
    "Expires": "0",
    "X-Frame-Options": "DENY",
    "Content-Type": "application/json",
    "Transfer-Encoding": "chunked",
    "Date": "Thu, 02 Oct 2025 12:21:16 GMT",
    "Connection": "close"
  }
}
-----------------------------

Reason: 🔥 Server error
--- Request ---
{
  "method": "POST",
  "url": "/error",
  "headers": {
    "Content-Type": "application/json"
  },
  "body": null,
  "parameters": []
}
--- Response ---
{
  "status": 500,
  "body": "{\"timestamp\":\"2025-10-02T12:21:18.180+0000\",\"status\":999,\"error\":\"None\",\"message\":\"No message available\"}",
  "headers": {
    "X-Content-Type-Options": "nosniff",
    "X-XSS-Protection": "1; mode=block",
    "Cache-Control": "no-cache, no-store, max-age=0, must-revalidate",
    "Pragma": "no-cache",
    "Expires": "0",
    "X-Frame-Options": "DENY",
    "Content-Type": "application/json",
    "Transfer-Encoding": "chunked",
    "Date": "Thu, 02 Oct 2025 12:21:17 GMT",
    "Connection": "close"
  }
}
-----------------------------

Reason: 🔥 Server error
--- Request ---
{
  "method": "POST",
  "url": "/error",
  "headers": {
    "Content-Type": "application/json"
  },
  "body": null,
  "parameters": []
}
--- Response ---
{
  "status": 500,
  "body": "{\"timestamp\":\"2025-10-02T12:21:18.902+0000\",\"status\":999,\"error\":\"None\",\"message\":\"No message available\"}",
  "headers": {
    "X-Content-Type-Options": "nosniff",
    "X-XSS-Protection": "1; mode=block",
    "Cache-Control": "no-cache, no-store, max-age=0, must-revalidate",
    "Pragma": "no-cache",
    "Expires": "0",
    "X-Frame-Options": "DENY",
    "Content-Type": "application/json",
    "Transfer-Encoding": "chunked",
    "Date": "Thu, 02 Oct 2025 12:21:17 GMT",
    "Connection": "close"
  }
}
-----------------------------

Reason: 🔥 Server error
--- Request ---
{
  "method": "HEAD",
  "url": "/error",
  "headers": {
    "Content-Type": "application/json"
  },
  "body": null,
  "parameters": []
}
--- Response ---
{
  "status": 500,
  "body": "",
  "headers": {
    "X-Content-Type-Options": "nosniff",
    "X-XSS-Protection": "1; mode=block",
    "Cache-Control": "no-cache, no-store, max-age=0, must-revalidate",
    "Pragma": "no-cache",
    "Expires": "0",
    "X-Frame-Options": "DENY",
    "Content-Type": "application/json",
    "Transfer-Encoding": "chunked",
    "Date": "Thu, 02 Oct 2025 12:21:22 GMT",
    "Connection": "close"
  }
}
-----------------------------

Reason: 🔥 Server error
--- Request ---
{
  "method": "POST",
  "url": "/error",
  "headers": {
    "Content-Type": "application/json"
  },
  "body": null,
  "parameters": []
}
--- Response ---
{
  "status": 500,
  "body": "{\"timestamp\":\"2025-10-02T12:21:24.184+0000\",\"status\":999,\"error\":\"None\",\"message\":\"No message available\"}",
  "headers": {
    "X-Content-Type-Options": "nosniff",
    "X-XSS-Protection": "1; mode=block",
    "Cache-Control": "no-cache, no-store, max-age=0, must-revalidate",
    "Pragma": "no-cache",
    "Expires": "0",
    "X-Frame-Options": "DENY",
    "Content-Type": "application/json",
    "Transfer-Encoding": "chunked",
    "Date": "Thu, 02 Oct 2025 12:21:23 GMT",
    "Connection": "close"
  }
}
-----------------------------

Reason: 🔥 Server error
--- Request ---
{
  "method": "POST",
  "url": "/error",
  "headers": {
    "Content-Type": "application/json"
  },
  "body": null,
  "parameters": []
}
--- Response ---
{
  "status": 500,
  "body": "{\"timestamp\":\"2025-10-02T12:21:24.912+0000\",\"status\":999,\"error\":\"None\",\"message\":\"No message available\"}",
  "headers": {
    "X-Content-Type-Options": "nosniff",
    "X-XSS-Protection": "1; mode=block",
    "Cache-Control": "no-cache, no-store, max-age=0, must-revalidate",
    "Pragma": "no-cache",
    "Expires": "0",
    "X-Frame-Options": "DENY",
    "Content-Type": "application/json",
    "Transfer-Encoding": "chunked",
    "Date": "Thu, 02 Oct 2025 12:21:24 GMT",
    "Connection": "close"
  }
}
-----------------------------

Reason: 🔥 Server error
--- Request ---
{
  "method": "PUT",
  "url": "/error",
  "headers": {
    "Content-Type": "application/json"
  },
  "body": null,
  "parameters": []
}
--- Response ---
{
  "status": 500,
  "body": "{\"timestamp\":\"2025-10-02T12:21:26.912+0000\",\"status\":999,\"error\":\"None\",\"message\":\"No message available\"}",
  "headers": {
    "X-Content-Type-Options": "nosniff",
    "X-XSS-Protection": "1; mode=block",
    "Cache-Control": "no-cache, no-store, max-age=0, must-revalidate",
    "Pragma": "no-cache",
    "Expires": "0",
    "X-Frame-Options": "DENY",
    "Content-Type": "application/json",
    "Transfer-Encoding": "chunked",
    "Date": "Thu, 02 Oct 2025 12:21:26 GMT",
    "Connection": "close"
  }
}
-----------------------------

Reason: 🔥 Server error
--- Request ---
{
  "method": "GET",
  "url": "/error",
  "headers": {
    "Content-Type": "application/json"
  },
  "body": null,
  "parameters": []
}
--- Response ---
{
  "status": 500,
  "body": "{\"timestamp\":\"2025-10-02T12:21:28.631+0000\",\"status\":999,\"error\":\"None\",\"message\":\"No message available\"}",
  "headers": {
    "X-Content-Type-Options": "nosniff",
    "X-XSS-Protection": "1; mode=block",
    "Cache-Control": "no-cache, no-store, max-age=0, must-revalidate",
    "Pragma": "no-cache",
    "Expires": "0",
    "X-Frame-Options": "DENY",
    "Content-Type": "application/json",
    "Transfer-Encoding": "chunked",
    "Date": "Thu, 02 Oct 2025 12:21:28 GMT",
    "Connection": "close"
  }
}
-----------------------------

Reason: 🔥 Server error
--- Request ---
{
  "method": "PUT",
  "url": "/error",
  "headers": {
    "Content-Type": "application/json"
  },
  "body": null,
  "parameters": []
}
--- Response ---
{
  "status": 500,
  "body": "{\"timestamp\":\"2025-10-02T12:21:29.631+0000\",\"status\":999,\"error\":\"None\",\"message\":\"No message available\"}",
  "headers": {
    "X-Content-Type-Options": "nosniff",
    "X-XSS-Protection": "1; mode=block",
    "Cache-Control": "no-cache, no-store, max-age=0, must-revalidate",
    "Pragma": "no-cache",
    "Expires": "0",
    "X-Frame-Options": "DENY",
    "Content-Type": "application/json",
    "Transfer-Encoding": "chunked",
    "Date": "Thu, 02 Oct 2025 12:21:29 GMT",
    "Connection": "close"
  }
}
-----------------------------

Reason: 🔥 Server error
--- Request ---
{
  "method": "GET",
  "url": "/error",
  "headers": {
    "Content-Type": "application/json"
  },
  "body": null,
  "parameters": []
}
--- Response ---
{
  "status": 500,
  "body": "{\"timestamp\":\"2025-10-02T12:21:30.108+0000\",\"status\":999,\"error\":\"None\",\"message\":\"No message available\"}",
  "headers": {
    "X-Content-Type-Options": "nosniff",
    "X-XSS-Protection": "1; mode=block",
    "Cache-Control": "no-cache, no-store, max-age=0, must-revalidate",
    "Pragma": "no-cache",
    "Expires": "0",
    "X-Frame-Options": "DENY",
    "Content-Type": "application/json",
    "Transfer-Encoding": "chunked",
    "Date": "Thu, 02 Oct 2025 12:21:29 GMT",
    "Connection": "close"
  }
}
-----------------------------

Reason: 🔥 Server error
--- Request ---
{
  "method": "GET",
  "url": "/error",
  "headers": {
    "Content-Type": "application/json"
  },
  "body": null,
  "parameters": []
}
--- Response ---
{
  "status": 500,
  "body": "{\"timestamp\":\"2025-10-02T12:21:30.803+0000\",\"status\":999,\"error\":\"None\",\"message\":\"No message available\"}",
  "headers": {
    "X-Content-Type-Options": "nosniff",
    "X-XSS-Protection": "1; mode=block",
    "Cache-Control": "no-cache, no-store, max-age=0, must-revalidate",
    "Pragma": "no-cache",
    "Expires": "0",
    "X-Frame-Options": "DENY",
    "Content-Type": "application/json",
    "Transfer-Encoding": "chunked",
    "Date": "Thu, 02 Oct 2025 12:21:30 GMT",
    "Connection": "close"
  }
}
-----------------------------

Reason: 🔥 Server error
--- Request ---
{
  "method": "POST",
  "url": "/error",
  "headers": {
    "Content-Type": "application/json"
  },
  "body": null,
  "parameters": []
}
--- Response ---
{
  "status": 500,
  "body": "{\"timestamp\":\"2025-10-02T12:21:31.516+0000\",\"status\":999,\"error\":\"None\",\"message\":\"No message available\"}",
  "headers": {
    "X-Content-Type-Options": "nosniff",
    "X-XSS-Protection": "1; mode=block",
    "Cache-Control": "no-cache, no-store, max-age=0, must-revalidate",
    "Pragma": "no-cache",
    "Expires": "0",
    "X-Frame-Options": "DENY",
    "Content-Type": "application/json",
    "Transfer-Encoding": "chunked",
    "Date": "Thu, 02 Oct 2025 12:21:31 GMT",
    "Connection": "close"
  }
}
-----------------------------

Reason: 🔥 Server error
--- Request ---
{
  "method": "GET",
  "url": "/error",
  "headers": {
    "Content-Type": "application/json"
  },
  "body": null,
  "parameters": []
}
--- Response ---
{
  "status": 500,
  "body": "{\"timestamp\":\"2025-10-02T12:21:35.660+0000\",\"status\":999,\"error\":\"None\",\"message\":\"No message available\"}",
  "headers": {
    "X-Content-Type-Options": "nosniff",
    "X-XSS-Protection": "1; mode=block",
    "Cache-Control": "no-cache, no-store, max-age=0, must-revalidate",
    "Pragma": "no-cache",
    "Expires": "0",
    "X-Frame-Options": "DENY",
    "Content-Type": "application/json",
    "Transfer-Encoding": "chunked",
    "Date": "Thu, 02 Oct 2025 12:21:34 GMT",
    "Connection": "close"
  }
}
-----------------------------

Reason: 🔥 Server error
--- Request ---
{
  "method": "POST",
  "url": "/error",
  "headers": {
    "Content-Type": "application/json"
  },
  "body": null,
  "parameters": []
}
--- Response ---
{
  "status": 500,
  "body": "{\"timestamp\":\"2025-10-02T12:21:39.682+0000\",\"status\":999,\"error\":\"None\",\"message\":\"No message available\"}",
  "headers": {
    "X-Content-Type-Options": "nosniff",
    "X-XSS-Protection": "1; mode=block",
    "Cache-Control": "no-cache, no-store, max-age=0, must-revalidate",
    "Pragma": "no-cache",
    "Expires": "0",
    "X-Frame-Options": "DENY",
    "Content-Type": "application/json",
    "Transfer-Encoding": "chunked",
    "Date": "Thu, 02 Oct 2025 12:21:39 GMT",
    "Connection": "close"
  }
}
-----------------------------

Reason: 🔥 Server error
--- Request ---
{
  "method": "PUT",
  "url": "/error",
  "headers": {
    "Content-Type": "application/json"
  },
  "body": null,
  "parameters": []
}
--- Response ---
{
  "status": 500,
  "body": "{\"timestamp\":\"2025-10-02T12:21:40.374+0000\",\"status\":999,\"error\":\"None\",\"message\":\"No message available\"}",
  "headers": {
    "X-Content-Type-Options": "nosniff",
    "X-XSS-Protection": "1; mode=block",
    "Cache-Control": "no-cache, no-store, max-age=0, must-revalidate",
    "Pragma": "no-cache",
    "Expires": "0",
    "X-Frame-Options": "DENY",
    "Content-Type": "application/json",
    "Transfer-Encoding": "chunked",
    "Date": "Thu, 02 Oct 2025 12:21:40 GMT",
    "Connection": "close"
  }
}
-----------------------------

Reason: 🔥 Server error
--- Request ---
{
  "method": "GET",
  "url": "/error",
  "headers": {
    "Content-Type": "application/json"
  },
  "body": null,
  "parameters": []
}
--- Response ---
{
  "status": 500,
  "body": "{\"timestamp\":\"2025-10-02T12:21:40.831+0000\",\"status\":999,\"error\":\"None\",\"message\":\"No message available\"}",
  "headers": {
    "X-Content-Type-Options": "nosniff",
    "X-XSS-Protection": "1; mode=block",
    "Cache-Control": "no-cache, no-store, max-age=0, must-revalidate",
    "Pragma": "no-cache",
    "Expires": "0",
    "X-Frame-Options": "DENY",
    "Content-Type": "application/json",
    "Transfer-Encoding": "chunked",
    "Date": "Thu, 02 Oct 2025 12:21:40 GMT",
    "Connection": "close"
  }
}
-----------------------------

Reason: 🔥 Server error
--- Request ---
{
  "method": "HEAD",
  "url": "/error",
  "headers": {
    "Content-Type": "application/json"
  },
  "body": null,
  "parameters": []
}
--- Response ---
{
  "status": 500,
  "body": "",
  "headers": {
    "X-Content-Type-Options": "nosniff",
    "X-XSS-Protection": "1; mode=block",
    "Cache-Control": "no-cache, no-store, max-age=0, must-revalidate",
    "Pragma": "no-cache",
    "Expires": "0",
    "X-Frame-Options": "DENY",
    "Content-Type": "application/json",
    "Transfer-Encoding": "chunked",
    "Date": "Thu, 02 Oct 2025 12:21:41 GMT",
    "Connection": "close"
  }
}
-----------------------------

Reason: 🔥 Server error
--- Request ---
{
  "method": "HEAD",
  "url": "/error",
  "headers": {
    "Content-Type": "application/json"
  },
  "body": null,
  "parameters": []
}
--- Response ---
{
  "status": 500,
  "body": "",
  "headers": {
    "X-Content-Type-Options": "nosniff",
    "X-XSS-Protection": "1; mode=block",
    "Cache-Control": "no-cache, no-store, max-age=0, must-revalidate",
    "Pragma": "no-cache",
    "Expires": "0",
    "X-Frame-Options": "DENY",
    "Content-Type": "application/json",
    "Transfer-Encoding": "chunked",
    "Date": "Thu, 02 Oct 2025 12:21:42 GMT",
    "Connection": "close"
  }
}
-----------------------------

Reason: 🔥 Server error
--- Request ---
{
  "method": "POST",
  "url": "/error",
  "headers": {
    "Content-Type": "application/json"
  },
  "body": null,
  "parameters": []
}
--- Response ---
{
  "status": 500,
  "body": "{\"timestamp\":\"2025-10-02T12:21:44.496+0000\",\"status\":999,\"error\":\"None\",\"message\":\"No message available\"}",
  "headers": {
    "X-Content-Type-Options": "nosniff",
    "X-XSS-Protection": "1; mode=block",
    "Cache-Control": "no-cache, no-store, max-age=0, must-revalidate",
    "Pragma": "no-cache",
    "Expires": "0",
    "X-Frame-Options": "DENY",
    "Content-Type": "application/json",
    "Transfer-Encoding": "chunked",
    "Date": "Thu, 02 Oct 2025 12:21:43 GMT",
    "Connection": "close"
  }
}
-----------------------------

Reason: 🔥 Server error
--- Request ---
{
  "method": "GET",
  "url": "/error",
  "headers": {
    "Content-Type": "application/json"
  },
  "body": null,
  "parameters": []
}
--- Response ---
{
  "status": 500,
  "body": "{\"timestamp\":\"2025-10-02T12:21:45.173+0000\",\"status\":999,\"error\":\"None\",\"message\":\"No message available\"}",
  "headers": {
    "X-Content-Type-Options": "nosniff",
    "X-XSS-Protection": "1; mode=block",
    "Cache-Control": "no-cache, no-store, max-age=0, must-revalidate",
    "Pragma": "no-cache",
    "Expires": "0",
    "X-Frame-Options": "DENY",
    "Content-Type": "application/json",
    "Transfer-Encoding": "chunked",
    "Date": "Thu, 02 Oct 2025 12:21:44 GMT",
    "Connection": "close"
  }
}
-----------------------------

Reason: 🔥 Server error
--- Request ---
{
  "method": "GET",
  "url": "/error",
  "headers": {
    "Content-Type": "application/json"
  },
  "body": null,
  "parameters": []
}
--- Response ---
{
  "status": 500,
  "body": "{\"timestamp\":\"2025-10-02T12:21:45.388+0000\",\"status\":999,\"error\":\"None\",\"message\":\"No message available\"}",
  "headers": {
    "X-Content-Type-Options": "nosniff",
    "X-XSS-Protection": "1; mode=block",
    "Cache-Control": "no-cache, no-store, max-age=0, must-revalidate",
    "Pragma": "no-cache",
    "Expires": "0",
    "X-Frame-Options": "DENY",
    "Content-Type": "application/json",
    "Transfer-Encoding": "chunked",
    "Date": "Thu, 02 Oct 2025 12:21:44 GMT",
    "Connection": "close"
  }
}
-----------------------------

Reason: 🔥 Server error
--- Request ---
{
  "method": "HEAD",
  "url": "/error",
  "headers": {
    "Content-Type": "application/json"
  },
  "body": null,
  "parameters": []
}
--- Response ---
{
  "status": 500,
  "body": "",
  "headers": {
    "X-Content-Type-Options": "nosniff",
    "X-XSS-Protection": "1; mode=block",
    "Cache-Control": "no-cache, no-store, max-age=0, must-revalidate",
    "Pragma": "no-cache",
    "Expires": "0",
    "X-Frame-Options": "DENY",
    "Content-Type": "application/json",
    "Transfer-Encoding": "chunked",
    "Date": "Thu, 02 Oct 2025 12:21:46 GMT",
    "Connection": "close"
  }
}
-----------------------------

Reason: 🔥 Server error
--- Request ---
{
  "method": "HEAD",
  "url": "/error",
  "headers": {
    "Content-Type": "application/json"
  },
  "body": null,
  "parameters": []
}
--- Response ---
{
  "status": 500,
  "body": "",
  "headers": {
    "X-Content-Type-Options": "nosniff",
    "X-XSS-Protection": "1; mode=block",
    "Cache-Control": "no-cache, no-store, max-age=0, must-revalidate",
    "Pragma": "no-cache",
    "Expires": "0",
    "X-Frame-Options": "DENY",
    "Content-Type": "application/json",
    "Transfer-Encoding": "chunked",
    "Date": "Thu, 02 Oct 2025 12:21:47 GMT",
    "Connection": "close"
  }
}
-----------------------------

Reason: 🔥 Server error
--- Request ---
{
  "method": "HEAD",
  "url": "/error",
  "headers": {
    "Content-Type": "application/json"
  },
  "body": null,
  "parameters": []
}
--- Response ---
{
  "status": 500,
  "body": "",
  "headers": {
    "X-Content-Type-Options": "nosniff",
    "X-XSS-Protection": "1; mode=block",
    "Cache-Control": "no-cache, no-store, max-age=0, must-revalidate",
    "Pragma": "no-cache",
    "Expires": "0",
    "X-Frame-Options": "DENY",
    "Content-Type": "application/json",
    "Transfer-Encoding": "chunked",
    "Date": "Thu, 02 Oct 2025 12:21:48 GMT",
    "Connection": "close"
  }
}
-----------------------------

Reason: 🔥 Server error
--- Request ---
{
  "method": "HEAD",
  "url": "/error",
  "headers": {
    "Content-Type": "application/json"
  },
  "body": null,
  "parameters": []
}
--- Response ---
{
  "status": 500,
  "body": "",
  "headers": {
    "X-Content-Type-Options": "nosniff",
    "X-XSS-Protection": "1; mode=block",
    "Cache-Control": "no-cache, no-store, max-age=0, must-revalidate",
    "Pragma": "no-cache",
    "Expires": "0",
    "X-Frame-Options": "DENY",
    "Content-Type": "application/json",
    "Transfer-Encoding": "chunked",
    "Date": "Thu, 02 Oct 2025 12:21:49 GMT",
    "Connection": "close"
  }
}
-----------------------------

Reason: 🔥 Server error
--- Request ---
{
  "method": "PUT",
  "url": "/error",
  "headers": {
    "Content-Type": "application/json"
  },
  "body": null,
  "parameters": []
}
--- Response ---
{
  "status": 500,
  "body": "{\"timestamp\":\"2025-10-02T12:21:50.839+0000\",\"status\":999,\"error\":\"None\",\"message\":\"No message available\"}",
  "headers": {
    "X-Content-Type-Options": "nosniff",
    "X-XSS-Protection": "1; mode=block",
    "Cache-Control": "no-cache, no-store, max-age=0, must-revalidate",
    "Pragma": "no-cache",
    "Expires": "0",
    "X-Frame-Options": "DENY",
    "Content-Type": "application/json",
    "Transfer-Encoding": "chunked",
    "Date": "Thu, 02 Oct 2025 12:21:50 GMT",
    "Connection": "close"
  }
}
-----------------------------

Reason: 🔥 Server error
--- Request ---
{
  "method": "POST",
  "url": "/error",
  "headers": {
    "Content-Type": "application/json"
  },
  "body": null,
  "parameters": []
}
--- Response ---
{
  "status": 500,
  "body": "{\"timestamp\":\"2025-10-02T12:21:51.294+0000\",\"status\":999,\"error\":\"None\",\"message\":\"No message available\"}",
  "headers": {
    "X-Content-Type-Options": "nosniff",
    "X-XSS-Protection": "1; mode=block",
    "Cache-Control": "no-cache, no-store, max-age=0, must-revalidate",
    "Pragma": "no-cache",
    "Expires": "0",
    "X-Frame-Options": "DENY",
    "Content-Type": "application/json",
    "Transfer-Encoding": "chunked",
    "Date": "Thu, 02 Oct 2025 12:21:50 GMT",
    "Connection": "close"
  }
}
-----------------------------

Reason: 🔥 Server error
--- Request ---
{
  "method": "PUT",
  "url": "/error",
  "headers": {
    "Content-Type": "application/json"
  },
  "body": null,
  "parameters": []
}
--- Response ---
{
  "status": 500,
  "body": "{\"timestamp\":\"2025-10-02T12:21:53.144+0000\",\"status\":999,\"error\":\"None\",\"message\":\"No message available\"}",
  "headers": {
    "X-Content-Type-Options": "nosniff",
    "X-XSS-Protection": "1; mode=block",
    "Cache-Control": "no-cache, no-store, max-age=0, must-revalidate",
    "Pragma": "no-cache",
    "Expires": "0",
    "X-Frame-Options": "DENY",
    "Content-Type": "application/json",
    "Transfer-Encoding": "chunked",
    "Date": "Thu, 02 Oct 2025 12:21:52 GMT",
    "Connection": "close"
  }
}
-----------------------------

Reason: 🔥 Server error
--- Request ---
{
  "method": "DELETE",
  "url": "/error",
  "headers": {
    "Content-Type": "application/json"
  },
  "body": null,
  "parameters": []
}
--- Response ---
{
  "status": 500,
  "body": "{\"timestamp\":\"2025-10-02T12:21:53.352+0000\",\"status\":999,\"error\":\"None\",\"message\":\"No message available\"}",
  "headers": {
    "X-Content-Type-Options": "nosniff",
    "X-XSS-Protection": "1; mode=block",
    "Cache-Control": "no-cache, no-store, max-age=0, must-revalidate",
    "Pragma": "no-cache",
    "Expires": "0",
    "X-Frame-Options": "DENY",
    "Content-Type": "application/json",
    "Transfer-Encoding": "chunked",
    "Date": "Thu, 02 Oct 2025 12:21:52 GMT",
    "Connection": "close"
  }
}
-----------------------------

Reason: 🔥 Server error
--- Request ---
{
  "method": "HEAD",
  "url": "/error",
  "headers": {
    "Content-Type": "application/json"
  },
  "body": null,
  "parameters": []
}
--- Response ---
{
  "status": 500,
  "body": "",
  "headers": {
    "X-Content-Type-Options": "nosniff",
    "X-XSS-Protection": "1; mode=block",
    "Cache-Control": "no-cache, no-store, max-age=0, must-revalidate",
    "Pragma": "no-cache",
    "Expires": "0",
    "X-Frame-Options": "DENY",
    "Content-Type": "application/json",
    "Transfer-Encoding": "chunked",
    "Date": "Thu, 02 Oct 2025 12:21:54 GMT",
    "Connection": "close"
  }
}
-----------------------------

Reason: 🔥 Server error
--- Request ---
{
  "method": "GET",
  "url": "/error",
  "headers": {
    "Content-Type": "application/json"
  },
  "body": null,
  "parameters": []
}
--- Response ---
{
  "status": 500,
  "body": "{\"timestamp\":\"2025-10-02T12:21:55.426+0000\",\"status\":999,\"error\":\"None\",\"message\":\"No message available\"}",
  "headers": {
    "X-Content-Type-Options": "nosniff",
    "X-XSS-Protection": "1; mode=block",
    "Cache-Control": "no-cache, no-store, max-age=0, must-revalidate",
    "Pragma": "no-cache",
    "Expires": "0",
    "X-Frame-Options": "DENY",
    "Content-Type": "application/json",
    "Transfer-Encoding": "chunked",
    "Date": "Thu, 02 Oct 2025 12:21:55 GMT",
    "Connection": "close"
  }
}
-----------------------------

Reason: 🔥 Server error
--- Request ---
{
  "method": "GET",
  "url": "/error",
  "headers": {
    "Content-Type": "application/json"
  },
  "body": null,
  "parameters": []
}
--- Response ---
{
  "status": 500,
  "body": "{\"timestamp\":\"2025-10-02T12:21:57.269+0000\",\"status\":999,\"error\":\"None\",\"message\":\"No message available\"}",
  "headers": {
    "X-Content-Type-Options": "nosniff",
    "X-XSS-Protection": "1; mode=block",
    "Cache-Control": "no-cache, no-store, max-age=0, must-revalidate",
    "Pragma": "no-cache",
    "Expires": "0",
    "X-Frame-Options": "DENY",
    "Content-Type": "application/json",
    "Transfer-Encoding": "chunked",
    "Date": "Thu, 02 Oct 2025 12:21:56 GMT",
    "Connection": "close"
  }
}
-----------------------------

Reason: 🔥 Server error
--- Request ---
{
  "method": "HEAD",
  "url": "/error",
  "headers": {
    "Content-Type": "application/json"
  },
  "body": null,
  "parameters": []
}
--- Response ---
{
  "status": 500,
  "body": "",
  "headers": {
    "X-Content-Type-Options": "nosniff",
    "X-XSS-Protection": "1; mode=block",
    "Cache-Control": "no-cache, no-store, max-age=0, must-revalidate",
    "Pragma": "no-cache",
    "Expires": "0",
    "X-Frame-Options": "DENY",
    "Content-Type": "application/json",
    "Transfer-Encoding": "chunked",
    "Date": "Thu, 02 Oct 2025 12:21:57 GMT",
    "Connection": "close"
  }
}
-----------------------------

Reason: 🔥 Server error
--- Request ---
{
  "method": "HEAD",
  "url": "/error",
  "headers": {
    "Content-Type": "application/json"
  },
  "body": null,
  "parameters": []
}
--- Response ---
{
  "status": 500,
  "body": "",
  "headers": {
    "X-Content-Type-Options": "nosniff",
    "X-XSS-Protection": "1; mode=block",
    "Cache-Control": "no-cache, no-store, max-age=0, must-revalidate",
    "Pragma": "no-cache",
    "Expires": "0",
    "X-Frame-Options": "DENY",
    "Content-Type": "application/json",
    "Transfer-Encoding": "chunked",
    "Date": "Thu, 02 Oct 2025 12:22:02 GMT",
    "Connection": "close"
  }
}
-----------------------------

Reason: 🔥 Server error
--- Request ---
{
  "method": "DELETE",
  "url": "/error",
  "headers": {
    "Content-Type": "application/json"
  },
  "body": null,
  "parameters": []
}
--- Response ---
{
  "status": 500,
  "body": "{\"timestamp\":\"2025-10-02T12:22:03.734+0000\",\"status\":999,\"error\":\"None\",\"message\":\"No message available\"}",
  "headers": {
    "X-Content-Type-Options": "nosniff",
    "X-XSS-Protection": "1; mode=block",
    "Cache-Control": "no-cache, no-store, max-age=0, must-revalidate",
    "Pragma": "no-cache",
    "Expires": "0",
    "X-Frame-Options": "DENY",
    "Content-Type": "application/json",
    "Transfer-Encoding": "chunked",
    "Date": "Thu, 02 Oct 2025 12:22:03 GMT",
    "Connection": "close"
  }
}
-----------------------------

Reason: 🔥 Server error
--- Request ---
{
  "method": "POST",
  "url": "/error",
  "headers": {
    "Content-Type": "application/json"
  },
  "body": null,
  "parameters": []
}
--- Response ---
{
  "status": 500,
  "body": "{\"timestamp\":\"2025-10-02T12:22:05.360+0000\",\"status\":999,\"error\":\"None\",\"message\":\"No message available\"}",
  "headers": {
    "X-Content-Type-Options": "nosniff",
    "X-XSS-Protection": "1; mode=block",
    "Cache-Control": "no-cache, no-store, max-age=0, must-revalidate",
    "Pragma": "no-cache",
    "Expires": "0",
    "X-Frame-Options": "DENY",
    "Content-Type": "application/json",
    "Transfer-Encoding": "chunked",
    "Date": "Thu, 02 Oct 2025 12:22:04 GMT",
    "Connection": "close"
  }
}
-----------------------------

Reason: 🔥 Server error
--- Request ---
{
  "method": "POST",
  "url": "/error",
  "headers": {
    "Content-Type": "application/json"
  },
  "body": null,
  "parameters": []
}
--- Response ---
{
  "status": 500,
  "body": "{\"timestamp\":\"2025-10-02T12:22:05.583+0000\",\"status\":999,\"error\":\"None\",\"message\":\"No message available\"}",
  "headers": {
    "X-Content-Type-Options": "nosniff",
    "X-XSS-Protection": "1; mode=block",
    "Cache-Control": "no-cache, no-store, max-age=0, must-revalidate",
    "Pragma": "no-cache",
    "Expires": "0",
    "X-Frame-Options": "DENY",
    "Content-Type": "application/json",
    "Transfer-Encoding": "chunked",
    "Date": "Thu, 02 Oct 2025 12:22:05 GMT",
    "Connection": "close"
  }
}
-----------------------------

Reason: 🔥 Server error
--- Request ---
{
  "method": "GET",
  "url": "/error",
  "headers": {
    "Content-Type": "application/json"
  },
  "body": null,
  "parameters": []
}
--- Response ---
{
  "status": 500,
  "body": "{\"timestamp\":\"2025-10-02T12:22:05.797+0000\",\"status\":999,\"error\":\"None\",\"message\":\"No message available\"}",
  "headers": {
    "X-Content-Type-Options": "nosniff",
    "X-XSS-Protection": "1; mode=block",
    "Cache-Control": "no-cache, no-store, max-age=0, must-revalidate",
    "Pragma": "no-cache",
    "Expires": "0",
    "X-Frame-Options": "DENY",
    "Content-Type": "application/json",
    "Transfer-Encoding": "chunked",
    "Date": "Thu, 02 Oct 2025 12:22:05 GMT",
    "Connection": "close"
  }
}
-----------------------------

Reason: 🔥 Server error
--- Request ---
{
  "method": "PUT",
  "url": "/error",
  "headers": {
    "Content-Type": "application/json"
  },
  "body": null,
  "parameters": []
}
--- Response ---
{
  "status": 500,
  "body": "{\"timestamp\":\"2025-10-02T12:22:06.240+0000\",\"status\":999,\"error\":\"None\",\"message\":\"No message available\"}",
  "headers": {
    "X-Content-Type-Options": "nosniff",
    "X-XSS-Protection": "1; mode=block",
    "Cache-Control": "no-cache, no-store, max-age=0, must-revalidate",
    "Pragma": "no-cache",
    "Expires": "0",
    "X-Frame-Options": "DENY",
    "Content-Type": "application/json",
    "Transfer-Encoding": "chunked",
    "Date": "Thu, 02 Oct 2025 12:22:05 GMT",
    "Connection": "close"
  }
}
-----------------------------

Reason: 🔥 Server error
--- Request ---
{
  "method": "POST",
  "url": "/error",
  "headers": {
    "Content-Type": "application/json"
  },
  "body": null,
  "parameters": []
}
--- Response ---
{
  "status": 500,
  "body": "{\"timestamp\":\"2025-10-02T12:22:08.019+0000\",\"status\":999,\"error\":\"None\",\"message\":\"No message available\"}",
  "headers": {
    "X-Content-Type-Options": "nosniff",
    "X-XSS-Protection": "1; mode=block",
    "Cache-Control": "no-cache, no-store, max-age=0, must-revalidate",
    "Pragma": "no-cache",
    "Expires": "0",
    "X-Frame-Options": "DENY",
    "Content-Type": "application/json",
    "Transfer-Encoding": "chunked",
    "Date": "Thu, 02 Oct 2025 12:22:07 GMT",
    "Connection": "close"
  }
}
-----------------------------

Reason: 🔥 Server error
--- Request ---
{
  "method": "HEAD",
  "url": "/error",
  "headers": {
    "Content-Type": "application/json"
  },
  "body": null,
  "parameters": []
}
--- Response ---
{
  "status": 500,
  "body": "",
  "headers": {
    "X-Content-Type-Options": "nosniff",
    "X-XSS-Protection": "1; mode=block",
    "Cache-Control": "no-cache, no-store, max-age=0, must-revalidate",
    "Pragma": "no-cache",
    "Expires": "0",
    "X-Frame-Options": "DENY",
    "Content-Type": "application/json",
    "Transfer-Encoding": "chunked",
    "Date": "Thu, 02 Oct 2025 12:22:08 GMT",
    "Connection": "close"
  }
}
-----------------------------

Reason: 🔥 Server error
--- Request ---
{
  "method": "GET",
  "url": "/error",
  "headers": {
    "Content-Type": "application/json"
  },
  "body": null,
  "parameters": []
}
--- Response ---
{
  "status": 500,
  "body": "{\"timestamp\":\"2025-10-02T12:22:11.696+0000\",\"status\":999,\"error\":\"None\",\"message\":\"No message available\"}",
  "headers": {
    "X-Content-Type-Options": "nosniff",
    "X-XSS-Protection": "1; mode=block",
    "Cache-Control": "no-cache, no-store, max-age=0, must-revalidate",
    "Pragma": "no-cache",
    "Expires": "0",
    "X-Frame-Options": "DENY",
    "Content-Type": "application/json",
    "Transfer-Encoding": "chunked",
    "Date": "Thu, 02 Oct 2025 12:22:11 GMT",
    "Connection": "close"
  }
}
-----------------------------

Reason: 🔥 Server error
--- Request ---
{
  "method": "POST",
  "url": "/error",
  "headers": {
    "Content-Type": "application/json"
  },
  "body": null,
  "parameters": []
}
--- Response ---
{
  "status": 500,
  "body": "{\"timestamp\":\"2025-10-02T12:22:12.831+0000\",\"status\":999,\"error\":\"None\",\"message\":\"No message available\"}",
  "headers": {
    "X-Content-Type-Options": "nosniff",
    "X-XSS-Protection": "1; mode=block",
    "Cache-Control": "no-cache, no-store, max-age=0, must-revalidate",
    "Pragma": "no-cache",
    "Expires": "0",
    "X-Frame-Options": "DENY",
    "Content-Type": "application/json",
    "Transfer-Encoding": "chunked",
    "Date": "Thu, 02 Oct 2025 12:22:12 GMT",
    "Connection": "close"
  }
}
-----------------------------

Reason: 🔥 Server error
--- Request ---
{
  "method": "HEAD",
  "url": "/error",
  "headers": {
    "Content-Type": "application/json"
  },
  "body": null,
  "parameters": []
}
--- Response ---
{
  "status": 500,
  "body": "",
  "headers": {
    "X-Content-Type-Options": "nosniff",
    "X-XSS-Protection": "1; mode=block",
    "Cache-Control": "no-cache, no-store, max-age=0, must-revalidate",
    "Pragma": "no-cache",
    "Expires": "0",
    "X-Frame-Options": "DENY",
    "Content-Type": "application/json",
    "Transfer-Encoding": "chunked",
    "Date": "Thu, 02 Oct 2025 12:22:14 GMT",
    "Connection": "close"
  }
}
-----------------------------

Reason: 🔥 Server error
--- Request ---
{
  "method": "GET",
  "url": "/error",
  "headers": {
    "Content-Type": "application/json"
  },
  "body": null,
  "parameters": []
}
--- Response ---
{
  "status": 500,
  "body": "{\"timestamp\":\"2025-10-02T12:22:16.472+0000\",\"status\":999,\"error\":\"None\",\"message\":\"No message available\"}",
  "headers": {
    "X-Content-Type-Options": "nosniff",
    "X-XSS-Protection": "1; mode=block",
    "Cache-Control": "no-cache, no-store, max-age=0, must-revalidate",
    "Pragma": "no-cache",
    "Expires": "0",
    "X-Frame-Options": "DENY",
    "Content-Type": "application/json",
    "Transfer-Encoding": "chunked",
    "Date": "Thu, 02 Oct 2025 12:22:15 GMT",
    "Connection": "close"
  }
}
-----------------------------

Reason: 🔥 Server error
--- Request ---
{
  "method": "HEAD",
  "url": "/error",
  "headers": {
    "Content-Type": "application/json"
  },
  "body": null,
  "parameters": []
}
--- Response ---
{
  "status": 500,
  "body": "",
  "headers": {
    "X-Content-Type-Options": "nosniff",
    "X-XSS-Protection": "1; mode=block",
    "Cache-Control": "no-cache, no-store, max-age=0, must-revalidate",
    "Pragma": "no-cache",
    "Expires": "0",
    "X-Frame-Options": "DENY",
    "Content-Type": "application/json",
    "Transfer-Encoding": "chunked",
    "Date": "Thu, 02 Oct 2025 12:22:19 GMT",
    "Connection": "close"
  }
}
-----------------------------

Reason: 🔥 Server error
--- Request ---
{
  "method": "GET",
  "url": "/error",
  "headers": {
    "Content-Type": "application/json"
  },
  "body": null,
  "parameters": []
}
--- Response ---
{
  "status": 500,
  "body": "{\"timestamp\":\"2025-10-02T12:22:20.599+0000\",\"status\":999,\"error\":\"None\",\"message\":\"No message available\"}",
  "headers": {
    "X-Content-Type-Options": "nosniff",
    "X-XSS-Protection": "1; mode=block",
    "Cache-Control": "no-cache, no-store, max-age=0, must-revalidate",
    "Pragma": "no-cache",
    "Expires": "0",
    "X-Frame-Options": "DENY",
    "Content-Type": "application/json",
    "Transfer-Encoding": "chunked",
    "Date": "Thu, 02 Oct 2025 12:22:20 GMT",
    "Connection": "close"
  }
}
-----------------------------

Reason: 🔥 Server error
--- Request ---
{
  "method": "HEAD",
  "url": "/error",
  "headers": {
    "Content-Type": "application/json"
  },
  "body": null,
  "parameters": []
}
--- Response ---
{
  "status": 500,
  "body": "",
  "headers": {
    "X-Content-Type-Options": "nosniff",
    "X-XSS-Protection": "1; mode=block",
    "Cache-Control": "no-cache, no-store, max-age=0, must-revalidate",
    "Pragma": "no-cache",
    "Expires": "0",
    "X-Frame-Options": "DENY",
    "Content-Type": "application/json",
    "Transfer-Encoding": "chunked",
    "Date": "Thu, 02 Oct 2025 12:22:20 GMT",
    "Connection": "close"
  }
}
-----------------------------

Reason: 🔥 Server error
--- Request ---
{
  "method": "GET",
  "url": "/error",
  "headers": {
    "Content-Type": "application/json"
  },
  "body": null,
  "parameters": []
}
--- Response ---
{
  "status": 500,
  "body": "{\"timestamp\":\"2025-10-02T12:22:22.179+0000\",\"status\":999,\"error\":\"None\",\"message\":\"No message available\"}",
  "headers": {
    "X-Content-Type-Options": "nosniff",
    "X-XSS-Protection": "1; mode=block",
    "Cache-Control": "no-cache, no-store, max-age=0, must-revalidate",
    "Pragma": "no-cache",
    "Expires": "0",
    "X-Frame-Options": "DENY",
    "Content-Type": "application/json",
    "Transfer-Encoding": "chunked",
    "Date": "Thu, 02 Oct 2025 12:22:21 GMT",
    "Connection": "close"
  }
}
-----------------------------

Reason: 🔥 Server error
--- Request ---
{
  "method": "HEAD",
  "url": "/error",
  "headers": {
    "Content-Type": "application/json"
  },
  "body": null,
  "parameters": []
}
--- Response ---
{
  "status": 500,
  "body": "",
  "headers": {
    "X-Content-Type-Options": "nosniff",
    "X-XSS-Protection": "1; mode=block",
    "Cache-Control": "no-cache, no-store, max-age=0, must-revalidate",
    "Pragma": "no-cache",
    "Expires": "0",
    "X-Frame-Options": "DENY",
    "Content-Type": "application/json",
    "Transfer-Encoding": "chunked",
    "Date": "Thu, 02 Oct 2025 12:22:22 GMT",
    "Connection": "close"
  }
}
-----------------------------

Reason: 🔥 Server error
--- Request ---
{
  "method": "PUT",
  "url": "/error",
  "headers": {
    "Content-Type": "application/json"
  },
  "body": null,
  "parameters": []
}
--- Response ---
{
  "status": 500,
  "body": "{\"timestamp\":\"2025-10-02T12:22:23.507+0000\",\"status\":999,\"error\":\"None\",\"message\":\"No message available\"}",
  "headers": {
    "X-Content-Type-Options": "nosniff",
    "X-XSS-Protection": "1; mode=block",
    "Cache-Control": "no-cache, no-store, max-age=0, must-revalidate",
    "Pragma": "no-cache",
    "Expires": "0",
    "X-Frame-Options": "DENY",
    "Content-Type": "application/json",
    "Transfer-Encoding": "chunked",
    "Date": "Thu, 02 Oct 2025 12:22:22 GMT",
    "Connection": "close"
  }
}
-----------------------------

Reason: 🔥 Server error
--- Request ---
{
  "method": "POST",
  "url": "/error",
  "headers": {
    "Content-Type": "application/json"
  },
  "body": null,
  "parameters": []
}
--- Response ---
{
  "status": 500,
  "body": "{\"timestamp\":\"2025-10-02T12:22:28.071+0000\",\"status\":999,\"error\":\"None\",\"message\":\"No message available\"}",
  "headers": {
    "X-Content-Type-Options": "nosniff",
    "X-XSS-Protection": "1; mode=block",
    "Cache-Control": "no-cache, no-store, max-age=0, must-revalidate",
    "Pragma": "no-cache",
    "Expires": "0",
    "X-Frame-Options": "DENY",
    "Content-Type": "application/json",
    "Transfer-Encoding": "chunked",
    "Date": "Thu, 02 Oct 2025 12:22:27 GMT",
    "Connection": "close"
  }
}
-----------------------------

Reason: 🔥 Server error
--- Request ---
{
  "method": "HEAD",
  "url": "/error",
  "headers": {
    "Content-Type": "application/json"
  },
  "body": null,
  "parameters": []
}
--- Response ---
{
  "status": 500,
  "body": "",
  "headers": {
    "X-Content-Type-Options": "nosniff",
    "X-XSS-Protection": "1; mode=block",
    "Cache-Control": "no-cache, no-store, max-age=0, must-revalidate",
    "Pragma": "no-cache",
    "Expires": "0",
    "X-Frame-Options": "DENY",
    "Content-Type": "application/json",
    "Transfer-Encoding": "chunked",
    "Date": "Thu, 02 Oct 2025 12:22:32 GMT",
    "Connection": "close"
  }
}
-----------------------------

Reason: 🔥 Server error
--- Request ---
{
  "method": "HEAD",
  "url": "/error",
  "headers": {
    "Content-Type": "application/json"
  },
  "body": null,
  "parameters": []
}
--- Response ---
{
  "status": 500,
  "body": "",
  "headers": {
    "X-Content-Type-Options": "nosniff",
    "X-XSS-Protection": "1; mode=block",
    "Cache-Control": "no-cache, no-store, max-age=0, must-revalidate",
    "Pragma": "no-cache",
    "Expires": "0",
    "X-Frame-Options": "DENY",
    "Content-Type": "application/json",
    "Transfer-Encoding": "chunked",
    "Date": "Thu, 02 Oct 2025 12:22:33 GMT",
    "Connection": "close"
  }
}
-----------------------------

Reason: 🔥 Server error
--- Request ---
{
  "method": "POST",
  "url": "/error",
  "headers": {
    "Content-Type": "application/json"
  },
  "body": null,
  "parameters": []
}
--- Response ---
{
  "status": 500,
  "body": "{\"timestamp\":\"2025-10-02T12:22:34.904+0000\",\"status\":999,\"error\":\"None\",\"message\":\"No message available\"}",
  "headers": {
    "X-Content-Type-Options": "nosniff",
    "X-XSS-Protection": "1; mode=block",
    "Cache-Control": "no-cache, no-store, max-age=0, must-revalidate",
    "Pragma": "no-cache",
    "Expires": "0",
    "X-Frame-Options": "DENY",
    "Content-Type": "application/json",
    "Transfer-Encoding": "chunked",
    "Date": "Thu, 02 Oct 2025 12:22:33 GMT",
    "Connection": "close"
  }
}
-----------------------------

Reason: 🔥 Server error
--- Request ---
{
  "method": "PUT",
  "url": "/error",
  "headers": {
    "Content-Type": "application/json"
  },
  "body": null,
  "parameters": []
}
--- Response ---
{
  "status": 500,
  "body": "{\"timestamp\":\"2025-10-02T12:22:35.360+0000\",\"status\":999,\"error\":\"None\",\"message\":\"No message available\"}",
  "headers": {
    "X-Content-Type-Options": "nosniff",
    "X-XSS-Protection": "1; mode=block",
    "Cache-Control": "no-cache, no-store, max-age=0, must-revalidate",
    "Pragma": "no-cache",
    "Expires": "0",
    "X-Frame-Options": "DENY",
    "Content-Type": "application/json",
    "Transfer-Encoding": "chunked",
    "Date": "Thu, 02 Oct 2025 12:22:35 GMT",
    "Connection": "close"
  }
}
-----------------------------

Reason: 🔥 Server error
--- Request ---
{
  "method": "POST",
  "url": "/error",
  "headers": {
    "Content-Type": "application/json"
  },
  "body": null,
  "parameters": []
}
--- Response ---
{
  "status": 500,
  "body": "{\"timestamp\":\"2025-10-02T12:22:39.210+0000\",\"status\":999,\"error\":\"None\",\"message\":\"No message available\"}",
  "headers": {
    "X-Content-Type-Options": "nosniff",
    "X-XSS-Protection": "1; mode=block",
    "Cache-Control": "no-cache, no-store, max-age=0, must-revalidate",
    "Pragma": "no-cache",
    "Expires": "0",
    "X-Frame-Options": "DENY",
    "Content-Type": "application/json",
    "Transfer-Encoding": "chunked",
    "Date": "Thu, 02 Oct 2025 12:22:38 GMT",
    "Connection": "close"
  }
}
-----------------------------

Reason: 🔥 Server error
--- Request ---
{
  "method": "GET",
  "url": "/error",
  "headers": {
    "Content-Type": "application/json"
  },
  "body": null,
  "parameters": []
}
--- Response ---
{
  "status": 500,
  "body": "{\"timestamp\":\"2025-10-02T12:22:39.884+0000\",\"status\":999,\"error\":\"None\",\"message\":\"No message available\"}",
  "headers": {
    "X-Content-Type-Options": "nosniff",
    "X-XSS-Protection": "1; mode=block",
    "Cache-Control": "no-cache, no-store, max-age=0, must-revalidate",
    "Pragma": "no-cache",
    "Expires": "0",
    "X-Frame-Options": "DENY",
    "Content-Type": "application/json",
    "Transfer-Encoding": "chunked",
    "Date": "Thu, 02 Oct 2025 12:22:39 GMT",
    "Connection": "close"
  }
}
-----------------------------

Reason: 🔥 Server error
--- Request ---
{
  "method": "HEAD",
  "url": "/error",
  "headers": {
    "Content-Type": "application/json"
  },
  "body": null,
  "parameters": []
}
--- Response ---
{
  "status": 500,
  "body": "",
  "headers": {
    "X-Content-Type-Options": "nosniff",
    "X-XSS-Protection": "1; mode=block",
    "Cache-Control": "no-cache, no-store, max-age=0, must-revalidate",
    "Pragma": "no-cache",
    "Expires": "0",
    "X-Frame-Options": "DENY",
    "Content-Type": "application/json",
    "Transfer-Encoding": "chunked",
    "Date": "Thu, 02 Oct 2025 12:22:40 GMT",
    "Connection": "close"
  }
}
-----------------------------

Reason: 🔥 Server error
--- Request ---
{
  "method": "HEAD",
  "url": "/error",
  "headers": {
    "Content-Type": "application/json"
  },
  "body": null,
  "parameters": []
}
--- Response ---
{
  "status": 500,
  "body": "",
  "headers": {
    "X-Content-Type-Options": "nosniff",
    "X-XSS-Protection": "1; mode=block",
    "Cache-Control": "no-cache, no-store, max-age=0, must-revalidate",
    "Pragma": "no-cache",
    "Expires": "0",
    "X-Frame-Options": "DENY",
    "Content-Type": "application/json",
    "Transfer-Encoding": "chunked",
    "Date": "Thu, 02 Oct 2025 12:22:40 GMT",
    "Connection": "close"
  }
}
-----------------------------

Reason: 🔥 Server error
--- Request ---
{
  "method": "PATCH",
  "url": "/error",
  "headers": {
    "Content-Type": "application/json"
  },
  "body": null,
  "parameters": []
}
--- Response ---
{
  "status": 500,
  "body": "{\"timestamp\":\"2025-10-02T12:22:45.583+0000\",\"status\":999,\"error\":\"None\",\"message\":\"No message available\"}",
  "headers": {
    "X-Content-Type-Options": "nosniff",
    "X-XSS-Protection": "1; mode=block",
    "Cache-Control": "no-cache, no-store, max-age=0, must-revalidate",
    "Pragma": "no-cache",
    "Expires": "0",
    "X-Frame-Options": "DENY",
    "Content-Type": "application/json",
    "Transfer-Encoding": "chunked",
    "Date": "Thu, 02 Oct 2025 12:22:45 GMT",
    "Connection": "close"
  }
}
-----------------------------

Reason: 🔥 Server error
--- Request ---
{
  "method": "HEAD",
  "url": "/error",
  "headers": {
    "Content-Type": "application/json"
  },
  "body": null,
  "parameters": []
}
--- Response ---
{
  "status": 500,
  "body": "",
  "headers": {
    "X-Content-Type-Options": "nosniff",
    "X-XSS-Protection": "1; mode=block",
    "Cache-Control": "no-cache, no-store, max-age=0, must-revalidate",
    "Pragma": "no-cache",
    "Expires": "0",
    "X-Frame-Options": "DENY",
    "Content-Type": "application/json",
    "Transfer-Encoding": "chunked",
    "Date": "Thu, 02 Oct 2025 12:22:46 GMT",
    "Connection": "close"
  }
}
-----------------------------

Reason: 🔥 Server error
--- Request ---
{
  "method": "GET",
  "url": "/error",
  "headers": {
    "Content-Type": "application/json"
  },
  "body": null,
  "parameters": []
}
--- Response ---
{
  "status": 500,
  "body": "{\"timestamp\":\"2025-10-02T12:22:48.056+0000\",\"status\":999,\"error\":\"None\",\"message\":\"No message available\"}",
  "headers": {
    "X-Content-Type-Options": "nosniff",
    "X-XSS-Protection": "1; mode=block",
    "Cache-Control": "no-cache, no-store, max-age=0, must-revalidate",
    "Pragma": "no-cache",
    "Expires": "0",
    "X-Frame-Options": "DENY",
    "Content-Type": "application/json",
    "Transfer-Encoding": "chunked",
    "Date": "Thu, 02 Oct 2025 12:22:47 GMT",
    "Connection": "close"
  }
}
-----------------------------

Reason: 🔥 Server error
--- Request ---
{
  "method": "DELETE",
  "url": "/error",
  "headers": {
    "Content-Type": "application/json"
  },
  "body": null,
  "parameters": []
}
--- Response ---
{
  "status": 500,
  "body": "{\"timestamp\":\"2025-10-02T12:22:48.753+0000\",\"status\":999,\"error\":\"None\",\"message\":\"No message available\"}",
  "headers": {
    "X-Content-Type-Options": "nosniff",
    "X-XSS-Protection": "1; mode=block",
    "Cache-Control": "no-cache, no-store, max-age=0, must-revalidate",
    "Pragma": "no-cache",
    "Expires": "0",
    "X-Frame-Options": "DENY",
    "Content-Type": "application/json",
    "Transfer-Encoding": "chunked",
    "Date": "Thu, 02 Oct 2025 12:22:48 GMT",
    "Connection": "close"
  }
}
-----------------------------

Reason: 🔥 Server error
--- Request ---
{
  "method": "HEAD",
  "url": "/error",
  "headers": {
    "Content-Type": "application/json"
  },
  "body": null,
  "parameters": []
}
--- Response ---
{
  "status": 500,
  "body": "",
  "headers": {
    "X-Content-Type-Options": "nosniff",
    "X-XSS-Protection": "1; mode=block",
    "Cache-Control": "no-cache, no-store, max-age=0, must-revalidate",
    "Pragma": "no-cache",
    "Expires": "0",
    "X-Frame-Options": "DENY",
    "Content-Type": "application/json",
    "Transfer-Encoding": "chunked",
    "Date": "Thu, 02 Oct 2025 12:22:49 GMT",
    "Connection": "close"
  }
}
-----------------------------

Reason: 🔥 Server error
--- Request ---
{
  "method": "HEAD",
  "url": "/error",
  "headers": {
    "Content-Type": "application/json"
  },
  "body": null,
  "parameters": []
}
--- Response ---
{
  "status": 500,
  "body": "",
  "headers": {
    "X-Content-Type-Options": "nosniff",
    "X-XSS-Protection": "1; mode=block",
    "Cache-Control": "no-cache, no-store, max-age=0, must-revalidate",
    "Pragma": "no-cache",
    "Expires": "0",
    "X-Frame-Options": "DENY",
    "Content-Type": "application/json",
    "Transfer-Encoding": "chunked",
    "Date": "Thu, 02 Oct 2025 12:22:51 GMT",
    "Connection": "close"
  }
}
-----------------------------

Reason: 🔥 Server error
--- Request ---
{
  "method": "HEAD",
  "url": "/error",
  "headers": {
    "Content-Type": "application/json"
  },
  "body": null,
  "parameters": []
}
--- Response ---
{
  "status": 500,
  "body": "",
  "headers": {
    "X-Content-Type-Options": "nosniff",
    "X-XSS-Protection": "1; mode=block",
    "Cache-Control": "no-cache, no-store, max-age=0, must-revalidate",
    "Pragma": "no-cache",
    "Expires": "0",
    "X-Frame-Options": "DENY",
    "Content-Type": "application/json",
    "Transfer-Encoding": "chunked",
    "Date": "Thu, 02 Oct 2025 12:22:51 GMT",
    "Connection": "close"
  }
}
-----------------------------

Reason: 🔥 Server error
--- Request ---
{
  "method": "HEAD",
  "url": "/error",
  "headers": {
    "Content-Type": "application/json"
  },
  "body": null,
  "parameters": []
}
--- Response ---
{
  "status": 500,
  "body": "",
  "headers": {
    "X-Content-Type-Options": "nosniff",
    "X-XSS-Protection": "1; mode=block",
    "Cache-Control": "no-cache, no-store, max-age=0, must-revalidate",
    "Pragma": "no-cache",
    "Expires": "0",
    "X-Frame-Options": "DENY",
    "Content-Type": "application/json",
    "Transfer-Encoding": "chunked",
    "Date": "Thu, 02 Oct 2025 12:22:51 GMT",
    "Connection": "close"
  }
}
-----------------------------

Reason: 🔥 Server error
--- Request ---
{
  "method": "HEAD",
  "url": "/error",
  "headers": {
    "Content-Type": "application/json"
  },
  "body": null,
  "parameters": []
}
--- Response ---
{
  "status": 500,
  "body": "",
  "headers": {
    "X-Content-Type-Options": "nosniff",
    "X-XSS-Protection": "1; mode=block",
    "Cache-Control": "no-cache, no-store, max-age=0, must-revalidate",
    "Pragma": "no-cache",
    "Expires": "0",
    "X-Frame-Options": "DENY",
    "Content-Type": "application/json",
    "Transfer-Encoding": "chunked",
    "Date": "Thu, 02 Oct 2025 12:22:52 GMT",
    "Connection": "close"
  }
}
-----------------------------

Reason: 🔥 Server error
--- Request ---
{
  "method": "HEAD",
  "url": "/error",
  "headers": {
    "Content-Type": "application/json"
  },
  "body": null,
  "parameters": []
}
--- Response ---
{
  "status": 500,
  "body": "",
  "headers": {
    "X-Content-Type-Options": "nosniff",
    "X-XSS-Protection": "1; mode=block",
    "Cache-Control": "no-cache, no-store, max-age=0, must-revalidate",
    "Pragma": "no-cache",
    "Expires": "0",
    "X-Frame-Options": "DENY",
    "Content-Type": "application/json",
    "Transfer-Encoding": "chunked",
    "Date": "Thu, 02 Oct 2025 12:22:58 GMT",
    "Connection": "close"
  }
}
-----------------------------

Reason: 🔥 Server error
--- Request ---
{
  "method": "HEAD",
  "url": "/error",
  "headers": {
    "Content-Type": "application/json"
  },
  "body": null,
  "parameters": []
}
--- Response ---
{
  "status": 500,
  "body": "",
  "headers": {
    "X-Content-Type-Options": "nosniff",
    "X-XSS-Protection": "1; mode=block",
    "Cache-Control": "no-cache, no-store, max-age=0, must-revalidate",
    "Pragma": "no-cache",
    "Expires": "0",
    "X-Frame-Options": "DENY",
    "Content-Type": "application/json",
    "Transfer-Encoding": "chunked",
    "Date": "Thu, 02 Oct 2025 12:23:00 GMT",
    "Connection": "close"
  }
}
-----------------------------

Reason: 🔥 Server error
--- Request ---
{
  "method": "POST",
  "url": "/error",
  "headers": {
    "Content-Type": "application/json"
  },
  "body": null,
  "parameters": []
}
--- Response ---
{
  "status": 500,
  "body": "{\"timestamp\":\"2025-10-02T12:23:02.126+0000\",\"status\":999,\"error\":\"None\",\"message\":\"No message available\"}",
  "headers": {
    "X-Content-Type-Options": "nosniff",
    "X-XSS-Protection": "1; mode=block",
    "Cache-Control": "no-cache, no-store, max-age=0, must-revalidate",
    "Pragma": "no-cache",
    "Expires": "0",
    "X-Frame-Options": "DENY",
    "Content-Type": "application/json",
    "Transfer-Encoding": "chunked",
    "Date": "Thu, 02 Oct 2025 12:23:01 GMT",
    "Connection": "close"
  }
}
-----------------------------

Reason: 🔥 Server error
--- Request ---
{
  "method": "HEAD",
  "url": "/error",
  "headers": {
    "Content-Type": "application/json"
  },
  "body": null,
  "parameters": []
}
--- Response ---
{
  "status": 500,
  "body": "",
  "headers": {
    "X-Content-Type-Options": "nosniff",
    "X-XSS-Protection": "1; mode=block",
    "Cache-Control": "no-cache, no-store, max-age=0, must-revalidate",
    "Pragma": "no-cache",
    "Expires": "0",
    "X-Frame-Options": "DENY",
    "Content-Type": "application/json",
    "Transfer-Encoding": "chunked",
    "Date": "Thu, 02 Oct 2025 12:23:02 GMT",
    "Connection": "close"
  }
}
-----------------------------

Reason: 🔥 Server error
--- Request ---
{
  "method": "GET",
  "url": "/error",
  "headers": {
    "Content-Type": "application/json"
  },
  "body": null,
  "parameters": []
}
--- Response ---
{
  "status": 500,
  "body": "{\"timestamp\":\"2025-10-02T12:23:05.219+0000\",\"status\":999,\"error\":\"None\",\"message\":\"No message available\"}",
  "headers": {
    "X-Content-Type-Options": "nosniff",
    "X-XSS-Protection": "1; mode=block",
    "Cache-Control": "no-cache, no-store, max-age=0, must-revalidate",
    "Pragma": "no-cache",
    "Expires": "0",
    "X-Frame-Options": "DENY",
    "Content-Type": "application/json",
    "Transfer-Encoding": "chunked",
    "Date": "Thu, 02 Oct 2025 12:23:04 GMT",
    "Connection": "close"
  }
}
-----------------------------

Reason: 🔥 Server error
--- Request ---
{
  "method": "GET",
  "url": "/error",
  "headers": {
    "Content-Type": "application/json"
  },
  "body": null,
  "parameters": []
}
--- Response ---
{
  "status": 500,
  "body": "{\"timestamp\":\"2025-10-02T12:23:06.545+0000\",\"status\":999,\"error\":\"None\",\"message\":\"No message available\"}",
  "headers": {
    "X-Content-Type-Options": "nosniff",
    "X-XSS-Protection": "1; mode=block",
    "Cache-Control": "no-cache, no-store, max-age=0, must-revalidate",
    "Pragma": "no-cache",
    "Expires": "0",
    "X-Frame-Options": "DENY",
    "Content-Type": "application/json",
    "Transfer-Encoding": "chunked",
    "Date": "Thu, 02 Oct 2025 12:23:05 GMT",
    "Connection": "close"
  }
}
-----------------------------

Reason: 🔥 Server error
--- Request ---
{
  "method": "PUT",
  "url": "/error",
  "headers": {
    "Content-Type": "application/json"
  },
  "body": null,
  "parameters": []
}
--- Response ---
{
  "status": 500,
  "body": "{\"timestamp\":\"2025-10-02T12:23:08.555+0000\",\"status\":999,\"error\":\"None\",\"message\":\"No message available\"}",
  "headers": {
    "X-Content-Type-Options": "nosniff",
    "X-XSS-Protection": "1; mode=block",
    "Cache-Control": "no-cache, no-store, max-age=0, must-revalidate",
    "Pragma": "no-cache",
    "Expires": "0",
    "X-Frame-Options": "DENY",
    "Content-Type": "application/json",
    "Transfer-Encoding": "chunked",
    "Date": "Thu, 02 Oct 2025 12:23:07 GMT",
    "Connection": "close"
  }
}
-----------------------------

Reason: 🔥 Server error
--- Request ---
{
  "method": "HEAD",
  "url": "/error",
  "headers": {
    "Content-Type": "application/json"
  },
  "body": null,
  "parameters": []
}
--- Response ---
{
  "status": 500,
  "body": "",
  "headers": {
    "X-Content-Type-Options": "nosniff",
    "X-XSS-Protection": "1; mode=block",
    "Cache-Control": "no-cache, no-store, max-age=0, must-revalidate",
    "Pragma": "no-cache",
    "Expires": "0",
    "X-Frame-Options": "DENY",
    "Content-Type": "application/json",
    "Transfer-Encoding": "chunked",
    "Date": "Thu, 02 Oct 2025 12:23:09 GMT",
    "Connection": "close"
  }
}
-----------------------------

Reason: 🔥 Server error
--- Request ---
{
  "method": "HEAD",
  "url": "/error",
  "headers": {
    "Content-Type": "application/json"
  },
  "body": null,
  "parameters": []
}
--- Response ---
{
  "status": 500,
  "body": "",
  "headers": {
    "X-Content-Type-Options": "nosniff",
    "X-XSS-Protection": "1; mode=block",
    "Cache-Control": "no-cache, no-store, max-age=0, must-revalidate",
    "Pragma": "no-cache",
    "Expires": "0",
    "X-Frame-Options": "DENY",
    "Content-Type": "application/json",
    "Transfer-Encoding": "chunked",
    "Date": "Thu, 02 Oct 2025 12:23:12 GMT",
    "Connection": "close"
  }
}
-----------------------------

Reason: 🔥 Server error
--- Request ---
{
  "method": "HEAD",
  "url": "/error",
  "headers": {
    "Content-Type": "application/json"
  },
  "body": null,
  "parameters": []
}
--- Response ---
{
  "status": 500,
  "body": "",
  "headers": {
    "X-Content-Type-Options": "nosniff",
    "X-XSS-Protection": "1; mode=block",
    "Cache-Control": "no-cache, no-store, max-age=0, must-revalidate",
    "Pragma": "no-cache",
    "Expires": "0",
    "X-Frame-Options": "DENY",
    "Content-Type": "application/json",
    "Transfer-Encoding": "chunked",
    "Date": "Thu, 02 Oct 2025 12:23:14 GMT",
    "Connection": "close"
  }
}
-----------------------------

Reason: 🔥 Server error
--- Request ---
{
  "method": "HEAD",
  "url": "/error",
  "headers": {
    "Content-Type": "application/json"
  },
  "body": null,
  "parameters": []
}
--- Response ---
{
  "status": 500,
  "body": "",
  "headers": {
    "X-Content-Type-Options": "nosniff",
    "X-XSS-Protection": "1; mode=block",
    "Cache-Control": "no-cache, no-store, max-age=0, must-revalidate",
    "Pragma": "no-cache",
    "Expires": "0",
    "X-Frame-Options": "DENY",
    "Content-Type": "application/json",
    "Transfer-Encoding": "chunked",
    "Date": "Thu, 02 Oct 2025 12:23:24 GMT",
    "Connection": "close"
  }
}
-----------------------------

Reason: 🔥 Server error
--- Request ---
{
  "method": "HEAD",
  "url": "/error",
  "headers": {
    "Content-Type": "application/json"
  },
  "body": null,
  "parameters": []
}
--- Response ---
{
  "status": 500,
  "body": "",
  "headers": {
    "X-Content-Type-Options": "nosniff",
    "X-XSS-Protection": "1; mode=block",
    "Cache-Control": "no-cache, no-store, max-age=0, must-revalidate",
    "Pragma": "no-cache",
    "Expires": "0",
    "X-Frame-Options": "DENY",
    "Content-Type": "application/json",
    "Transfer-Encoding": "chunked",
    "Date": "Thu, 02 Oct 2025 12:23:30 GMT",
    "Connection": "close"
  }
}
-----------------------------

Reason: 🔥 Server error
--- Request ---
{
  "method": "HEAD",
  "url": "/error",
  "headers": {
    "Content-Type": "application/json"
  },
  "body": null,
  "parameters": []
}
--- Response ---
{
  "status": 500,
  "body": "",
  "headers": {
    "X-Content-Type-Options": "nosniff",
    "X-XSS-Protection": "1; mode=block",
    "Cache-Control": "no-cache, no-store, max-age=0, must-revalidate",
    "Pragma": "no-cache",
    "Expires": "0",
    "X-Frame-Options": "DENY",
    "Content-Type": "application/json",
    "Transfer-Encoding": "chunked",
    "Date": "Thu, 02 Oct 2025 12:23:30 GMT",
    "Connection": "close"
  }
}
-----------------------------

Reason: 🔥 Server error
--- Request ---
{
  "method": "GET",
  "url": "/error",
  "headers": {
    "Content-Type": "application/json"
  },
  "body": null,
  "parameters": []
}
--- Response ---
{
  "status": 500,
  "body": "{\"timestamp\":\"2025-10-02T12:23:34.380+0000\",\"status\":999,\"error\":\"None\",\"message\":\"No message available\"}",
  "headers": {
    "X-Content-Type-Options": "nosniff",
    "X-XSS-Protection": "1; mode=block",
    "Cache-Control": "no-cache, no-store, max-age=0, must-revalidate",
    "Pragma": "no-cache",
    "Expires": "0",
    "X-Frame-Options": "DENY",
    "Content-Type": "application/json",
    "Transfer-Encoding": "chunked",
    "Date": "Thu, 02 Oct 2025 12:23:33 GMT",
    "Connection": "close"
  }
}
-----------------------------

Reason: 🔥 Server error
--- Request ---
{
  "method": "GET",
  "url": "/error",
  "headers": {
    "Content-Type": "application/json"
  },
  "body": null,
  "parameters": []
}
--- Response ---
{
  "status": 500,
  "body": "{\"timestamp\":\"2025-10-02T12:23:39.309+0000\",\"status\":999,\"error\":\"None\",\"message\":\"No message available\"}",
  "headers": {
    "X-Content-Type-Options": "nosniff",
    "X-XSS-Protection": "1; mode=block",
    "Cache-Control": "no-cache, no-store, max-age=0, must-revalidate",
    "Pragma": "no-cache",
    "Expires": "0",
    "X-Frame-Options": "DENY",
    "Content-Type": "application/json",
    "Transfer-Encoding": "chunked",
    "Date": "Thu, 02 Oct 2025 12:23:39 GMT",
    "Connection": "close"
  }
}
-----------------------------

Reason: 🔥 Server error
--- Request ---
{
  "method": "HEAD",
  "url": "/error",
  "headers": {
    "Content-Type": "application/json"
  },
  "body": null,
  "parameters": []
}
--- Response ---
{
  "status": 500,
  "body": "",
  "headers": {
    "X-Content-Type-Options": "nosniff",
    "X-XSS-Protection": "1; mode=block",
    "Cache-Control": "no-cache, no-store, max-age=0, must-revalidate",
    "Pragma": "no-cache",
    "Expires": "0",
    "X-Frame-Options": "DENY",
    "Content-Type": "application/json",
    "Transfer-Encoding": "chunked",
    "Date": "Thu, 02 Oct 2025 12:23:46 GMT",
    "Connection": "close"
  }
}
-----------------------------

Reason: 🔥 Server error
--- Request ---
{
  "method": "HEAD",
  "url": "/error",
  "headers": {
    "Content-Type": "application/json"
  },
  "body": null,
  "parameters": []
}
--- Response ---
{
  "status": 500,
  "body": "",
  "headers": {
    "X-Content-Type-Options": "nosniff",
    "X-XSS-Protection": "1; mode=block",
    "Cache-Control": "no-cache, no-store, max-age=0, must-revalidate",
    "Pragma": "no-cache",
    "Expires": "0",
    "X-Frame-Options": "DENY",
    "Content-Type": "application/json",
    "Transfer-Encoding": "chunked",
    "Date": "Thu, 02 Oct 2025 12:23:47 GMT",
    "Connection": "close"
  }
}
-----------------------------

Reason: 🔥 Server error
--- Request ---
{
  "method": "GET",
  "url": "/error",
  "headers": {
    "Content-Type": "application/json"
  },
  "body": null,
  "parameters": []
}
--- Response ---
{
  "status": 500,
  "body": "{\"timestamp\":\"2025-10-02T12:23:50.991+0000\",\"status\":999,\"error\":\"None\",\"message\":\"No message available\"}",
  "headers": {
    "X-Content-Type-Options": "nosniff",
    "X-XSS-Protection": "1; mode=block",
    "Cache-Control": "no-cache, no-store, max-age=0, must-revalidate",
    "Pragma": "no-cache",
    "Expires": "0",
    "X-Frame-Options": "DENY",
    "Content-Type": "application/json",
    "Transfer-Encoding": "chunked",
    "Date": "Thu, 02 Oct 2025 12:23:50 GMT",
    "Connection": "close"
  }
}
-----------------------------

Reason: 🔥 Server error
--- Request ---
{
  "method": "POST",
  "url": "/error",
  "headers": {
    "Content-Type": "application/json"
  },
  "body": null,
  "parameters": []
}
--- Response ---
{
  "status": 500,
  "body": "{\"timestamp\":\"2025-10-02T12:23:54.799+0000\",\"status\":999,\"error\":\"None\",\"message\":\"No message available\"}",
  "headers": {
    "X-Content-Type-Options": "nosniff",
    "X-XSS-Protection": "1; mode=block",
    "Cache-Control": "no-cache, no-store, max-age=0, must-revalidate",
    "Pragma": "no-cache",
    "Expires": "0",
    "X-Frame-Options": "DENY",
    "Content-Type": "application/json",
    "Transfer-Encoding": "chunked",
    "Date": "Thu, 02 Oct 2025 12:23:53 GMT",
    "Connection": "close"
  }
}
-----------------------------

Reason: 🔥 Server error
--- Request ---
{
  "method": "GET",
  "url": "/error",
  "headers": {
    "Content-Type": "application/json"
  },
  "body": null,
  "parameters": []
}
--- Response ---
{
  "status": 500,
  "body": "{\"timestamp\":\"2025-10-02T12:23:57.956+0000\",\"status\":999,\"error\":\"None\",\"message\":\"No message available\"}",
  "headers": {
    "X-Content-Type-Options": "nosniff",
    "X-XSS-Protection": "1; mode=block",
    "Cache-Control": "no-cache, no-store, max-age=0, must-revalidate",
    "Pragma": "no-cache",
    "Expires": "0",
    "X-Frame-Options": "DENY",
    "Content-Type": "application/json",
    "Transfer-Encoding": "chunked",
    "Date": "Thu, 02 Oct 2025 12:23:57 GMT",
    "Connection": "close"
  }
}
-----------------------------

Reason: 🔥 Server error
--- Request ---
{
  "method": "HEAD",
  "url": "/error",
  "headers": {
    "Content-Type": "application/json"
  },
  "body": null,
  "parameters": []
}
--- Response ---
{
  "status": 500,
  "body": "",
  "headers": {
    "X-Content-Type-Options": "nosniff",
    "X-XSS-Protection": "1; mode=block",
    "Cache-Control": "no-cache, no-store, max-age=0, must-revalidate",
    "Pragma": "no-cache",
    "Expires": "0",
    "X-Frame-Options": "DENY",
    "Content-Type": "application/json",
    "Transfer-Encoding": "chunked",
    "Date": "Thu, 02 Oct 2025 12:24:02 GMT",
    "Connection": "close"
  }
}
-----------------------------

Reason: 🔥 Server error
--- Request ---
{
  "method": "GET",
  "url": "/error",
  "headers": {
    "Content-Type": "application/json"
  },
  "body": null,
  "parameters": []
}
--- Response ---
{
  "status": 500,
  "body": "{\"timestamp\":\"2025-10-02T12:24:08.308+0000\",\"status\":999,\"error\":\"None\",\"message\":\"No message available\"}",
  "headers": {
    "X-Content-Type-Options": "nosniff",
    "X-XSS-Protection": "1; mode=block",
    "Cache-Control": "no-cache, no-store, max-age=0, must-revalidate",
    "Pragma": "no-cache",
    "Expires": "0",
    "X-Frame-Options": "DENY",
    "Content-Type": "application/json",
    "Transfer-Encoding": "chunked",
    "Date": "Thu, 02 Oct 2025 12:24:07 GMT",
    "Connection": "close"
  }
}
-----------------------------

Reason: 🔥 Server error
--- Request ---
{
  "method": "GET",
  "url": "/error",
  "headers": {
    "Content-Type": "application/json"
  },
  "body": null,
  "parameters": []
}
--- Response ---
{
  "status": 500,
  "body": "{\"timestamp\":\"2025-10-02T12:24:08.523+0000\",\"status\":999,\"error\":\"None\",\"message\":\"No message available\"}",
  "headers": {
    "X-Content-Type-Options": "nosniff",
    "X-XSS-Protection": "1; mode=block",
    "Cache-Control": "no-cache, no-store, max-age=0, must-revalidate",
    "Pragma": "no-cache",
    "Expires": "0",
    "X-Frame-Options": "DENY",
    "Content-Type": "application/json",
    "Transfer-Encoding": "chunked",
    "Date": "Thu, 02 Oct 2025 12:24:08 GMT",
    "Connection": "close"
  }
}
-----------------------------

Reason: 🔥 Server error
--- Request ---
{
  "method": "PATCH",
  "url": "/error",
  "headers": {
    "Content-Type": "application/json"
  },
  "body": null,
  "parameters": []
}
--- Response ---
{
  "status": 500,
  "body": "{\"timestamp\":\"2025-10-02T12:24:10.317+0000\",\"status\":999,\"error\":\"None\",\"message\":\"No message available\"}",
  "headers": {
    "X-Content-Type-Options": "nosniff",
    "X-XSS-Protection": "1; mode=block",
    "Cache-Control": "no-cache, no-store, max-age=0, must-revalidate",
    "Pragma": "no-cache",
    "Expires": "0",
    "X-Frame-Options": "DENY",
    "Content-Type": "application/json",
    "Transfer-Encoding": "chunked",
    "Date": "Thu, 02 Oct 2025 12:24:09 GMT",
    "Connection": "close"
  }
}
-----------------------------

Reason: 🔥 Server error
--- Request ---
{
  "method": "HEAD",
  "url": "/error",
  "headers": {
    "Content-Type": "application/json"
  },
  "body": null,
  "parameters": []
}
--- Response ---
{
  "status": 500,
  "body": "",
  "headers": {
    "X-Content-Type-Options": "nosniff",
    "X-XSS-Protection": "1; mode=block",
    "Cache-Control": "no-cache, no-store, max-age=0, must-revalidate",
    "Pragma": "no-cache",
    "Expires": "0",
    "X-Frame-Options": "DENY",
    "Content-Type": "application/json",
    "Transfer-Encoding": "chunked",
    "Date": "Thu, 02 Oct 2025 12:24:24 GMT",
    "Connection": "close"
  }
}
-----------------------------

Reason: 🔥 Server error
--- Request ---
{
  "method": "GET",
  "url": "/error",
  "headers": {
    "Content-Type": "application/json"
  },
  "body": null,
  "parameters": []
}
--- Response ---
{
  "status": 500,
  "body": "{\"timestamp\":\"2025-10-02T12:24:32.188+0000\",\"status\":999,\"error\":\"None\",\"message\":\"No message available\"}",
  "headers": {
    "X-Content-Type-Options": "nosniff",
    "X-XSS-Protection": "1; mode=block",
    "Cache-Control": "no-cache, no-store, max-age=0, must-revalidate",
    "Pragma": "no-cache",
    "Expires": "0",
    "X-Frame-Options": "DENY",
    "Content-Type": "application/json",
    "Transfer-Encoding": "chunked",
    "Date": "Thu, 02 Oct 2025 12:24:32 GMT",
    "Connection": "close"
  }
}
-----------------------------

Reason: 🔥 Server error
--- Request ---
{
  "method": "HEAD",
  "url": "/error",
  "headers": {
    "Content-Type": "application/json"
  },
  "body": null,
  "parameters": []
}
--- Response ---
{
  "status": 500,
  "body": "",
  "headers": {
    "X-Content-Type-Options": "nosniff",
    "X-XSS-Protection": "1; mode=block",
    "Cache-Control": "no-cache, no-store, max-age=0, must-revalidate",
    "Pragma": "no-cache",
    "Expires": "0",
    "X-Frame-Options": "DENY",
    "Content-Type": "application/json",
    "Transfer-Encoding": "chunked",
    "Date": "Thu, 02 Oct 2025 12:24:36 GMT",
    "Connection": "close"
  }
}
-----------------------------

Reason: 🔥 Server error
--- Request ---
{
  "method": "GET",
  "url": "/error",
  "headers": {
    "Content-Type": "application/json"
  },
  "body": null,
  "parameters": []
}
--- Response ---
{
  "status": 500,
  "body": "{\"timestamp\":\"2025-10-02T12:24:41.361+0000\",\"status\":999,\"error\":\"None\",\"message\":\"No message available\"}",
  "headers": {
    "X-Content-Type-Options": "nosniff",
    "X-XSS-Protection": "1; mode=block",
    "Cache-Control": "no-cache, no-store, max-age=0, must-revalidate",
    "Pragma": "no-cache",
    "Expires": "0",
    "X-Frame-Options": "DENY",
    "Content-Type": "application/json",
    "Transfer-Encoding": "chunked",
    "Date": "Thu, 02 Oct 2025 12:24:41 GMT",
    "Connection": "close"
  }
}
-----------------------------

Reason: 🔥 Server error
--- Request ---
{
  "method": "HEAD",
  "url": "/error",
  "headers": {
    "Content-Type": "application/json"
  },
  "body": null,
  "parameters": []
}
--- Response ---
{
  "status": 500,
  "body": "",
  "headers": {
    "X-Content-Type-Options": "nosniff",
    "X-XSS-Protection": "1; mode=block",
    "Cache-Control": "no-cache, no-store, max-age=0, must-revalidate",
    "Pragma": "no-cache",
    "Expires": "0",
    "X-Frame-Options": "DENY",
    "Content-Type": "application/json",
    "Transfer-Encoding": "chunked",
    "Date": "Thu, 02 Oct 2025 12:24:44 GMT",
    "Connection": "close"
  }
}
-----------------------------

Reason: 🔥 Server error
--- Request ---
{
  "method": "HEAD",
  "url": "/error",
  "headers": {
    "Content-Type": "application/json"
  },
  "body": null,
  "parameters": []
}
--- Response ---
{
  "status": 500,
  "body": "",
  "headers": {
    "X-Content-Type-Options": "nosniff",
    "X-XSS-Protection": "1; mode=block",
    "Cache-Control": "no-cache, no-store, max-age=0, must-revalidate",
    "Pragma": "no-cache",
    "Expires": "0",
    "X-Frame-Options": "DENY",
    "Content-Type": "application/json",
    "Transfer-Encoding": "chunked",
    "Date": "Thu, 02 Oct 2025 12:24:48 GMT",
    "Connection": "close"
  }
}
-----------------------------

Reason: 🔥 Server error
--- Request ---
{
  "method": "GET",
  "url": "/error",
  "headers": {
    "Content-Type": "application/json"
  },
  "body": null,
  "parameters": []
}
--- Response ---
{
  "status": 500,
  "body": "{\"timestamp\":\"2025-10-02T12:24:55.242+0000\",\"status\":999,\"error\":\"None\",\"message\":\"No message available\"}",
  "headers": {
    "X-Content-Type-Options": "nosniff",
    "X-XSS-Protection": "1; mode=block",
    "Cache-Control": "no-cache, no-store, max-age=0, must-revalidate",
    "Pragma": "no-cache",
    "Expires": "0",
    "X-Frame-Options": "DENY",
    "Content-Type": "application/json",
    "Transfer-Encoding": "chunked",
    "Date": "Thu, 02 Oct 2025 12:24:54 GMT",
    "Connection": "close"
  }
}
-----------------------------

Reason: 🔥 Server error
--- Request ---
{
  "method": "GET",
  "url": "/error",
  "headers": {
    "Content-Type": "application/json"
  },
  "body": null,
  "parameters": []
}
--- Response ---
{
  "status": 500,
  "body": "{\"timestamp\":\"2025-10-02T12:25:02.389+0000\",\"status\":999,\"error\":\"None\",\"message\":\"No message available\"}",
  "headers": {
    "X-Content-Type-Options": "nosniff",
    "X-XSS-Protection": "1; mode=block",
    "Cache-Control": "no-cache, no-store, max-age=0, must-revalidate",
    "Pragma": "no-cache",
    "Expires": "0",
    "X-Frame-Options": "DENY",
    "Content-Type": "application/json",
    "Transfer-Encoding": "chunked",
    "Date": "Thu, 02 Oct 2025 12:25:02 GMT",
    "Connection": "close"
  }
}
-----------------------------

Reason: 🔥 Server error
--- Request ---
{
  "method": "POST",
  "url": "/error",
  "headers": {
    "Content-Type": "application/json"
  },
  "body": null,
  "parameters": []
}
--- Response ---
{
  "status": 500,
  "body": "{\"timestamp\":\"2025-10-02T12:25:03.518+0000\",\"status\":999,\"error\":\"None\",\"message\":\"No message available\"}",
  "headers": {
    "X-Content-Type-Options": "nosniff",
    "X-XSS-Protection": "1; mode=block",
    "Cache-Control": "no-cache, no-store, max-age=0, must-revalidate",
    "Pragma": "no-cache",
    "Expires": "0",
    "X-Frame-Options": "DENY",
    "Content-Type": "application/json",
    "Transfer-Encoding": "chunked",
    "Date": "Thu, 02 Oct 2025 12:25:03 GMT",
    "Connection": "close"
  }
}
-----------------------------

Reason: 🔥 Server error
--- Request ---
{
  "method": "HEAD",
  "url": "/error",
  "headers": {
    "Content-Type": "application/json"
  },
  "body": null,
  "parameters": []
}
--- Response ---
{
  "status": 500,
  "body": "",
  "headers": {
    "X-Content-Type-Options": "nosniff",
    "X-XSS-Protection": "1; mode=block",
    "Cache-Control": "no-cache, no-store, max-age=0, must-revalidate",
    "Pragma": "no-cache",
    "Expires": "0",
    "X-Frame-Options": "DENY",
    "Content-Type": "application/json",
    "Transfer-Encoding": "chunked",
    "Date": "Thu, 02 Oct 2025 12:25:04 GMT",
    "Connection": "close"
  }
}
-----------------------------

Reason: 🔥 Server error
--- Request ---
{
  "method": "PUT",
  "url": "/error",
  "headers": {
    "Content-Type": "application/json"
  },
  "body": null,
  "parameters": []
}
--- Response ---
{
  "status": 500,
  "body": "{\"timestamp\":\"2025-10-02T12:25:05.744+0000\",\"status\":999,\"error\":\"None\",\"message\":\"No message available\"}",
  "headers": {
    "X-Content-Type-Options": "nosniff",
    "X-XSS-Protection": "1; mode=block",
    "Cache-Control": "no-cache, no-store, max-age=0, must-revalidate",
    "Pragma": "no-cache",
    "Expires": "0",
    "X-Frame-Options": "DENY",
    "Content-Type": "application/json",
    "Transfer-Encoding": "chunked",
    "Date": "Thu, 02 Oct 2025 12:25:05 GMT",
    "Connection": "close"
  }
}
-----------------------------

Reason: 🔥 Server error
--- Request ---
{
  "method": "HEAD",
  "url": "/error",
  "headers": {
    "Content-Type": "application/json"
  },
  "body": null,
  "parameters": []
}
--- Response ---
{
  "status": 500,
  "body": "",
  "headers": {
    "X-Content-Type-Options": "nosniff",
    "X-XSS-Protection": "1; mode=block",
    "Cache-Control": "no-cache, no-store, max-age=0, must-revalidate",
    "Pragma": "no-cache",
    "Expires": "0",
    "X-Frame-Options": "DENY",
    "Content-Type": "application/json",
    "Transfer-Encoding": "chunked",
    "Date": "Thu, 02 Oct 2025 12:25:15 GMT",
    "Connection": "close"
  }
}
-----------------------------

Reason: 🔥 Server error
--- Request ---
{
  "method": "GET",
  "url": "/error",
  "headers": {
    "Content-Type": "application/json"
  },
  "body": null,
  "parameters": []
}
--- Response ---
{
  "status": 500,
  "body": "{\"timestamp\":\"2025-10-02T12:25:29.796+0000\",\"status\":999,\"error\":\"None\",\"message\":\"No message available\"}",
  "headers": {
    "X-Content-Type-Options": "nosniff",
    "X-XSS-Protection": "1; mode=block",
    "Cache-Control": "no-cache, no-store, max-age=0, must-revalidate",
    "Pragma": "no-cache",
    "Expires": "0",
    "X-Frame-Options": "DENY",
    "Content-Type": "application/json",
    "Transfer-Encoding": "chunked",
    "Date": "Thu, 02 Oct 2025 12:25:29 GMT",
    "Connection": "close"
  }
}
-----------------------------

Reason: 🔥 Server error
--- Request ---
{
  "method": "GET",
  "url": "/error",
  "headers": {
    "Content-Type": "application/json"
  },
  "body": null,
  "parameters": []
}
--- Response ---
{
  "status": 500,
  "body": "{\"timestamp\":\"2025-10-02T12:25:34.957+0000\",\"status\":999,\"error\":\"None\",\"message\":\"No message available\"}",
  "headers": {
    "X-Content-Type-Options": "nosniff",
    "X-XSS-Protection": "1; mode=block",
    "Cache-Control": "no-cache, no-store, max-age=0, must-revalidate",
    "Pragma": "no-cache",
    "Expires": "0",
    "X-Frame-Options": "DENY",
    "Content-Type": "application/json",
    "Transfer-Encoding": "chunked",
    "Date": "Thu, 02 Oct 2025 12:25:34 GMT",
    "Connection": "close"
  }
}
-----------------------------

Reason: 🔥 Server error
--- Request ---
{
  "method": "POST",
  "url": "/error",
  "headers": {
    "Content-Type": "application/json"
  },
  "body": null,
  "parameters": []
}
--- Response ---
{
  "status": 500,
  "body": "{\"timestamp\":\"2025-10-02T12:25:35.626+0000\",\"status\":999,\"error\":\"None\",\"message\":\"No message available\"}",
  "headers": {
    "X-Content-Type-Options": "nosniff",
    "X-XSS-Protection": "1; mode=block",
    "Cache-Control": "no-cache, no-store, max-age=0, must-revalidate",
    "Pragma": "no-cache",
    "Expires": "0",
    "X-Frame-Options": "DENY",
    "Content-Type": "application/json",
    "Transfer-Encoding": "chunked",
    "Date": "Thu, 02 Oct 2025 12:25:34 GMT",
    "Connection": "close"
  }
}
-----------------------------

Reason: 🔥 Server error
--- Request ---
{
  "method": "GET",
  "url": "/error",
  "headers": {
    "Content-Type": "application/json"
  },
  "body": null,
  "parameters": []
}
--- Response ---
{
  "status": 500,
  "body": "{\"timestamp\":\"2025-10-02T12:25:37.641+0000\",\"status\":999,\"error\":\"None\",\"message\":\"No message available\"}",
  "headers": {
    "X-Content-Type-Options": "nosniff",
    "X-XSS-Protection": "1; mode=block",
    "Cache-Control": "no-cache, no-store, max-age=0, must-revalidate",
    "Pragma": "no-cache",
    "Expires": "0",
    "X-Frame-Options": "DENY",
    "Content-Type": "application/json",
    "Transfer-Encoding": "chunked",
    "Date": "Thu, 02 Oct 2025 12:25:37 GMT",
    "Connection": "close"
  }
}
-----------------------------

Reason: 🔥 Server error
--- Request ---
{
  "method": "POST",
  "url": "/error",
  "headers": {
    "Content-Type": "application/json"
  },
  "body": null,
  "parameters": []
}
--- Response ---
{
  "status": 500,
  "body": "{\"timestamp\":\"2025-10-02T12:25:40.554+0000\",\"status\":999,\"error\":\"None\",\"message\":\"No message available\"}",
  "headers": {
    "X-Content-Type-Options": "nosniff",
    "X-XSS-Protection": "1; mode=block",
    "Cache-Control": "no-cache, no-store, max-age=0, must-revalidate",
    "Pragma": "no-cache",
    "Expires": "0",
    "X-Frame-Options": "DENY",
    "Content-Type": "application/json",
    "Transfer-Encoding": "chunked",
    "Date": "Thu, 02 Oct 2025 12:25:40 GMT",
    "Connection": "close"
  }
}
-----------------------------

Reason: 🔥 Server error
--- Request ---
{
  "method": "POST",
  "url": "/error",
  "headers": {
    "Content-Type": "application/json"
  },
  "body": null,
  "parameters": []
}
--- Response ---
{
  "status": 500,
  "body": "{\"timestamp\":\"2025-10-02T12:25:41.017+0000\",\"status\":999,\"error\":\"None\",\"message\":\"No message available\"}",
  "headers": {
    "X-Content-Type-Options": "nosniff",
    "X-XSS-Protection": "1; mode=block",
    "Cache-Control": "no-cache, no-store, max-age=0, must-revalidate",
    "Pragma": "no-cache",
    "Expires": "0",
    "X-Frame-Options": "DENY",
    "Content-Type": "application/json",
    "Transfer-Encoding": "chunked",
    "Date": "Thu, 02 Oct 2025 12:25:40 GMT",
    "Connection": "close"
  }
}
-----------------------------

Reason: 🔥 Server error
--- Request ---
{
  "method": "GET",
  "url": "/error",
  "headers": {
    "Content-Type": "application/json"
  },
  "body": null,
  "parameters": []
}
--- Response ---
{
  "status": 500,
  "body": "{\"timestamp\":\"2025-10-02T12:25:44.582+0000\",\"status\":999,\"error\":\"None\",\"message\":\"No message available\"}",
  "headers": {
    "X-Content-Type-Options": "nosniff",
    "X-XSS-Protection": "1; mode=block",
    "Cache-Control": "no-cache, no-store, max-age=0, must-revalidate",
    "Pragma": "no-cache",
    "Expires": "0",
    "X-Frame-Options": "DENY",
    "Content-Type": "application/json",
    "Transfer-Encoding": "chunked",
    "Date": "Thu, 02 Oct 2025 12:25:43 GMT",
    "Connection": "close"
  }
}
-----------------------------

Reason: 🔥 Server error
--- Request ---
{
  "method": "GET",
  "url": "/error",
  "headers": {
    "Content-Type": "application/json"
  },
  "body": null,
  "parameters": []
}
--- Response ---
{
  "status": 500,
  "body": "{\"timestamp\":\"2025-10-02T12:25:47.039+0000\",\"status\":999,\"error\":\"None\",\"message\":\"No message available\"}",
  "headers": {
    "X-Content-Type-Options": "nosniff",
    "X-XSS-Protection": "1; mode=block",
    "Cache-Control": "no-cache, no-store, max-age=0, must-revalidate",
    "Pragma": "no-cache",
    "Expires": "0",
    "X-Frame-Options": "DENY",
    "Content-Type": "application/json",
    "Transfer-Encoding": "chunked",
    "Date": "Thu, 02 Oct 2025 12:25:46 GMT",
    "Connection": "close"
  }
}
-----------------------------

=== STACK TRACE (49) ===

Reason: 💥 Stack trace or crash pattern detected
--- Request ---
{
  "method": "POST",
  "url": "/api/owners",
  "headers": {
    "Content-Type": "application/json"
  },
  "body": {
    "city": "example-string"
  },
  "parameters": [
    {
      "in": "body",
      "name": "owner",
      "description": "owner",
      "required": true,
      "schema": {
        "$ref": "#/definitions/Owner"
      }
    }
  ]
}
--- Response ---
{
  "status": 400,
  "body": "{\"className\":\"java.lang.NullPointerException\",\"exMessage\":null}",
  "headers": {
    "Vary": "Origin, Access-Control-Request-Method, Access-Control-Request-Headers",
    "X-Content-Type-Options": "nosniff",
    "X-XSS-Protection": "1; mode=block",
    "Cache-Control": "no-cache, no-store, max-age=0, must-revalidate",
    "Pragma": "no-cache",
    "Expires": "0",
    "X-Frame-Options": "DENY",
    "Content-Type": "text/plain;charset=UTF-8",
    "Content-Length": "63",
    "Date": "Thu, 02 Oct 2025 12:20:48 GMT",
    "Connection": "close"
  }
}
-----------------------------

Reason: 💥 Stack trace or crash pattern detected
--- Request ---
{
  "method": "POST",
  "url": "/api/pets",
  "headers": {
    "Content-Type": "application/json"
  },
  "body": {
    "name": "example-string"
  },
  "parameters": [
    {
      "in": "body",
      "name": "pet",
      "description": "pet",
      "required": true,
      "schema": {
        "$ref": "#/definitions/Pet"
      }
    }
  ]
}
--- Response ---
{
  "status": 400,
  "body": "{\"className\":\"java.lang.NullPointerException\",\"exMessage\":null}",
  "headers": {
    "Vary": "Origin, Access-Control-Request-Method, Access-Control-Request-Headers",
    "X-Content-Type-Options": "nosniff",
    "X-XSS-Protection": "1; mode=block",
    "Cache-Control": "no-cache, no-store, max-age=0, must-revalidate",
    "Pragma": "no-cache",
    "Expires": "0",
    "X-Frame-Options": "DENY",
    "Content-Type": "text/plain;charset=UTF-8",
    "Content-Length": "63",
    "Date": "Thu, 02 Oct 2025 12:20:48 GMT",
    "Connection": "close"
  }
}
-----------------------------

Reason: 💥 Stack trace or crash pattern detected
--- Request ---
{
  "method": "POST",
  "url": "/api/users",
  "headers": {
    "Content-Type": "application/json"
  },
  "body": {
    "enabled": true
  },
  "parameters": [
    {
      "in": "body",
      "name": "user",
      "description": "user",
      "required": true,
      "schema": {
        "$ref": "#/definitions/User"
      }
    }
  ]
}
--- Response ---
{
  "status": 400,
  "body": "{\"className\":\"java.lang.Exception\",\"exMessage\":\"User must have at least a role set!\"}",
  "headers": {
    "Vary": "Origin, Access-Control-Request-Method, Access-Control-Request-Headers",
    "X-Content-Type-Options": "nosniff",
    "X-XSS-Protection": "1; mode=block",
    "Cache-Control": "no-cache, no-store, max-age=0, must-revalidate",
    "Pragma": "no-cache",
    "Expires": "0",
    "X-Frame-Options": "DENY",
    "Content-Type": "text/plain;charset=UTF-8",
    "Content-Length": "85",
    "Date": "Thu, 02 Oct 2025 12:20:48 GMT",
    "Connection": "close"
  }
}
-----------------------------

Reason: 💥 Stack trace or crash pattern detected
--- Request ---
{
  "method": "POST",
  "url": "/api/visits",
  "headers": {
    "Content-Type": "application/json"
  },
  "body": {
    "date": "yyyy/MM/dd"
  },
  "parameters": [
    {
      "in": "body",
      "name": "visit",
      "description": "visit",
      "required": true,
      "schema": {
        "$ref": "#/definitions/Visit"
      }
    }
  ]
}
--- Response ---
{
  "status": 400,
  "body": "{\"className\":\"java.lang.NullPointerException\",\"exMessage\":null}",
  "headers": {
    "Vary": "Origin, Access-Control-Request-Method, Access-Control-Request-Headers",
    "X-Content-Type-Options": "nosniff",
    "X-XSS-Protection": "1; mode=block",
    "Cache-Control": "no-cache, no-store, max-age=0, must-revalidate",
    "Pragma": "no-cache",
    "Expires": "0",
    "X-Frame-Options": "DENY",
    "Content-Type": "text/plain;charset=UTF-8",
    "Content-Length": "63",
    "Date": "Thu, 02 Oct 2025 12:20:49 GMT",
    "Connection": "close"
  }
}
-----------------------------

Reason: 💥 Stack trace or crash pattern detected
--- Request ---
{
  "method": "POST",
  "url": "/api/pets",
  "headers": {
    "Content-Type": "application/json"
  },
  "body": {
    "name": "example-string",
    "type": {
      "id": 123,
      "name": "example-string"
    }
  }
}
--- Response ---
{
  "status": 400,
  "body": "{\"className\":\"java.lang.NullPointerException\",\"exMessage\":null}",
  "headers": {
    "Vary": "Origin, Access-Control-Request-Method, Access-Control-Request-Headers",
    "X-Content-Type-Options": "nosniff",
    "X-XSS-Protection": "1; mode=block",
    "Cache-Control": "no-cache, no-store, max-age=0, must-revalidate",
    "Pragma": "no-cache",
    "Expires": "0",
    "X-Frame-Options": "DENY",
    "Content-Type": "text/plain;charset=UTF-8",
    "Content-Length": "63",
    "Date": "Thu, 02 Oct 2025 12:20:49 GMT",
    "Connection": "close"
  }
}
-----------------------------

Reason: 💥 Stack trace or crash pattern detected
--- Request ---
{
  "method": "POST",
  "url": "/api/owners",
  "headers": {
    "Content-Type": "application/json"
  },
  "body": {
    "firstName": "example-string"
  },
  "parameters": [
    {
      "in": "body",
      "name": "owner",
      "description": "owner",
      "required": true,
      "schema": {
        "$ref": "#/definitions/Owner"
      }
    }
  ]
}
--- Response ---
{
  "status": 400,
  "body": "{\"className\":\"java.lang.NullPointerException\",\"exMessage\":null}",
  "headers": {
    "Vary": "Origin, Access-Control-Request-Method, Access-Control-Request-Headers",
    "X-Content-Type-Options": "nosniff",
    "X-XSS-Protection": "1; mode=block",
    "Cache-Control": "no-cache, no-store, max-age=0, must-revalidate",
    "Pragma": "no-cache",
    "Expires": "0",
    "X-Frame-Options": "DENY",
    "Content-Type": "text/plain;charset=UTF-8",
    "Content-Length": "63",
    "Date": "Thu, 02 Oct 2025 12:20:51 GMT",
    "Connection": "close"
  }
}
-----------------------------

Reason: 💥 Stack trace or crash pattern detected
--- Request ---
{
  "method": "POST",
  "url": "/api/owners",
  "headers": {
    "Content-Type": "application/json"
  },
  "body": {
    "telephone": "example-string"
  },
  "parameters": [
    {
      "in": "body",
      "name": "owner",
      "description": "owner",
      "required": true,
      "schema": {
        "$ref": "#/definitions/Owner"
      }
    }
  ]
}
--- Response ---
{
  "status": 400,
  "body": "{\"className\":\"java.lang.NullPointerException\",\"exMessage\":null}",
  "headers": {
    "Vary": "Origin, Access-Control-Request-Method, Access-Control-Request-Headers",
    "X-Content-Type-Options": "nosniff",
    "X-XSS-Protection": "1; mode=block",
    "Cache-Control": "no-cache, no-store, max-age=0, must-revalidate",
    "Pragma": "no-cache",
    "Expires": "0",
    "X-Frame-Options": "DENY",
    "Content-Type": "text/plain;charset=UTF-8",
    "Content-Length": "63",
    "Date": "Thu, 02 Oct 2025 12:20:51 GMT",
    "Connection": "close"
  }
}
-----------------------------

Reason: 💥 Stack trace or crash pattern detected
--- Request ---
{
  "method": "POST",
  "url": "/api/owners",
  "headers": {
    "Content-Type": "application/json"
  },
  "body": {
    "firstName": "example-string",
    "lastName": "example-string"
  }
}
--- Response ---
{
  "status": 400,
  "body": "{\"className\":\"java.lang.NullPointerException\",\"exMessage\":null}",
  "headers": {
    "Vary": "Origin, Access-Control-Request-Method, Access-Control-Request-Headers",
    "X-Content-Type-Options": "nosniff",
    "X-XSS-Protection": "1; mode=block",
    "Cache-Control": "no-cache, no-store, max-age=0, must-revalidate",
    "Pragma": "no-cache",
    "Expires": "0",
    "X-Frame-Options": "DENY",
    "Content-Type": "text/plain;charset=UTF-8",
    "Content-Length": "63",
    "Date": "Thu, 02 Oct 2025 12:20:51 GMT",
    "Connection": "close"
  }
}
-----------------------------

Reason: 💥 Stack trace or crash pattern detected
--- Request ---
{
  "method": "POST",
  "url": "/api/owners",
  "headers": {
    "Content-Type": "application/json"
  },
  "body": {
    "pets": [
      {
        "birthDate": "2025-01-01T00:00:00Z",
        "id": 123,
        "name": "example-string",
        "owner": "fallback",
        "type": {
          "id": 123,
          "name": "example-string"
        },
        "visits": [
          {
            "date": "yyyy/MM/dd",
            "description": "example-string",
            "id": 123,
            "pet": "fallback"
          }
        ]
      }
    ]
  },
  "parameters": [
    {
      "in": "body",
      "name": "owner",
      "description": "owner",
      "required": true,
      "schema": {
        "$ref": "#/definitions/Owner"
      }
    }
  ]
}
--- Response ---
{
  "status": 400,
  "body": "{\"className\":\"java.lang.NullPointerException\",\"exMessage\":null}",
  "headers": {
    "Vary": "Origin, Access-Control-Request-Method, Access-Control-Request-Headers",
    "X-Content-Type-Options": "nosniff",
    "X-XSS-Protection": "1; mode=block",
    "Cache-Control": "no-cache, no-store, max-age=0, must-revalidate",
    "Pragma": "no-cache",
    "Expires": "0",
    "X-Frame-Options": "DENY",
    "Content-Type": "text/plain;charset=UTF-8",
    "Content-Length": "63",
    "Date": "Thu, 02 Oct 2025 12:20:55 GMT",
    "Connection": "close"
  }
}
-----------------------------

Reason: 💥 Stack trace or crash pattern detected
--- Request ---
{
  "method": "POST",
  "url": "/api/owners",
  "headers": {
    "Content-Type": "application/json"
  },
  "body": {
    "telephone": "example-string",
    "pets": [
      {
        "birthDate": "2025-01-01T00:00:00Z",
        "id": 123,
        "name": "example-string",
        "owner": "fallback",
        "type": {
          "id": 123,
          "name": "example-string"
        },
        "visits": [
          {
            "date": "yyyy/MM/dd",
            "description": "example-string",
            "id": 123,
            "pet": "fallback"
          }
        ]
      }
    ]
  }
}
--- Response ---
{
  "status": 400,
  "body": "{\"className\":\"java.lang.NullPointerException\",\"exMessage\":null}",
  "headers": {
    "Vary": "Origin, Access-Control-Request-Method, Access-Control-Request-Headers",
    "X-Content-Type-Options": "nosniff",
    "X-XSS-Protection": "1; mode=block",
    "Cache-Control": "no-cache, no-store, max-age=0, must-revalidate",
    "Pragma": "no-cache",
    "Expires": "0",
    "X-Frame-Options": "DENY",
    "Content-Type": "text/plain;charset=UTF-8",
    "Content-Length": "63",
    "Date": "Thu, 02 Oct 2025 12:20:58 GMT",
    "Connection": "close"
  }
}
-----------------------------

Reason: 💥 Stack trace or crash pattern detected
--- Request ---
{
  "method": "POST",
  "url": "/api/owners",
  "headers": {
    "Content-Type": "application/json"
  },
  "body": {
    "firstName": "example-string"
  },
  "parameters": [
    {
      "in": "body",
      "name": "owner",
      "description": "owner",
      "required": true,
      "schema": {
        "$ref": "#/definitions/Owner"
      }
    }
  ]
}
--- Response ---
{
  "status": 400,
  "body": "{\"className\":\"java.lang.NullPointerException\",\"exMessage\":null}",
  "headers": {
    "Vary": "Origin, Access-Control-Request-Method, Access-Control-Request-Headers",
    "X-Content-Type-Options": "nosniff",
    "X-XSS-Protection": "1; mode=block",
    "Cache-Control": "no-cache, no-store, max-age=0, must-revalidate",
    "Pragma": "no-cache",
    "Expires": "0",
    "X-Frame-Options": "DENY",
    "Content-Type": "text/plain;charset=UTF-8",
    "Content-Length": "63",
    "Date": "Thu, 02 Oct 2025 12:21:01 GMT",
    "Connection": "close"
  }
}
-----------------------------

Reason: 💥 Stack trace or crash pattern detected
--- Request ---
{
  "method": "POST",
  "url": "/api/owners",
  "headers": {
    "Content-Type": "application/json"
  },
  "body": {
    "address": "example-string"
  },
  "parameters": [
    {
      "in": "body",
      "name": "owner",
      "description": "owner",
      "required": true,
      "schema": {
        "$ref": "#/definitions/Owner"
      }
    }
  ]
}
--- Response ---
{
  "status": 400,
  "body": "{\"className\":\"java.lang.NullPointerException\",\"exMessage\":null}",
  "headers": {
    "Vary": "Origin, Access-Control-Request-Method, Access-Control-Request-Headers",
    "X-Content-Type-Options": "nosniff",
    "X-XSS-Protection": "1; mode=block",
    "Cache-Control": "no-cache, no-store, max-age=0, must-revalidate",
    "Pragma": "no-cache",
    "Expires": "0",
    "X-Frame-Options": "DENY",
    "Content-Type": "text/plain;charset=UTF-8",
    "Content-Length": "63",
    "Date": "Thu, 02 Oct 2025 12:21:07 GMT",
    "Connection": "close"
  }
}
-----------------------------

Reason: 💥 Stack trace or crash pattern detected
--- Request ---
{
  "method": "POST",
  "url": "/api/owners",
  "headers": {
    "Content-Type": "application/json"
  },
  "body": {
    "firstName": "example-string"
  },
  "parameters": [
    {
      "in": "body",
      "name": "owner",
      "description": "owner",
      "required": true,
      "schema": {
        "$ref": "#/definitions/Owner"
      }
    }
  ]
}
--- Response ---
{
  "status": 400,
  "body": "{\"className\":\"java.lang.NullPointerException\",\"exMessage\":null}",
  "headers": {
    "Vary": "Origin, Access-Control-Request-Method, Access-Control-Request-Headers",
    "X-Content-Type-Options": "nosniff",
    "X-XSS-Protection": "1; mode=block",
    "Cache-Control": "no-cache, no-store, max-age=0, must-revalidate",
    "Pragma": "no-cache",
    "Expires": "0",
    "X-Frame-Options": "DENY",
    "Content-Type": "text/plain;charset=UTF-8",
    "Content-Length": "63",
    "Date": "Thu, 02 Oct 2025 12:21:10 GMT",
    "Connection": "close"
  }
}
-----------------------------

Reason: 💥 Stack trace or crash pattern detected
--- Request ---
{
  "method": "POST",
  "url": "/api/owners",
  "headers": {
    "Content-Type": "application/json"
  },
  "body": {
    "telephone": "example-string"
  },
  "parameters": [
    {
      "in": "body",
      "name": "owner",
      "description": "owner",
      "required": true,
      "schema": {
        "$ref": "#/definitions/Owner"
      }
    }
  ]
}
--- Response ---
{
  "status": 400,
  "body": "{\"className\":\"java.lang.NullPointerException\",\"exMessage\":null}",
  "headers": {
    "Vary": "Origin, Access-Control-Request-Method, Access-Control-Request-Headers",
    "X-Content-Type-Options": "nosniff",
    "X-XSS-Protection": "1; mode=block",
    "Cache-Control": "no-cache, no-store, max-age=0, must-revalidate",
    "Pragma": "no-cache",
    "Expires": "0",
    "X-Frame-Options": "DENY",
    "Content-Type": "text/plain;charset=UTF-8",
    "Content-Length": "63",
    "Date": "Thu, 02 Oct 2025 12:21:14 GMT",
    "Connection": "close"
  }
}
-----------------------------

Reason: 💥 Stack trace or crash pattern detected
--- Request ---
{
  "method": "POST",
  "url": "/api/owners",
  "headers": {
    "Content-Type": "application/json"
  },
  "body": {
    "lastName": "example-string"
  },
  "parameters": [
    {
      "in": "body",
      "name": "owner",
      "description": "owner",
      "required": true,
      "schema": {
        "$ref": "#/definitions/Owner"
      }
    }
  ]
}
--- Response ---
{
  "status": 400,
  "body": "{\"className\":\"java.lang.NullPointerException\",\"exMessage\":null}",
  "headers": {
    "Vary": "Origin, Access-Control-Request-Method, Access-Control-Request-Headers",
    "X-Content-Type-Options": "nosniff",
    "X-XSS-Protection": "1; mode=block",
    "Cache-Control": "no-cache, no-store, max-age=0, must-revalidate",
    "Pragma": "no-cache",
    "Expires": "0",
    "X-Frame-Options": "DENY",
    "Content-Type": "text/plain;charset=UTF-8",
    "Content-Length": "63",
    "Date": "Thu, 02 Oct 2025 12:21:17 GMT",
    "Connection": "close"
  }
}
-----------------------------

Reason: 💥 Stack trace or crash pattern detected
--- Request ---
{
  "method": "POST",
  "url": "/api/visits",
  "headers": {
    "Content-Type": "application/json"
  },
  "body": {
    "date": "yyyy/MM/dd"
  },
  "parameters": [
    {
      "in": "body",
      "name": "visit",
      "description": "visit",
      "required": true,
      "schema": {
        "$ref": "#/definitions/Visit"
      }
    }
  ]
}
--- Response ---
{
  "status": 400,
  "body": "{\"className\":\"java.lang.NullPointerException\",\"exMessage\":null}",
  "headers": {
    "Vary": "Origin, Access-Control-Request-Method, Access-Control-Request-Headers",
    "X-Content-Type-Options": "nosniff",
    "X-XSS-Protection": "1; mode=block",
    "Cache-Control": "no-cache, no-store, max-age=0, must-revalidate",
    "Pragma": "no-cache",
    "Expires": "0",
    "X-Frame-Options": "DENY",
    "Content-Type": "text/plain;charset=UTF-8",
    "Content-Length": "63",
    "Date": "Thu, 02 Oct 2025 12:21:19 GMT",
    "Connection": "close"
  }
}
-----------------------------

Reason: 💥 Stack trace or crash pattern detected
--- Request ---
{
  "method": "POST",
  "url": "/api/owners",
  "headers": {
    "Content-Type": "application/json"
  },
  "body": {
    "lastName": "example-string",
    "telephone": "example-string"
  }
}
--- Response ---
{
  "status": 400,
  "body": "{\"className\":\"java.lang.NullPointerException\",\"exMessage\":null}",
  "headers": {
    "Vary": "Origin, Access-Control-Request-Method, Access-Control-Request-Headers",
    "X-Content-Type-Options": "nosniff",
    "X-XSS-Protection": "1; mode=block",
    "Cache-Control": "no-cache, no-store, max-age=0, must-revalidate",
    "Pragma": "no-cache",
    "Expires": "0",
    "X-Frame-Options": "DENY",
    "Content-Type": "text/plain;charset=UTF-8",
    "Content-Length": "63",
    "Date": "Thu, 02 Oct 2025 12:21:19 GMT",
    "Connection": "close"
  }
}
-----------------------------

Reason: 💥 Stack trace or crash pattern detected
--- Request ---
{
  "method": "POST",
  "url": "/api/owners",
  "headers": {
    "Content-Type": "application/json"
  },
  "body": {
    "telephone": "example-string",
    "address": "example-string"
  }
}
--- Response ---
{
  "status": 400,
  "body": "{\"className\":\"java.lang.NullPointerException\",\"exMessage\":null}",
  "headers": {
    "Vary": "Origin, Access-Control-Request-Method, Access-Control-Request-Headers",
    "X-Content-Type-Options": "nosniff",
    "X-XSS-Protection": "1; mode=block",
    "Cache-Control": "no-cache, no-store, max-age=0, must-revalidate",
    "Pragma": "no-cache",
    "Expires": "0",
    "X-Frame-Options": "DENY",
    "Content-Type": "text/plain;charset=UTF-8",
    "Content-Length": "63",
    "Date": "Thu, 02 Oct 2025 12:21:19 GMT",
    "Connection": "close"
  }
}
-----------------------------

Reason: 💥 Stack trace or crash pattern detected
--- Request ---
{
  "method": "POST",
  "url": "/api/owners",
  "headers": {
    "Content-Type": "application/json"
  },
  "body": {
    "lastName": "qfZ5xm3USPpWjW9CSBouAAOuMRSEaFi7t9qkD0ujWq6UxwGd8b"
  }
}
--- Response ---
{
  "status": 400,
  "body": "{\"className\":\"java.lang.NullPointerException\",\"exMessage\":null}",
  "headers": {
    "Vary": "Origin, Access-Control-Request-Method, Access-Control-Request-Headers",
    "X-Content-Type-Options": "nosniff",
    "X-XSS-Protection": "1; mode=block",
    "Cache-Control": "no-cache, no-store, max-age=0, must-revalidate",
    "Pragma": "no-cache",
    "Expires": "0",
    "X-Frame-Options": "DENY",
    "Content-Type": "text/plain;charset=UTF-8",
    "Content-Length": "63",
    "Date": "Thu, 02 Oct 2025 12:21:21 GMT",
    "Connection": "close"
  }
}
-----------------------------

Reason: 💥 Stack trace or crash pattern detected
--- Request ---
{
  "method": "POST",
  "url": "/api/owners",
  "headers": {
    "Content-Type": "application/json"
  },
  "body": {
    "lastName": "example-string",
    "pets": [
      {
        "birthDate": "2025-01-01T00:00:00Z",
        "id": 123,
        "name": "example-string",
        "owner": "fallback",
        "type": {
          "id": 123,
          "name": "example-string"
        },
        "visits": [
          {
            "date": "yyyy/MM/dd",
            "description": "example-string",
            "id": 123,
            "pet": "fallback"
          }
        ]
      }
    ]
  }
}
--- Response ---
{
  "status": 400,
  "body": "{\"className\":\"java.lang.NullPointerException\",\"exMessage\":null}",
  "headers": {
    "Vary": "Origin, Access-Control-Request-Method, Access-Control-Request-Headers",
    "X-Content-Type-Options": "nosniff",
    "X-XSS-Protection": "1; mode=block",
    "Cache-Control": "no-cache, no-store, max-age=0, must-revalidate",
    "Pragma": "no-cache",
    "Expires": "0",
    "X-Frame-Options": "DENY",
    "Content-Type": "text/plain;charset=UTF-8",
    "Content-Length": "63",
    "Date": "Thu, 02 Oct 2025 12:21:26 GMT",
    "Connection": "close"
  }
}
-----------------------------

Reason: 💥 Stack trace or crash pattern detected
--- Request ---
{
  "method": "POST",
  "url": "/api/pets",
  "headers": {
    "Content-Type": "application/json"
  },
  "body": {
    "name": "example-string",
    "type": {
      "id": 123,
      "name": "example-string"
    }
  }
}
--- Response ---
{
  "status": 400,
  "body": "{\"className\":\"java.lang.NullPointerException\",\"exMessage\":null}",
  "headers": {
    "Vary": "Origin, Access-Control-Request-Method, Access-Control-Request-Headers",
    "X-Content-Type-Options": "nosniff",
    "X-XSS-Protection": "1; mode=block",
    "Cache-Control": "no-cache, no-store, max-age=0, must-revalidate",
    "Pragma": "no-cache",
    "Expires": "0",
    "X-Frame-Options": "DENY",
    "Content-Type": "text/plain;charset=UTF-8",
    "Content-Length": "63",
    "Date": "Thu, 02 Oct 2025 12:21:41 GMT",
    "Connection": "close"
  }
}
-----------------------------

Reason: 💥 Stack trace or crash pattern detected
--- Request ---
{
  "method": "POST",
  "url": "/api/owners",
  "headers": {
    "Content-Type": "application/json"
  },
  "body": {
    "telephone": "example-string",
    "address": "example-string"
  }
}
--- Response ---
{
  "status": 400,
  "body": "{\"className\":\"java.lang.NullPointerException\",\"exMessage\":null}",
  "headers": {
    "Vary": "Origin, Access-Control-Request-Method, Access-Control-Request-Headers",
    "X-Content-Type-Options": "nosniff",
    "X-XSS-Protection": "1; mode=block",
    "Cache-Control": "no-cache, no-store, max-age=0, must-revalidate",
    "Pragma": "no-cache",
    "Expires": "0",
    "X-Frame-Options": "DENY",
    "Content-Type": "text/plain;charset=UTF-8",
    "Content-Length": "63",
    "Date": "Thu, 02 Oct 2025 12:21:43 GMT",
    "Connection": "close"
  }
}
-----------------------------

Reason: 💥 Stack trace or crash pattern detected
--- Request ---
{
  "method": "POST",
  "url": "/api/owners",
  "headers": {
    "Content-Type": "application/json"
  },
  "body": {
    "lastName": "qfZ5xm3USPpWjW9CSBouAAOuMRSEaFi7t9qkD0ujWq6UxwGd8b"
  }
}
--- Response ---
{
  "status": 400,
  "body": "{\"className\":\"java.lang.NullPointerException\",\"exMessage\":null}",
  "headers": {
    "Vary": "Origin, Access-Control-Request-Method, Access-Control-Request-Headers",
    "X-Content-Type-Options": "nosniff",
    "X-XSS-Protection": "1; mode=block",
    "Cache-Control": "no-cache, no-store, max-age=0, must-revalidate",
    "Pragma": "no-cache",
    "Expires": "0",
    "X-Frame-Options": "DENY",
    "Content-Type": "text/plain;charset=UTF-8",
    "Content-Length": "63",
    "Date": "Thu, 02 Oct 2025 12:21:51 GMT",
    "Connection": "close"
  }
}
-----------------------------

Reason: 💥 Stack trace or crash pattern detected
--- Request ---
{
  "method": "POST",
  "url": "/api/owners",
  "headers": {
    "Content-Type": "application/json"
  },
  "body": {
    "firstName": "example-string"
  },
  "parameters": [
    {
      "in": "body",
      "name": "owner",
      "description": "owner",
      "required": true,
      "schema": {
        "$ref": "#/definitions/Owner"
      }
    }
  ]
}
--- Response ---
{
  "status": 400,
  "body": "{\"className\":\"java.lang.NullPointerException\",\"exMessage\":null}",
  "headers": {
    "Vary": "Origin, Access-Control-Request-Method, Access-Control-Request-Headers",
    "X-Content-Type-Options": "nosniff",
    "X-XSS-Protection": "1; mode=block",
    "Cache-Control": "no-cache, no-store, max-age=0, must-revalidate",
    "Pragma": "no-cache",
    "Expires": "0",
    "X-Frame-Options": "DENY",
    "Content-Type": "text/plain;charset=UTF-8",
    "Content-Length": "63",
    "Date": "Thu, 02 Oct 2025 12:21:57 GMT",
    "Connection": "close"
  }
}
-----------------------------

Reason: 💥 Stack trace or crash pattern detected
--- Request ---
{
  "method": "POST",
  "url": "/api/pets",
  "headers": {
    "Content-Type": "application/json"
  },
  "body": {
    "name": "example-string",
    "type": {
      "id": 123,
      "name": "example-string"
    }
  }
}
--- Response ---
{
  "status": 400,
  "body": "{\"className\":\"java.lang.NullPointerException\",\"exMessage\":null}",
  "headers": {
    "Vary": "Origin, Access-Control-Request-Method, Access-Control-Request-Headers",
    "X-Content-Type-Options": "nosniff",
    "X-XSS-Protection": "1; mode=block",
    "Cache-Control": "no-cache, no-store, max-age=0, must-revalidate",
    "Pragma": "no-cache",
    "Expires": "0",
    "X-Frame-Options": "DENY",
    "Content-Type": "text/plain;charset=UTF-8",
    "Content-Length": "63",
    "Date": "Thu, 02 Oct 2025 12:21:58 GMT",
    "Connection": "close"
  }
}
-----------------------------

Reason: 💥 Stack trace or crash pattern detected
--- Request ---
{
  "method": "POST",
  "url": "/api/owners",
  "headers": {
    "Content-Type": "application/json"
  },
  "body": {
    "firstName": "example-string"
  },
  "parameters": [
    {
      "in": "body",
      "name": "owner",
      "description": "owner",
      "required": true,
      "schema": {
        "$ref": "#/definitions/Owner"
      }
    }
  ]
}
--- Response ---
{
  "status": 400,
  "body": "{\"className\":\"java.lang.NullPointerException\",\"exMessage\":null}",
  "headers": {
    "Vary": "Origin, Access-Control-Request-Method, Access-Control-Request-Headers",
    "X-Content-Type-Options": "nosniff",
    "X-XSS-Protection": "1; mode=block",
    "Cache-Control": "no-cache, no-store, max-age=0, must-revalidate",
    "Pragma": "no-cache",
    "Expires": "0",
    "X-Frame-Options": "DENY",
    "Content-Type": "text/plain;charset=UTF-8",
    "Content-Length": "63",
    "Date": "Thu, 02 Oct 2025 12:21:58 GMT",
    "Connection": "close"
  }
}
-----------------------------

Reason: 💥 Stack trace or crash pattern detected
--- Request ---
{
  "method": "POST",
  "url": "/api/owners",
  "headers": {
    "Content-Type": "application/json"
  },
  "body": {
    "firstName": "example-string",
    "lastName": "example-string"
  }
}
--- Response ---
{
  "status": 400,
  "body": "{\"className\":\"java.lang.NullPointerException\",\"exMessage\":null}",
  "headers": {
    "Vary": "Origin, Access-Control-Request-Method, Access-Control-Request-Headers",
    "X-Content-Type-Options": "nosniff",
    "X-XSS-Protection": "1; mode=block",
    "Cache-Control": "no-cache, no-store, max-age=0, must-revalidate",
    "Pragma": "no-cache",
    "Expires": "0",
    "X-Frame-Options": "DENY",
    "Content-Type": "text/plain;charset=UTF-8",
    "Content-Length": "63",
    "Date": "Thu, 02 Oct 2025 12:21:58 GMT",
    "Connection": "close"
  }
}
-----------------------------

Reason: 💥 Stack trace or crash pattern detected
--- Request ---
{
  "method": "POST",
  "url": "/api/pets",
  "headers": {
    "Content-Type": "application/json"
  },
  "body": {
    "name": "example-string",
    "type": {
      "id": 123,
      "name": "example-string"
    }
  }
}
--- Response ---
{
  "status": 400,
  "body": "{\"className\":\"java.lang.NullPointerException\",\"exMessage\":null}",
  "headers": {
    "Vary": "Origin, Access-Control-Request-Method, Access-Control-Request-Headers",
    "X-Content-Type-Options": "nosniff",
    "X-XSS-Protection": "1; mode=block",
    "Cache-Control": "no-cache, no-store, max-age=0, must-revalidate",
    "Pragma": "no-cache",
    "Expires": "0",
    "X-Frame-Options": "DENY",
    "Content-Type": "text/plain;charset=UTF-8",
    "Content-Length": "63",
    "Date": "Thu, 02 Oct 2025 12:22:04 GMT",
    "Connection": "close"
  }
}
-----------------------------

Reason: 💥 Stack trace or crash pattern detected
--- Request ---
{
  "method": "POST",
  "url": "/api/owners",
  "headers": {
    "Content-Type": "application/json"
  },
  "body": {
    "telephone": "example-string"
  },
  "parameters": [
    {
      "in": "body",
      "name": "owner",
      "description": "owner",
      "required": true,
      "schema": {
        "$ref": "#/definitions/Owner"
      }
    }
  ]
}
--- Response ---
{
  "status": 400,
  "body": "{\"className\":\"java.lang.NullPointerException\",\"exMessage\":null}",
  "headers": {
    "Vary": "Origin, Access-Control-Request-Method, Access-Control-Request-Headers",
    "X-Content-Type-Options": "nosniff",
    "X-XSS-Protection": "1; mode=block",
    "Cache-Control": "no-cache, no-store, max-age=0, must-revalidate",
    "Pragma": "no-cache",
    "Expires": "0",
    "X-Frame-Options": "DENY",
    "Content-Type": "text/plain;charset=UTF-8",
    "Content-Length": "63",
    "Date": "Thu, 02 Oct 2025 12:22:06 GMT",
    "Connection": "close"
  }
}
-----------------------------

Reason: 💥 Stack trace or crash pattern detected
--- Request ---
{
  "method": "POST",
  "url": "/api/owners",
  "headers": {
    "Content-Type": "application/json"
  },
  "body": {
    "lastName": "example-string"
  },
  "parameters": [
    {
      "in": "body",
      "name": "owner",
      "description": "owner",
      "required": true,
      "schema": {
        "$ref": "#/definitions/Owner"
      }
    }
  ]
}
--- Response ---
{
  "status": 400,
  "body": "{\"className\":\"java.lang.NullPointerException\",\"exMessage\":null}",
  "headers": {
    "Vary": "Origin, Access-Control-Request-Method, Access-Control-Request-Headers",
    "X-Content-Type-Options": "nosniff",
    "X-XSS-Protection": "1; mode=block",
    "Cache-Control": "no-cache, no-store, max-age=0, must-revalidate",
    "Pragma": "no-cache",
    "Expires": "0",
    "X-Frame-Options": "DENY",
    "Content-Type": "text/plain;charset=UTF-8",
    "Content-Length": "63",
    "Date": "Thu, 02 Oct 2025 12:22:10 GMT",
    "Connection": "close"
  }
}
-----------------------------

Reason: 💥 Stack trace or crash pattern detected
--- Request ---
{
  "method": "POST",
  "url": "/api/owners",
  "headers": {
    "Content-Type": "application/json"
  },
  "body": {
    "telephone": "example-string"
  },
  "parameters": [
    {
      "in": "body",
      "name": "owner",
      "description": "owner",
      "required": true,
      "schema": {
        "$ref": "#/definitions/Owner"
      }
    }
  ]
}
--- Response ---
{
  "status": 400,
  "body": "{\"className\":\"java.lang.NullPointerException\",\"exMessage\":null}",
  "headers": {
    "Vary": "Origin, Access-Control-Request-Method, Access-Control-Request-Headers",
    "X-Content-Type-Options": "nosniff",
    "X-XSS-Protection": "1; mode=block",
    "Cache-Control": "no-cache, no-store, max-age=0, must-revalidate",
    "Pragma": "no-cache",
    "Expires": "0",
    "X-Frame-Options": "DENY",
    "Content-Type": "text/plain;charset=UTF-8",
    "Content-Length": "63",
    "Date": "Thu, 02 Oct 2025 12:22:10 GMT",
    "Connection": "close"
  }
}
-----------------------------

Reason: 💥 Stack trace or crash pattern detected
--- Request ---
{
  "method": "POST",
  "url": "/api/owners",
  "headers": {
    "Content-Type": "application/json"
  },
  "body": {
    "pets": [
      {
        "birthDate": "2025-01-01T00:00:00Z",
        "id": 123,
        "name": "example-string",
        "owner": "fallback",
        "type": {
          "id": 123,
          "name": "example-string"
        },
        "visits": [
          {
            "date": "yyyy/MM/dd",
            "description": "example-string",
            "id": 123,
            "pet": "fallback"
          }
        ]
      }
    ]
  },
  "parameters": [
    {
      "in": "body",
      "name": "owner",
      "description": "owner",
      "required": true,
      "schema": {
        "$ref": "#/definitions/Owner"
      }
    }
  ]
}
--- Response ---
{
  "status": 400,
  "body": "{\"className\":\"java.lang.NullPointerException\",\"exMessage\":null}",
  "headers": {
    "Vary": "Origin, Access-Control-Request-Method, Access-Control-Request-Headers",
    "X-Content-Type-Options": "nosniff",
    "X-XSS-Protection": "1; mode=block",
    "Cache-Control": "no-cache, no-store, max-age=0, must-revalidate",
    "Pragma": "no-cache",
    "Expires": "0",
    "X-Frame-Options": "DENY",
    "Content-Type": "text/plain;charset=UTF-8",
    "Content-Length": "63",
    "Date": "Thu, 02 Oct 2025 12:22:12 GMT",
    "Connection": "close"
  }
}
-----------------------------

Reason: 💥 Stack trace or crash pattern detected
--- Request ---
{
  "method": "POST",
  "url": "/api/owners",
  "headers": {
    "Content-Type": "application/json"
  },
  "body": {
    "firstName": "example-string"
  },
  "parameters": [
    {
      "in": "body",
      "name": "owner",
      "description": "owner",
      "required": true,
      "schema": {
        "$ref": "#/definitions/Owner"
      }
    }
  ]
}
--- Response ---
{
  "status": 400,
  "body": "{\"className\":\"java.lang.NullPointerException\",\"exMessage\":null}",
  "headers": {
    "Vary": "Origin, Access-Control-Request-Method, Access-Control-Request-Headers",
    "X-Content-Type-Options": "nosniff",
    "X-XSS-Protection": "1; mode=block",
    "Cache-Control": "no-cache, no-store, max-age=0, must-revalidate",
    "Pragma": "no-cache",
    "Expires": "0",
    "X-Frame-Options": "DENY",
    "Content-Type": "text/plain;charset=UTF-8",
    "Content-Length": "63",
    "Date": "Thu, 02 Oct 2025 12:22:16 GMT",
    "Connection": "close"
  }
}
-----------------------------

Reason: 💥 Stack trace or crash pattern detected
--- Request ---
{
  "method": "POST",
  "url": "/api/owners",
  "headers": {
    "Content-Type": "application/json"
  },
  "body": {
    "telephone": "example-string"
  },
  "parameters": [
    {
      "in": "body",
      "name": "owner",
      "description": "owner",
      "required": true,
      "schema": {
        "$ref": "#/definitions/Owner"
      }
    }
  ]
}
--- Response ---
{
  "status": 400,
  "body": "{\"className\":\"java.lang.NullPointerException\",\"exMessage\":null}",
  "headers": {
    "Vary": "Origin, Access-Control-Request-Method, Access-Control-Request-Headers",
    "X-Content-Type-Options": "nosniff",
    "X-XSS-Protection": "1; mode=block",
    "Cache-Control": "no-cache, no-store, max-age=0, must-revalidate",
    "Pragma": "no-cache",
    "Expires": "0",
    "X-Frame-Options": "DENY",
    "Content-Type": "text/plain;charset=UTF-8",
    "Content-Length": "63",
    "Date": "Thu, 02 Oct 2025 12:22:18 GMT",
    "Connection": "close"
  }
}
-----------------------------

Reason: 💥 Stack trace or crash pattern detected
--- Request ---
{
  "method": "POST",
  "url": "/api/owners",
  "headers": {
    "Content-Type": "application/json"
  },
  "body": {
    "pets": [
      {
        "birthDate": "2025-01-01T00:00:00Z",
        "id": 123,
        "name": "example-string",
        "owner": "fallback",
        "type": {
          "id": 123,
          "name": "example-string"
        },
        "visits": [
          {
            "date": "yyyy/MM/dd",
            "description": "example-string",
            "id": 123,
            "pet": "fallback"
          }
        ]
      }
    ]
  },
  "parameters": [
    {
      "in": "body",
      "name": "owner",
      "description": "owner",
      "required": true,
      "schema": {
        "$ref": "#/definitions/Owner"
      }
    }
  ]
}
--- Response ---
{
  "status": 400,
  "body": "{\"className\":\"java.lang.NullPointerException\",\"exMessage\":null}",
  "headers": {
    "Vary": "Origin, Access-Control-Request-Method, Access-Control-Request-Headers",
    "X-Content-Type-Options": "nosniff",
    "X-XSS-Protection": "1; mode=block",
    "Cache-Control": "no-cache, no-store, max-age=0, must-revalidate",
    "Pragma": "no-cache",
    "Expires": "0",
    "X-Frame-Options": "DENY",
    "Content-Type": "text/plain;charset=UTF-8",
    "Content-Length": "63",
    "Date": "Thu, 02 Oct 2025 12:22:30 GMT",
    "Connection": "close"
  }
}
-----------------------------

Reason: 💥 Stack trace or crash pattern detected
--- Request ---
{
  "method": "POST",
  "url": "/api/pets",
  "headers": {
    "Content-Type": "application/json"
  },
  "body": {
    "name": "example-string",
    "type": {
      "id": 123,
      "name": "example-string"
    }
  }
}
--- Response ---
{
  "status": 400,
  "body": "{\"className\":\"java.lang.NullPointerException\",\"exMessage\":null}",
  "headers": {
    "Vary": "Origin, Access-Control-Request-Method, Access-Control-Request-Headers",
    "X-Content-Type-Options": "nosniff",
    "X-XSS-Protection": "1; mode=block",
    "Cache-Control": "no-cache, no-store, max-age=0, must-revalidate",
    "Pragma": "no-cache",
    "Expires": "0",
    "X-Frame-Options": "DENY",
    "Content-Type": "text/plain;charset=UTF-8",
    "Content-Length": "63",
    "Date": "Thu, 02 Oct 2025 12:22:36 GMT",
    "Connection": "close"
  }
}
-----------------------------

Reason: 💥 Stack trace or crash pattern detected
--- Request ---
{
  "method": "POST",
  "url": "/api/pets",
  "headers": {
    "Content-Type": "application/json"
  },
  "body": {
    "name": "example-string",
    "type": {
      "id": 123,
      "name": "example-string"
    }
  }
}
--- Response ---
{
  "status": 400,
  "body": "{\"className\":\"java.lang.NullPointerException\",\"exMessage\":null}",
  "headers": {
    "Vary": "Origin, Access-Control-Request-Method, Access-Control-Request-Headers",
    "X-Content-Type-Options": "nosniff",
    "X-XSS-Protection": "1; mode=block",
    "Cache-Control": "no-cache, no-store, max-age=0, must-revalidate",
    "Pragma": "no-cache",
    "Expires": "0",
    "X-Frame-Options": "DENY",
    "Content-Type": "text/plain;charset=UTF-8",
    "Content-Length": "63",
    "Date": "Thu, 02 Oct 2025 12:22:39 GMT",
    "Connection": "close"
  }
}
-----------------------------

Reason: 💥 Stack trace or crash pattern detected
--- Request ---
{
  "method": "POST",
  "url": "/api/pets",
  "headers": {
    "Content-Type": "application/json"
  },
  "body": {
    "name": "example-string",
    "type": {
      "id": 123,
      "name": "example-string"
    }
  }
}
--- Response ---
{
  "status": 400,
  "body": "{\"className\":\"java.lang.NullPointerException\",\"exMessage\":null}",
  "headers": {
    "Vary": "Origin, Access-Control-Request-Method, Access-Control-Request-Headers",
    "X-Content-Type-Options": "nosniff",
    "X-XSS-Protection": "1; mode=block",
    "Cache-Control": "no-cache, no-store, max-age=0, must-revalidate",
    "Pragma": "no-cache",
    "Expires": "0",
    "X-Frame-Options": "DENY",
    "Content-Type": "text/plain;charset=UTF-8",
    "Content-Length": "63",
    "Date": "Thu, 02 Oct 2025 12:22:47 GMT",
    "Connection": "close"
  }
}
-----------------------------

Reason: 💥 Stack trace or crash pattern detected
--- Request ---
{
  "method": "POST",
  "url": "/api/owners",
  "headers": {
    "Content-Type": "application/json"
  },
  "body": {
    "pets": [
      {
        "birthDate": "2025-01-01T00:00:00Z",
        "id": 123,
        "name": "example-string",
        "owner": "fallback",
        "type": {
          "id": 123,
          "name": "example-string"
        },
        "visits": [
          {
            "date": "yyyy/MM/dd",
            "description": "example-string",
            "id": 123,
            "pet": "fallback"
          }
        ]
      }
    ]
  },
  "parameters": [
    {
      "in": "body",
      "name": "owner",
      "description": "owner",
      "required": true,
      "schema": {
        "$ref": "#/definitions/Owner"
      }
    }
  ]
}
--- Response ---
{
  "status": 400,
  "body": "{\"className\":\"java.lang.NullPointerException\",\"exMessage\":null}",
  "headers": {
    "Vary": "Origin, Access-Control-Request-Method, Access-Control-Request-Headers",
    "X-Content-Type-Options": "nosniff",
    "X-XSS-Protection": "1; mode=block",
    "Cache-Control": "no-cache, no-store, max-age=0, must-revalidate",
    "Pragma": "no-cache",
    "Expires": "0",
    "X-Frame-Options": "DENY",
    "Content-Type": "text/plain;charset=UTF-8",
    "Content-Length": "63",
    "Date": "Thu, 02 Oct 2025 12:22:54 GMT",
    "Connection": "close"
  }
}
-----------------------------

Reason: 💥 Stack trace or crash pattern detected
--- Request ---
{
  "method": "POST",
  "url": "/api/owners",
  "headers": {
    "Content-Type": "application/json"
  },
  "body": {
    "lastName": "example-string"
  },
  "parameters": [
    {
      "in": "body",
      "name": "owner",
      "description": "owner",
      "required": true,
      "schema": {
        "$ref": "#/definitions/Owner"
      }
    }
  ]
}
--- Response ---
{
  "status": 400,
  "body": "{\"className\":\"java.lang.NullPointerException\",\"exMessage\":null}",
  "headers": {
    "Vary": "Origin, Access-Control-Request-Method, Access-Control-Request-Headers",
    "X-Content-Type-Options": "nosniff",
    "X-XSS-Protection": "1; mode=block",
    "Cache-Control": "no-cache, no-store, max-age=0, must-revalidate",
    "Pragma": "no-cache",
    "Expires": "0",
    "X-Frame-Options": "DENY",
    "Content-Type": "text/plain;charset=UTF-8",
    "Content-Length": "63",
    "Date": "Thu, 02 Oct 2025 12:22:58 GMT",
    "Connection": "close"
  }
}
-----------------------------

Reason: 💥 Stack trace or crash pattern detected
--- Request ---
{
  "method": "POST",
  "url": "/api/owners",
  "headers": {
    "Content-Type": "application/json"
  },
  "body": {
    "telephone": "example-string"
  },
  "parameters": [
    {
      "in": "body",
      "name": "owner",
      "description": "owner",
      "required": true,
      "schema": {
        "$ref": "#/definitions/Owner"
      }
    }
  ]
}
--- Response ---
{
  "status": 400,
  "body": "{\"className\":\"java.lang.NullPointerException\",\"exMessage\":null}",
  "headers": {
    "Vary": "Origin, Access-Control-Request-Method, Access-Control-Request-Headers",
    "X-Content-Type-Options": "nosniff",
    "X-XSS-Protection": "1; mode=block",
    "Cache-Control": "no-cache, no-store, max-age=0, must-revalidate",
    "Pragma": "no-cache",
    "Expires": "0",
    "X-Frame-Options": "DENY",
    "Content-Type": "text/plain;charset=UTF-8",
    "Content-Length": "63",
    "Date": "Thu, 02 Oct 2025 12:23:04 GMT",
    "Connection": "close"
  }
}
-----------------------------

Reason: 💥 Stack trace or crash pattern detected
--- Request ---
{
  "method": "POST",
  "url": "/api/owners",
  "headers": {
    "Content-Type": "application/json"
  },
  "body": {
    "telephone": "example-string"
  },
  "parameters": [
    {
      "in": "body",
      "name": "owner",
      "description": "owner",
      "required": true,
      "schema": {
        "$ref": "#/definitions/Owner"
      }
    }
  ]
}
--- Response ---
{
  "status": 400,
  "body": "{\"className\":\"java.lang.NullPointerException\",\"exMessage\":null}",
  "headers": {
    "Vary": "Origin, Access-Control-Request-Method, Access-Control-Request-Headers",
    "X-Content-Type-Options": "nosniff",
    "X-XSS-Protection": "1; mode=block",
    "Cache-Control": "no-cache, no-store, max-age=0, must-revalidate",
    "Pragma": "no-cache",
    "Expires": "0",
    "X-Frame-Options": "DENY",
    "Content-Type": "text/plain;charset=UTF-8",
    "Content-Length": "63",
    "Date": "Thu, 02 Oct 2025 12:23:19 GMT",
    "Connection": "close"
  }
}
-----------------------------

Reason: 💥 Stack trace or crash pattern detected
--- Request ---
{
  "method": "POST",
  "url": "/api/owners",
  "headers": {
    "Content-Type": "application/json"
  },
  "body": {
    "firstName": "example-string",
    "lastName": "example-string"
  }
}
--- Response ---
{
  "status": 400,
  "body": "{\"className\":\"java.lang.NullPointerException\",\"exMessage\":null}",
  "headers": {
    "Vary": "Origin, Access-Control-Request-Method, Access-Control-Request-Headers",
    "X-Content-Type-Options": "nosniff",
    "X-XSS-Protection": "1; mode=block",
    "Cache-Control": "no-cache, no-store, max-age=0, must-revalidate",
    "Pragma": "no-cache",
    "Expires": "0",
    "X-Frame-Options": "DENY",
    "Content-Type": "text/plain;charset=UTF-8",
    "Content-Length": "63",
    "Date": "Thu, 02 Oct 2025 12:23:35 GMT",
    "Connection": "close"
  }
}
-----------------------------

Reason: 💥 Stack trace or crash pattern detected
--- Request ---
{
  "method": "POST",
  "url": "/api/owners",
  "headers": {
    "Content-Type": "application/json"
  },
  "body": {
    "city": "example-string"
  },
  "parameters": [
    {
      "in": "body",
      "name": "owner",
      "description": "owner",
      "required": true,
      "schema": {
        "$ref": "#/definitions/Owner"
      }
    }
  ]
}
--- Response ---
{
  "status": 400,
  "body": "{\"className\":\"java.lang.NullPointerException\",\"exMessage\":null}",
  "headers": {
    "Vary": "Origin, Access-Control-Request-Method, Access-Control-Request-Headers",
    "X-Content-Type-Options": "nosniff",
    "X-XSS-Protection": "1; mode=block",
    "Cache-Control": "no-cache, no-store, max-age=0, must-revalidate",
    "Pragma": "no-cache",
    "Expires": "0",
    "X-Frame-Options": "DENY",
    "Content-Type": "text/plain;charset=UTF-8",
    "Content-Length": "63",
    "Date": "Thu, 02 Oct 2025 12:23:46 GMT",
    "Connection": "close"
  }
}
-----------------------------

Reason: 💥 Stack trace or crash pattern detected
--- Request ---
{
  "method": "POST",
  "url": "/api/owners",
  "headers": {
    "Content-Type": "application/json"
  },
  "body": {
    "firstName": "example-string"
  },
  "parameters": [
    {
      "in": "body",
      "name": "owner",
      "description": "owner",
      "required": true,
      "schema": {
        "$ref": "#/definitions/Owner"
      }
    }
  ]
}
--- Response ---
{
  "status": 400,
  "body": "{\"className\":\"java.lang.NullPointerException\",\"exMessage\":null}",
  "headers": {
    "Vary": "Origin, Access-Control-Request-Method, Access-Control-Request-Headers",
    "X-Content-Type-Options": "nosniff",
    "X-XSS-Protection": "1; mode=block",
    "Cache-Control": "no-cache, no-store, max-age=0, must-revalidate",
    "Pragma": "no-cache",
    "Expires": "0",
    "X-Frame-Options": "DENY",
    "Content-Type": "text/plain;charset=UTF-8",
    "Content-Length": "63",
    "Date": "Thu, 02 Oct 2025 12:24:37 GMT",
    "Connection": "close"
  }
}
-----------------------------

Reason: 💥 Stack trace or crash pattern detected
--- Request ---
{
  "method": "POST",
  "url": "/api/owners",
  "headers": {
    "Content-Type": "application/json"
  },
  "body": {
    "telephone": "example-string",
    "address": "example-string"
  }
}
--- Response ---
{
  "status": 400,
  "body": "{\"className\":\"java.lang.NullPointerException\",\"exMessage\":null}",
  "headers": {
    "Vary": "Origin, Access-Control-Request-Method, Access-Control-Request-Headers",
    "X-Content-Type-Options": "nosniff",
    "X-XSS-Protection": "1; mode=block",
    "Cache-Control": "no-cache, no-store, max-age=0, must-revalidate",
    "Pragma": "no-cache",
    "Expires": "0",
    "X-Frame-Options": "DENY",
    "Content-Type": "text/plain;charset=UTF-8",
    "Content-Length": "63",
    "Date": "Thu, 02 Oct 2025 12:25:18 GMT",
    "Connection": "close"
  }
}
-----------------------------

Reason: 💥 Stack trace or crash pattern detected
--- Request ---
{
  "method": "POST",
  "url": "/api/owners",
  "headers": {
    "Content-Type": "application/json"
  },
  "body": {
    "firstName": "example-string",
    "lastName": "example-string"
  }
}
--- Response ---
{
  "status": 400,
  "body": "{\"className\":\"java.lang.NullPointerException\",\"exMessage\":null}",
  "headers": {
    "Vary": "Origin, Access-Control-Request-Method, Access-Control-Request-Headers",
    "X-Content-Type-Options": "nosniff",
    "X-XSS-Protection": "1; mode=block",
    "Cache-Control": "no-cache, no-store, max-age=0, must-revalidate",
    "Pragma": "no-cache",
    "Expires": "0",
    "X-Frame-Options": "DENY",
    "Content-Type": "text/plain;charset=UTF-8",
    "Content-Length": "63",
    "Date": "Thu, 02 Oct 2025 12:25:23 GMT",
    "Connection": "close"
  }
}
-----------------------------

Reason: 💥 Stack trace or crash pattern detected
--- Request ---
{
  "method": "POST",
  "url": "/api/owners",
  "headers": {
    "Content-Type": "application/json"
  },
  "body": {
    "pets": [
      {
        "birthDate": "2025-01-01T00:00:00Z",
        "id": 123,
        "name": "example-string",
        "owner": "fallback",
        "type": {
          "id": 123,
          "name": "example-string"
        },
        "visits": [
          {
            "date": "yyyy/MM/dd",
            "description": "example-string",
            "id": 123,
            "pet": "fallback"
          }
        ]
      }
    ]
  },
  "parameters": [
    {
      "in": "body",
      "name": "owner",
      "description": "owner",
      "required": true,
      "schema": {
        "$ref": "#/definitions/Owner"
      }
    }
  ]
}
--- Response ---
{
  "status": 400,
  "body": "{\"className\":\"java.lang.NullPointerException\",\"exMessage\":null}",
  "headers": {
    "Vary": "Origin, Access-Control-Request-Method, Access-Control-Request-Headers",
    "X-Content-Type-Options": "nosniff",
    "X-XSS-Protection": "1; mode=block",
    "Cache-Control": "no-cache, no-store, max-age=0, must-revalidate",
    "Pragma": "no-cache",
    "Expires": "0",
    "X-Frame-Options": "DENY",
    "Content-Type": "text/plain;charset=UTF-8",
    "Content-Length": "63",
    "Date": "Thu, 02 Oct 2025 12:25:24 GMT",
    "Connection": "close"
  }
}
-----------------------------

Reason: 💥 Stack trace or crash pattern detected
--- Request ---
{
  "method": "POST",
  "url": "/api/owners",
  "headers": {
    "Content-Type": "application/json"
  },
  "body": {
    "pets": [
      {
        "birthDate": "2025-01-01T00:00:00Z",
        "id": 123,
        "name": "example-string",
        "owner": "fallback",
        "type": {
          "id": 123,
          "name": "example-string"
        },
        "visits": [
          {
            "date": "yyyy/MM/dd",
            "description": "example-string",
            "id": 123,
            "pet": "fallback"
          }
        ]
      }
    ]
  },
  "parameters": [
    {
      "in": "body",
      "name": "owner",
      "description": "owner",
      "required": true,
      "schema": {
        "$ref": "#/definitions/Owner"
      }
    }
  ]
}
--- Response ---
{
  "status": 400,
  "body": "{\"className\":\"java.lang.NullPointerException\",\"exMessage\":null}",
  "headers": {
    "Vary": "Origin, Access-Control-Request-Method, Access-Control-Request-Headers",
    "X-Content-Type-Options": "nosniff",
    "X-XSS-Protection": "1; mode=block",
    "Cache-Control": "no-cache, no-store, max-age=0, must-revalidate",
    "Pragma": "no-cache",
    "Expires": "0",
    "X-Frame-Options": "DENY",
    "Content-Type": "text/plain;charset=UTF-8",
    "Content-Length": "63",
    "Date": "Thu, 02 Oct 2025 12:25:47 GMT",
    "Connection": "close"
  }
}
-----------------------------

=== INVALID CONTENT TYPE (110) ===

Reason: 📦 Unexpected Content-Type: text/html
--- Request ---
{
  "method": "GET",
  "url": "/",
  "headers": {
    "Content-Type": "application/json"
  },
  "body": null,
  "parameters": []
}
--- Response ---
{
  "status": 200,
  "body": "<!-- HTML for static distribution bundle build -->\n<!DOCTYPE html>\n<html lang=\"en\">\n<head>\n  <meta charset=\"UTF-8\">\n  <title>Swagger UI</title>\n  <link rel=\"stylesheet\" type=\"text/css\" href=\"webjars/springfox-swagger-ui/springfox.css?v=2.9.2\" >\n  <link rel=\"stylesheet\" type=\"text/css\" href=\"webjars/springfox-swagger-ui/swagger-ui.css?v=2.9.2\" >\n  <link rel=\"icon\" type=\"image/png\" href=\"webjars/springfox-swagger-ui/favicon-32x32.png?v=2.9.2\" sizes=\"32x32\" />\n  <link rel=\"icon\" type=\"image/png\" href=\"webjars/springfox-swagger-ui/favicon-16x16.png?v=2.9.2\" sizes=\"16x16\" />\n  <style>\n    html\n    {\n      box-sizing: border-box;\n      overflow: -moz-scrollbars-vertical;\n      overflow-y: scroll;\n    }\n    *,\n    *:before,\n    *:after\n    {\n      box-sizing: inherit;\n    }\n\n    body {\n      margin:0;\n      background: #fafafa;\n    }\n  </style>\n</head>\n\n<body>\n\n<svg xmlns=\"http://www.w3.org/2000/svg\" xmlns:xlink=\"http://www.w3.org/1999/xlink\" style=\"position:absolute;width:0;height:0\">\n  <defs>\n    <symbol viewBox=\"0 0 20 20\" id=\"unlocked\">\n      <path d=\"M15.8 8H14V5.6C14 2.703 12.665 1 10 1 7.334 1 6 2.703 6 5.6V6h2v-.801C8 3.754 8.797 3 10 3c1.203 0 2 .754 2 2.199V8H4c-.553 0-1 .646-1 1.199V17c0 .549.428 1.139.951 1.307l1.197.387C5.672 18.861 6.55 19 7.1 19h5.8c.549 0 1.428-.139 1.951-.307l1.196-.387c.524-.167.953-.757.953-1.306V9.199C17 8.646 16.352 8 15.8 8z\"></path>\n    </symbol>\n\n    <symbol viewBox=\"0 0 20 20\" id=\"locked\">\n      <path d=\"M15.8 8H14V5.6C14 2.703 12.665 1 10 1 7.334 1 6 2.703 6 5.6V8H4c-.553 0-1 .646-1 1.199V17c0 .549.428 1.139.951 1.307l1.197.387C5.672 18.861 6.55 19 7.1 19h5.8c.549 0 1.428-.139 1.951-.307l1.196-.387c.524-.167.953-.757.953-1.306V9.199C17 8.646 16.352 8 15.8 8zM12 8H8V5.199C8 3.754 8.797 3 10 3c1.203 0 2 .754 2 2.199V8z\"/>\n    </symbol>\n\n    <symbol viewBox=\"0 0 20 20\" id=\"close\">\n      <path d=\"M14.348 14.849c-.469.469-1.229.469-1.697 0L10 11.819l-2.651 3.029c-.469.469-1.229.469-1.697 0-.469-.469-.469-1.229 0-1.697l2.758-3.15-2.759-3.152c-.469-.469-.469-1.228 0-1.697.469-.469 1.228-.469 1.697 0L10 8.183l2.651-3.031c.469-.469 1.228-.469 1.697 0 .469.469.469 1.229 0 1.697l-2.758 3.152 2.758 3.15c.469.469.469 1.229 0 1.698z\"/>\n    </symbol>\n\n    <symbol viewBox=\"0 0 20 20\" id=\"large-arrow\">\n      <path d=\"M13.25 10L6.109 2.58c-.268-.27-.268-.707 0-.979.268-.27.701-.27.969 0l7.83 7.908c.268.271.268.709 0 .979l-7.83 7.908c-.268.271-.701.27-.969 0-.268-.269-.268-.707 0-.979L13.25 10z\"/>\n    </symbol>\n\n    <symbol viewBox=\"0 0 20 20\" id=\"large-arrow-down\">\n      <path d=\"M17.418 6.109c.272-.268.709-.268.979 0s.271.701 0 .969l-7.908 7.83c-.27.268-.707.268-.979 0l-7.908-7.83c-.27-.268-.27-.701 0-.969.271-.268.709-.268.979 0L10 13.25l7.418-7.141z\"/>\n    </symbol>\n\n\n    <symbol viewBox=\"0 0 24 24\" id=\"jump-to\">\n      <path d=\"M19 7v4H5.83l3.58-3.59L8 6l-6 6 6 6 1.41-1.41L5.83 13H21V7z\"/>\n    </symbol>\n\n    <symbol viewBox=\"0 0 24 24\" id=\"expand\">\n      <path d=\"M10 18h4v-2h-4v2zM3 6v2h18V6H3zm3 7h12v-2H6v2z\"/>\n    </symbol>\n\n  </defs>\n</svg>\n\n<div id=\"swagger-ui\"></div>\n\n<script src=\"webjars/springfox-swagger-ui/swagger-ui-bundle.js?v=2.9.2\"> </script>\n<script src=\"webjars/springfox-swagger-ui/swagger-ui-standalone-preset.js?v=2.9.2\"> </script>\n<script src=\"webjars/springfox-swagger-ui/springfox.js?v=2.9.2\"> </script>\n</body>\n\n</html>\n",
  "headers": {
    "Vary": "Origin, Access-Control-Request-Method, Access-Control-Request-Headers",
    "Last-Modified": "Fri, 06 Jun 2025 08:22:01 GMT",
    "Accept-Ranges": "bytes",
    "X-Content-Type-Options": "nosniff",
    "X-XSS-Protection": "1; mode=block",
    "Cache-Control": "no-cache, no-store, max-age=0, must-revalidate",
    "Pragma": "no-cache",
    "Expires": "0",
    "X-Frame-Options": "DENY",
    "Content-Type": "text/html",
    "Content-Length": "3318",
    "Date": "Thu, 02 Oct 2025 12:20:48 GMT",
    "Keep-Alive": "timeout=60",
    "Connection": "keep-alive"
  }
}
-----------------------------

Reason: 📦 Unexpected Content-Type: text/html
--- Request ---
{
  "method": "HEAD",
  "url": "/",
  "headers": {
    "Content-Type": "application/json"
  },
  "body": null,
  "parameters": []
}
--- Response ---
{
  "status": 200,
  "body": "",
  "headers": {
    "Vary": "Origin, Access-Control-Request-Method, Access-Control-Request-Headers",
    "Last-Modified": "Fri, 06 Jun 2025 08:22:01 GMT",
    "Accept-Ranges": "bytes",
    "X-Content-Type-Options": "nosniff",
    "X-XSS-Protection": "1; mode=block",
    "Cache-Control": "no-cache, no-store, max-age=0, must-revalidate",
    "Pragma": "no-cache",
    "Expires": "0",
    "X-Frame-Options": "DENY",
    "Content-Type": "text/html",
    "Content-Length": "3318",
    "Date": "Thu, 02 Oct 2025 12:20:48 GMT",
    "Keep-Alive": "timeout=60",
    "Connection": "keep-alive"
  }
}
-----------------------------

Reason: 📦 Unexpected Content-Type: text/html
--- Request ---
{
  "method": "POST",
  "url": "/",
  "headers": {
    "Content-Type": "application/json"
  },
  "body": null,
  "parameters": []
}
--- Response ---
{
  "status": 200,
  "body": "<!-- HTML for static distribution bundle build -->\n<!DOCTYPE html>\n<html lang=\"en\">\n<head>\n  <meta charset=\"UTF-8\">\n  <title>Swagger UI</title>\n  <link rel=\"stylesheet\" type=\"text/css\" href=\"webjars/springfox-swagger-ui/springfox.css?v=2.9.2\" >\n  <link rel=\"stylesheet\" type=\"text/css\" href=\"webjars/springfox-swagger-ui/swagger-ui.css?v=2.9.2\" >\n  <link rel=\"icon\" type=\"image/png\" href=\"webjars/springfox-swagger-ui/favicon-32x32.png?v=2.9.2\" sizes=\"32x32\" />\n  <link rel=\"icon\" type=\"image/png\" href=\"webjars/springfox-swagger-ui/favicon-16x16.png?v=2.9.2\" sizes=\"16x16\" />\n  <style>\n    html\n    {\n      box-sizing: border-box;\n      overflow: -moz-scrollbars-vertical;\n      overflow-y: scroll;\n    }\n    *,\n    *:before,\n    *:after\n    {\n      box-sizing: inherit;\n    }\n\n    body {\n      margin:0;\n      background: #fafafa;\n    }\n  </style>\n</head>\n\n<body>\n\n<svg xmlns=\"http://www.w3.org/2000/svg\" xmlns:xlink=\"http://www.w3.org/1999/xlink\" style=\"position:absolute;width:0;height:0\">\n  <defs>\n    <symbol viewBox=\"0 0 20 20\" id=\"unlocked\">\n      <path d=\"M15.8 8H14V5.6C14 2.703 12.665 1 10 1 7.334 1 6 2.703 6 5.6V6h2v-.801C8 3.754 8.797 3 10 3c1.203 0 2 .754 2 2.199V8H4c-.553 0-1 .646-1 1.199V17c0 .549.428 1.139.951 1.307l1.197.387C5.672 18.861 6.55 19 7.1 19h5.8c.549 0 1.428-.139 1.951-.307l1.196-.387c.524-.167.953-.757.953-1.306V9.199C17 8.646 16.352 8 15.8 8z\"></path>\n    </symbol>\n\n    <symbol viewBox=\"0 0 20 20\" id=\"locked\">\n      <path d=\"M15.8 8H14V5.6C14 2.703 12.665 1 10 1 7.334 1 6 2.703 6 5.6V8H4c-.553 0-1 .646-1 1.199V17c0 .549.428 1.139.951 1.307l1.197.387C5.672 18.861 6.55 19 7.1 19h5.8c.549 0 1.428-.139 1.951-.307l1.196-.387c.524-.167.953-.757.953-1.306V9.199C17 8.646 16.352 8 15.8 8zM12 8H8V5.199C8 3.754 8.797 3 10 3c1.203 0 2 .754 2 2.199V8z\"/>\n    </symbol>\n\n    <symbol viewBox=\"0 0 20 20\" id=\"close\">\n      <path d=\"M14.348 14.849c-.469.469-1.229.469-1.697 0L10 11.819l-2.651 3.029c-.469.469-1.229.469-1.697 0-.469-.469-.469-1.229 0-1.697l2.758-3.15-2.759-3.152c-.469-.469-.469-1.228 0-1.697.469-.469 1.228-.469 1.697 0L10 8.183l2.651-3.031c.469-.469 1.228-.469 1.697 0 .469.469.469 1.229 0 1.697l-2.758 3.152 2.758 3.15c.469.469.469 1.229 0 1.698z\"/>\n    </symbol>\n\n    <symbol viewBox=\"0 0 20 20\" id=\"large-arrow\">\n      <path d=\"M13.25 10L6.109 2.58c-.268-.27-.268-.707 0-.979.268-.27.701-.27.969 0l7.83 7.908c.268.271.268.709 0 .979l-7.83 7.908c-.268.271-.701.27-.969 0-.268-.269-.268-.707 0-.979L13.25 10z\"/>\n    </symbol>\n\n    <symbol viewBox=\"0 0 20 20\" id=\"large-arrow-down\">\n      <path d=\"M17.418 6.109c.272-.268.709-.268.979 0s.271.701 0 .969l-7.908 7.83c-.27.268-.707.268-.979 0l-7.908-7.83c-.27-.268-.27-.701 0-.969.271-.268.709-.268.979 0L10 13.25l7.418-7.141z\"/>\n    </symbol>\n\n\n    <symbol viewBox=\"0 0 24 24\" id=\"jump-to\">\n      <path d=\"M19 7v4H5.83l3.58-3.59L8 6l-6 6 6 6 1.41-1.41L5.83 13H21V7z\"/>\n    </symbol>\n\n    <symbol viewBox=\"0 0 24 24\" id=\"expand\">\n      <path d=\"M10 18h4v-2h-4v2zM3 6v2h18V6H3zm3 7h12v-2H6v2z\"/>\n    </symbol>\n\n  </defs>\n</svg>\n\n<div id=\"swagger-ui\"></div>\n\n<script src=\"webjars/springfox-swagger-ui/swagger-ui-bundle.js?v=2.9.2\"> </script>\n<script src=\"webjars/springfox-swagger-ui/swagger-ui-standalone-preset.js?v=2.9.2\"> </script>\n<script src=\"webjars/springfox-swagger-ui/springfox.js?v=2.9.2\"> </script>\n</body>\n\n</html>\n",
  "headers": {
    "Vary": "Origin, Access-Control-Request-Method, Access-Control-Request-Headers",
    "Last-Modified": "Fri, 06 Jun 2025 08:22:01 GMT",
    "Accept-Ranges": "bytes",
    "X-Content-Type-Options": "nosniff",
    "X-XSS-Protection": "1; mode=block",
    "Cache-Control": "no-cache, no-store, max-age=0, must-revalidate",
    "Pragma": "no-cache",
    "Expires": "0",
    "X-Frame-Options": "DENY",
    "Content-Type": "text/html",
    "Content-Length": "3318",
    "Date": "Thu, 02 Oct 2025 12:20:48 GMT",
    "Keep-Alive": "timeout=60",
    "Connection": "keep-alive"
  }
}
-----------------------------

Reason: 📦 Unexpected Content-Type: text/html
--- Request ---
{
  "method": "PUT",
  "url": "/",
  "headers": {
    "Content-Type": "application/json"
  },
  "body": null,
  "parameters": []
}
--- Response ---
{
  "status": 200,
  "body": "<!-- HTML for static distribution bundle build -->\n<!DOCTYPE html>\n<html lang=\"en\">\n<head>\n  <meta charset=\"UTF-8\">\n  <title>Swagger UI</title>\n  <link rel=\"stylesheet\" type=\"text/css\" href=\"webjars/springfox-swagger-ui/springfox.css?v=2.9.2\" >\n  <link rel=\"stylesheet\" type=\"text/css\" href=\"webjars/springfox-swagger-ui/swagger-ui.css?v=2.9.2\" >\n  <link rel=\"icon\" type=\"image/png\" href=\"webjars/springfox-swagger-ui/favicon-32x32.png?v=2.9.2\" sizes=\"32x32\" />\n  <link rel=\"icon\" type=\"image/png\" href=\"webjars/springfox-swagger-ui/favicon-16x16.png?v=2.9.2\" sizes=\"16x16\" />\n  <style>\n    html\n    {\n      box-sizing: border-box;\n      overflow: -moz-scrollbars-vertical;\n      overflow-y: scroll;\n    }\n    *,\n    *:before,\n    *:after\n    {\n      box-sizing: inherit;\n    }\n\n    body {\n      margin:0;\n      background: #fafafa;\n    }\n  </style>\n</head>\n\n<body>\n\n<svg xmlns=\"http://www.w3.org/2000/svg\" xmlns:xlink=\"http://www.w3.org/1999/xlink\" style=\"position:absolute;width:0;height:0\">\n  <defs>\n    <symbol viewBox=\"0 0 20 20\" id=\"unlocked\">\n      <path d=\"M15.8 8H14V5.6C14 2.703 12.665 1 10 1 7.334 1 6 2.703 6 5.6V6h2v-.801C8 3.754 8.797 3 10 3c1.203 0 2 .754 2 2.199V8H4c-.553 0-1 .646-1 1.199V17c0 .549.428 1.139.951 1.307l1.197.387C5.672 18.861 6.55 19 7.1 19h5.8c.549 0 1.428-.139 1.951-.307l1.196-.387c.524-.167.953-.757.953-1.306V9.199C17 8.646 16.352 8 15.8 8z\"></path>\n    </symbol>\n\n    <symbol viewBox=\"0 0 20 20\" id=\"locked\">\n      <path d=\"M15.8 8H14V5.6C14 2.703 12.665 1 10 1 7.334 1 6 2.703 6 5.6V8H4c-.553 0-1 .646-1 1.199V17c0 .549.428 1.139.951 1.307l1.197.387C5.672 18.861 6.55 19 7.1 19h5.8c.549 0 1.428-.139 1.951-.307l1.196-.387c.524-.167.953-.757.953-1.306V9.199C17 8.646 16.352 8 15.8 8zM12 8H8V5.199C8 3.754 8.797 3 10 3c1.203 0 2 .754 2 2.199V8z\"/>\n    </symbol>\n\n    <symbol viewBox=\"0 0 20 20\" id=\"close\">\n      <path d=\"M14.348 14.849c-.469.469-1.229.469-1.697 0L10 11.819l-2.651 3.029c-.469.469-1.229.469-1.697 0-.469-.469-.469-1.229 0-1.697l2.758-3.15-2.759-3.152c-.469-.469-.469-1.228 0-1.697.469-.469 1.228-.469 1.697 0L10 8.183l2.651-3.031c.469-.469 1.228-.469 1.697 0 .469.469.469 1.229 0 1.697l-2.758 3.152 2.758 3.15c.469.469.469 1.229 0 1.698z\"/>\n    </symbol>\n\n    <symbol viewBox=\"0 0 20 20\" id=\"large-arrow\">\n      <path d=\"M13.25 10L6.109 2.58c-.268-.27-.268-.707 0-.979.268-.27.701-.27.969 0l7.83 7.908c.268.271.268.709 0 .979l-7.83 7.908c-.268.271-.701.27-.969 0-.268-.269-.268-.707 0-.979L13.25 10z\"/>\n    </symbol>\n\n    <symbol viewBox=\"0 0 20 20\" id=\"large-arrow-down\">\n      <path d=\"M17.418 6.109c.272-.268.709-.268.979 0s.271.701 0 .969l-7.908 7.83c-.27.268-.707.268-.979 0l-7.908-7.83c-.27-.268-.27-.701 0-.969.271-.268.709-.268.979 0L10 13.25l7.418-7.141z\"/>\n    </symbol>\n\n\n    <symbol viewBox=\"0 0 24 24\" id=\"jump-to\">\n      <path d=\"M19 7v4H5.83l3.58-3.59L8 6l-6 6 6 6 1.41-1.41L5.83 13H21V7z\"/>\n    </symbol>\n\n    <symbol viewBox=\"0 0 24 24\" id=\"expand\">\n      <path d=\"M10 18h4v-2h-4v2zM3 6v2h18V6H3zm3 7h12v-2H6v2z\"/>\n    </symbol>\n\n  </defs>\n</svg>\n\n<div id=\"swagger-ui\"></div>\n\n<script src=\"webjars/springfox-swagger-ui/swagger-ui-bundle.js?v=2.9.2\"> </script>\n<script src=\"webjars/springfox-swagger-ui/swagger-ui-standalone-preset.js?v=2.9.2\"> </script>\n<script src=\"webjars/springfox-swagger-ui/springfox.js?v=2.9.2\"> </script>\n</body>\n\n</html>\n",
  "headers": {
    "Vary": "Origin, Access-Control-Request-Method, Access-Control-Request-Headers",
    "Last-Modified": "Fri, 06 Jun 2025 08:22:01 GMT",
    "Accept-Ranges": "bytes",
    "X-Content-Type-Options": "nosniff",
    "X-XSS-Protection": "1; mode=block",
    "Cache-Control": "no-cache, no-store, max-age=0, must-revalidate",
    "Pragma": "no-cache",
    "Expires": "0",
    "X-Frame-Options": "DENY",
    "Content-Type": "text/html",
    "Content-Length": "3318",
    "Date": "Thu, 02 Oct 2025 12:20:48 GMT",
    "Keep-Alive": "timeout=60",
    "Connection": "keep-alive"
  }
}
-----------------------------

Reason: 📦 Unexpected Content-Type: text/html
--- Request ---
{
  "method": "DELETE",
  "url": "/",
  "headers": {
    "Content-Type": "application/json"
  },
  "body": null,
  "parameters": []
}
--- Response ---
{
  "status": 200,
  "body": "<!-- HTML for static distribution bundle build -->\n<!DOCTYPE html>\n<html lang=\"en\">\n<head>\n  <meta charset=\"UTF-8\">\n  <title>Swagger UI</title>\n  <link rel=\"stylesheet\" type=\"text/css\" href=\"webjars/springfox-swagger-ui/springfox.css?v=2.9.2\" >\n  <link rel=\"stylesheet\" type=\"text/css\" href=\"webjars/springfox-swagger-ui/swagger-ui.css?v=2.9.2\" >\n  <link rel=\"icon\" type=\"image/png\" href=\"webjars/springfox-swagger-ui/favicon-32x32.png?v=2.9.2\" sizes=\"32x32\" />\n  <link rel=\"icon\" type=\"image/png\" href=\"webjars/springfox-swagger-ui/favicon-16x16.png?v=2.9.2\" sizes=\"16x16\" />\n  <style>\n    html\n    {\n      box-sizing: border-box;\n      overflow: -moz-scrollbars-vertical;\n      overflow-y: scroll;\n    }\n    *,\n    *:before,\n    *:after\n    {\n      box-sizing: inherit;\n    }\n\n    body {\n      margin:0;\n      background: #fafafa;\n    }\n  </style>\n</head>\n\n<body>\n\n<svg xmlns=\"http://www.w3.org/2000/svg\" xmlns:xlink=\"http://www.w3.org/1999/xlink\" style=\"position:absolute;width:0;height:0\">\n  <defs>\n    <symbol viewBox=\"0 0 20 20\" id=\"unlocked\">\n      <path d=\"M15.8 8H14V5.6C14 2.703 12.665 1 10 1 7.334 1 6 2.703 6 5.6V6h2v-.801C8 3.754 8.797 3 10 3c1.203 0 2 .754 2 2.199V8H4c-.553 0-1 .646-1 1.199V17c0 .549.428 1.139.951 1.307l1.197.387C5.672 18.861 6.55 19 7.1 19h5.8c.549 0 1.428-.139 1.951-.307l1.196-.387c.524-.167.953-.757.953-1.306V9.199C17 8.646 16.352 8 15.8 8z\"></path>\n    </symbol>\n\n    <symbol viewBox=\"0 0 20 20\" id=\"locked\">\n      <path d=\"M15.8 8H14V5.6C14 2.703 12.665 1 10 1 7.334 1 6 2.703 6 5.6V8H4c-.553 0-1 .646-1 1.199V17c0 .549.428 1.139.951 1.307l1.197.387C5.672 18.861 6.55 19 7.1 19h5.8c.549 0 1.428-.139 1.951-.307l1.196-.387c.524-.167.953-.757.953-1.306V9.199C17 8.646 16.352 8 15.8 8zM12 8H8V5.199C8 3.754 8.797 3 10 3c1.203 0 2 .754 2 2.199V8z\"/>\n    </symbol>\n\n    <symbol viewBox=\"0 0 20 20\" id=\"close\">\n      <path d=\"M14.348 14.849c-.469.469-1.229.469-1.697 0L10 11.819l-2.651 3.029c-.469.469-1.229.469-1.697 0-.469-.469-.469-1.229 0-1.697l2.758-3.15-2.759-3.152c-.469-.469-.469-1.228 0-1.697.469-.469 1.228-.469 1.697 0L10 8.183l2.651-3.031c.469-.469 1.228-.469 1.697 0 .469.469.469 1.229 0 1.697l-2.758 3.152 2.758 3.15c.469.469.469 1.229 0 1.698z\"/>\n    </symbol>\n\n    <symbol viewBox=\"0 0 20 20\" id=\"large-arrow\">\n      <path d=\"M13.25 10L6.109 2.58c-.268-.27-.268-.707 0-.979.268-.27.701-.27.969 0l7.83 7.908c.268.271.268.709 0 .979l-7.83 7.908c-.268.271-.701.27-.969 0-.268-.269-.268-.707 0-.979L13.25 10z\"/>\n    </symbol>\n\n    <symbol viewBox=\"0 0 20 20\" id=\"large-arrow-down\">\n      <path d=\"M17.418 6.109c.272-.268.709-.268.979 0s.271.701 0 .969l-7.908 7.83c-.27.268-.707.268-.979 0l-7.908-7.83c-.27-.268-.27-.701 0-.969.271-.268.709-.268.979 0L10 13.25l7.418-7.141z\"/>\n    </symbol>\n\n\n    <symbol viewBox=\"0 0 24 24\" id=\"jump-to\">\n      <path d=\"M19 7v4H5.83l3.58-3.59L8 6l-6 6 6 6 1.41-1.41L5.83 13H21V7z\"/>\n    </symbol>\n\n    <symbol viewBox=\"0 0 24 24\" id=\"expand\">\n      <path d=\"M10 18h4v-2h-4v2zM3 6v2h18V6H3zm3 7h12v-2H6v2z\"/>\n    </symbol>\n\n  </defs>\n</svg>\n\n<div id=\"swagger-ui\"></div>\n\n<script src=\"webjars/springfox-swagger-ui/swagger-ui-bundle.js?v=2.9.2\"> </script>\n<script src=\"webjars/springfox-swagger-ui/swagger-ui-standalone-preset.js?v=2.9.2\"> </script>\n<script src=\"webjars/springfox-swagger-ui/springfox.js?v=2.9.2\"> </script>\n</body>\n\n</html>\n",
  "headers": {
    "Vary": "Origin, Access-Control-Request-Method, Access-Control-Request-Headers",
    "Last-Modified": "Fri, 06 Jun 2025 08:22:01 GMT",
    "Accept-Ranges": "bytes",
    "X-Content-Type-Options": "nosniff",
    "X-XSS-Protection": "1; mode=block",
    "Cache-Control": "no-cache, no-store, max-age=0, must-revalidate",
    "Pragma": "no-cache",
    "Expires": "0",
    "X-Frame-Options": "DENY",
    "Content-Type": "text/html",
    "Content-Length": "3318",
    "Date": "Thu, 02 Oct 2025 12:20:48 GMT",
    "Keep-Alive": "timeout=60",
    "Connection": "keep-alive"
  }
}
-----------------------------

Reason: 📦 Unexpected Content-Type: 
--- Request ---
{
  "method": "OPTIONS",
  "url": "/",
  "headers": {
    "Content-Type": "application/json"
  },
  "body": null,
  "parameters": []
}
--- Response ---
{
  "status": 200,
  "body": "",
  "headers": {
    "Allow": "GET,HEAD,POST,PUT,PATCH,DELETE,OPTIONS",
    "X-Content-Type-Options": "nosniff",
    "X-XSS-Protection": "1; mode=block",
    "Cache-Control": "no-cache, no-store, max-age=0, must-revalidate",
    "Pragma": "no-cache",
    "Expires": "0",
    "X-Frame-Options": "DENY",
    "Content-Length": "0",
    "Date": "Thu, 02 Oct 2025 12:20:48 GMT",
    "Keep-Alive": "timeout=60",
    "Connection": "keep-alive"
  }
}
-----------------------------

Reason: 📦 Unexpected Content-Type: text/html
--- Request ---
{
  "method": "PATCH",
  "url": "/",
  "headers": {
    "Content-Type": "application/json"
  },
  "body": null,
  "parameters": []
}
--- Response ---
{
  "status": 200,
  "body": "<!-- HTML for static distribution bundle build -->\n<!DOCTYPE html>\n<html lang=\"en\">\n<head>\n  <meta charset=\"UTF-8\">\n  <title>Swagger UI</title>\n  <link rel=\"stylesheet\" type=\"text/css\" href=\"webjars/springfox-swagger-ui/springfox.css?v=2.9.2\" >\n  <link rel=\"stylesheet\" type=\"text/css\" href=\"webjars/springfox-swagger-ui/swagger-ui.css?v=2.9.2\" >\n  <link rel=\"icon\" type=\"image/png\" href=\"webjars/springfox-swagger-ui/favicon-32x32.png?v=2.9.2\" sizes=\"32x32\" />\n  <link rel=\"icon\" type=\"image/png\" href=\"webjars/springfox-swagger-ui/favicon-16x16.png?v=2.9.2\" sizes=\"16x16\" />\n  <style>\n    html\n    {\n      box-sizing: border-box;\n      overflow: -moz-scrollbars-vertical;\n      overflow-y: scroll;\n    }\n    *,\n    *:before,\n    *:after\n    {\n      box-sizing: inherit;\n    }\n\n    body {\n      margin:0;\n      background: #fafafa;\n    }\n  </style>\n</head>\n\n<body>\n\n<svg xmlns=\"http://www.w3.org/2000/svg\" xmlns:xlink=\"http://www.w3.org/1999/xlink\" style=\"position:absolute;width:0;height:0\">\n  <defs>\n    <symbol viewBox=\"0 0 20 20\" id=\"unlocked\">\n      <path d=\"M15.8 8H14V5.6C14 2.703 12.665 1 10 1 7.334 1 6 2.703 6 5.6V6h2v-.801C8 3.754 8.797 3 10 3c1.203 0 2 .754 2 2.199V8H4c-.553 0-1 .646-1 1.199V17c0 .549.428 1.139.951 1.307l1.197.387C5.672 18.861 6.55 19 7.1 19h5.8c.549 0 1.428-.139 1.951-.307l1.196-.387c.524-.167.953-.757.953-1.306V9.199C17 8.646 16.352 8 15.8 8z\"></path>\n    </symbol>\n\n    <symbol viewBox=\"0 0 20 20\" id=\"locked\">\n      <path d=\"M15.8 8H14V5.6C14 2.703 12.665 1 10 1 7.334 1 6 2.703 6 5.6V8H4c-.553 0-1 .646-1 1.199V17c0 .549.428 1.139.951 1.307l1.197.387C5.672 18.861 6.55 19 7.1 19h5.8c.549 0 1.428-.139 1.951-.307l1.196-.387c.524-.167.953-.757.953-1.306V9.199C17 8.646 16.352 8 15.8 8zM12 8H8V5.199C8 3.754 8.797 3 10 3c1.203 0 2 .754 2 2.199V8z\"/>\n    </symbol>\n\n    <symbol viewBox=\"0 0 20 20\" id=\"close\">\n      <path d=\"M14.348 14.849c-.469.469-1.229.469-1.697 0L10 11.819l-2.651 3.029c-.469.469-1.229.469-1.697 0-.469-.469-.469-1.229 0-1.697l2.758-3.15-2.759-3.152c-.469-.469-.469-1.228 0-1.697.469-.469 1.228-.469 1.697 0L10 8.183l2.651-3.031c.469-.469 1.228-.469 1.697 0 .469.469.469 1.229 0 1.697l-2.758 3.152 2.758 3.15c.469.469.469 1.229 0 1.698z\"/>\n    </symbol>\n\n    <symbol viewBox=\"0 0 20 20\" id=\"large-arrow\">\n      <path d=\"M13.25 10L6.109 2.58c-.268-.27-.268-.707 0-.979.268-.27.701-.27.969 0l7.83 7.908c.268.271.268.709 0 .979l-7.83 7.908c-.268.271-.701.27-.969 0-.268-.269-.268-.707 0-.979L13.25 10z\"/>\n    </symbol>\n\n    <symbol viewBox=\"0 0 20 20\" id=\"large-arrow-down\">\n      <path d=\"M17.418 6.109c.272-.268.709-.268.979 0s.271.701 0 .969l-7.908 7.83c-.27.268-.707.268-.979 0l-7.908-7.83c-.27-.268-.27-.701 0-.969.271-.268.709-.268.979 0L10 13.25l7.418-7.141z\"/>\n    </symbol>\n\n\n    <symbol viewBox=\"0 0 24 24\" id=\"jump-to\">\n      <path d=\"M19 7v4H5.83l3.58-3.59L8 6l-6 6 6 6 1.41-1.41L5.83 13H21V7z\"/>\n    </symbol>\n\n    <symbol viewBox=\"0 0 24 24\" id=\"expand\">\n      <path d=\"M10 18h4v-2h-4v2zM3 6v2h18V6H3zm3 7h12v-2H6v2z\"/>\n    </symbol>\n\n  </defs>\n</svg>\n\n<div id=\"swagger-ui\"></div>\n\n<script src=\"webjars/springfox-swagger-ui/swagger-ui-bundle.js?v=2.9.2\"> </script>\n<script src=\"webjars/springfox-swagger-ui/swagger-ui-standalone-preset.js?v=2.9.2\"> </script>\n<script src=\"webjars/springfox-swagger-ui/springfox.js?v=2.9.2\"> </script>\n</body>\n\n</html>\n",
  "headers": {
    "Vary": "Origin, Access-Control-Request-Method, Access-Control-Request-Headers",
    "Last-Modified": "Fri, 06 Jun 2025 08:22:01 GMT",
    "Accept-Ranges": "bytes",
    "X-Content-Type-Options": "nosniff",
    "X-XSS-Protection": "1; mode=block",
    "Cache-Control": "no-cache, no-store, max-age=0, must-revalidate",
    "Pragma": "no-cache",
    "Expires": "0",
    "X-Frame-Options": "DENY",
    "Content-Type": "text/html",
    "Content-Length": "3318",
    "Date": "Thu, 02 Oct 2025 12:20:48 GMT",
    "Keep-Alive": "timeout=60",
    "Connection": "keep-alive"
  }
}
-----------------------------

Reason: 📦 Unexpected Content-Type: 
--- Request ---
{
  "method": "OPTIONS",
  "url": "/error",
  "headers": {
    "Content-Type": "application/json"
  },
  "body": null,
  "parameters": []
}
--- Response ---
{
  "status": 200,
  "body": "",
  "headers": {
    "Allow": "GET,HEAD,POST,PUT,PATCH,DELETE,OPTIONS",
    "X-Content-Type-Options": "nosniff",
    "X-XSS-Protection": "1; mode=block",
    "Cache-Control": "no-cache, no-store, max-age=0, must-revalidate",
    "Pragma": "no-cache",
    "Expires": "0",
    "X-Frame-Options": "DENY",
    "Content-Length": "0",
    "Date": "Thu, 02 Oct 2025 12:20:49 GMT",
    "Keep-Alive": "timeout=60",
    "Connection": "keep-alive"
  }
}
-----------------------------

Reason: 📦 Unexpected Content-Type: text/html
--- Request ---
{
  "method": "HEAD",
  "url": "/",
  "headers": {
    "Content-Type": "application/json"
  },
  "body": null,
  "parameters": []
}
--- Response ---
{
  "status": 200,
  "body": "",
  "headers": {
    "Vary": "Origin, Access-Control-Request-Method, Access-Control-Request-Headers",
    "Last-Modified": "Fri, 06 Jun 2025 08:22:01 GMT",
    "Accept-Ranges": "bytes",
    "X-Content-Type-Options": "nosniff",
    "X-XSS-Protection": "1; mode=block",
    "Cache-Control": "no-cache, no-store, max-age=0, must-revalidate",
    "Pragma": "no-cache",
    "Expires": "0",
    "X-Frame-Options": "DENY",
    "Content-Type": "text/html",
    "Content-Length": "3318",
    "Date": "Thu, 02 Oct 2025 12:20:49 GMT",
    "Keep-Alive": "timeout=60",
    "Connection": "keep-alive"
  }
}
-----------------------------

Reason: 📦 Unexpected Content-Type: text/html
--- Request ---
{
  "method": "GET",
  "url": "/",
  "headers": {
    "Content-Type": "application/json"
  },
  "body": null,
  "parameters": []
}
--- Response ---
{
  "status": 200,
  "body": "<!-- HTML for static distribution bundle build -->\n<!DOCTYPE html>\n<html lang=\"en\">\n<head>\n  <meta charset=\"UTF-8\">\n  <title>Swagger UI</title>\n  <link rel=\"stylesheet\" type=\"text/css\" href=\"webjars/springfox-swagger-ui/springfox.css?v=2.9.2\" >\n  <link rel=\"stylesheet\" type=\"text/css\" href=\"webjars/springfox-swagger-ui/swagger-ui.css?v=2.9.2\" >\n  <link rel=\"icon\" type=\"image/png\" href=\"webjars/springfox-swagger-ui/favicon-32x32.png?v=2.9.2\" sizes=\"32x32\" />\n  <link rel=\"icon\" type=\"image/png\" href=\"webjars/springfox-swagger-ui/favicon-16x16.png?v=2.9.2\" sizes=\"16x16\" />\n  <style>\n    html\n    {\n      box-sizing: border-box;\n      overflow: -moz-scrollbars-vertical;\n      overflow-y: scroll;\n    }\n    *,\n    *:before,\n    *:after\n    {\n      box-sizing: inherit;\n    }\n\n    body {\n      margin:0;\n      background: #fafafa;\n    }\n  </style>\n</head>\n\n<body>\n\n<svg xmlns=\"http://www.w3.org/2000/svg\" xmlns:xlink=\"http://www.w3.org/1999/xlink\" style=\"position:absolute;width:0;height:0\">\n  <defs>\n    <symbol viewBox=\"0 0 20 20\" id=\"unlocked\">\n      <path d=\"M15.8 8H14V5.6C14 2.703 12.665 1 10 1 7.334 1 6 2.703 6 5.6V6h2v-.801C8 3.754 8.797 3 10 3c1.203 0 2 .754 2 2.199V8H4c-.553 0-1 .646-1 1.199V17c0 .549.428 1.139.951 1.307l1.197.387C5.672 18.861 6.55 19 7.1 19h5.8c.549 0 1.428-.139 1.951-.307l1.196-.387c.524-.167.953-.757.953-1.306V9.199C17 8.646 16.352 8 15.8 8z\"></path>\n    </symbol>\n\n    <symbol viewBox=\"0 0 20 20\" id=\"locked\">\n      <path d=\"M15.8 8H14V5.6C14 2.703 12.665 1 10 1 7.334 1 6 2.703 6 5.6V8H4c-.553 0-1 .646-1 1.199V17c0 .549.428 1.139.951 1.307l1.197.387C5.672 18.861 6.55 19 7.1 19h5.8c.549 0 1.428-.139 1.951-.307l1.196-.387c.524-.167.953-.757.953-1.306V9.199C17 8.646 16.352 8 15.8 8zM12 8H8V5.199C8 3.754 8.797 3 10 3c1.203 0 2 .754 2 2.199V8z\"/>\n    </symbol>\n\n    <symbol viewBox=\"0 0 20 20\" id=\"close\">\n      <path d=\"M14.348 14.849c-.469.469-1.229.469-1.697 0L10 11.819l-2.651 3.029c-.469.469-1.229.469-1.697 0-.469-.469-.469-1.229 0-1.697l2.758-3.15-2.759-3.152c-.469-.469-.469-1.228 0-1.697.469-.469 1.228-.469 1.697 0L10 8.183l2.651-3.031c.469-.469 1.228-.469 1.697 0 .469.469.469 1.229 0 1.697l-2.758 3.152 2.758 3.15c.469.469.469 1.229 0 1.698z\"/>\n    </symbol>\n\n    <symbol viewBox=\"0 0 20 20\" id=\"large-arrow\">\n      <path d=\"M13.25 10L6.109 2.58c-.268-.27-.268-.707 0-.979.268-.27.701-.27.969 0l7.83 7.908c.268.271.268.709 0 .979l-7.83 7.908c-.268.271-.701.27-.969 0-.268-.269-.268-.707 0-.979L13.25 10z\"/>\n    </symbol>\n\n    <symbol viewBox=\"0 0 20 20\" id=\"large-arrow-down\">\n      <path d=\"M17.418 6.109c.272-.268.709-.268.979 0s.271.701 0 .969l-7.908 7.83c-.27.268-.707.268-.979 0l-7.908-7.83c-.27-.268-.27-.701 0-.969.271-.268.709-.268.979 0L10 13.25l7.418-7.141z\"/>\n    </symbol>\n\n\n    <symbol viewBox=\"0 0 24 24\" id=\"jump-to\">\n      <path d=\"M19 7v4H5.83l3.58-3.59L8 6l-6 6 6 6 1.41-1.41L5.83 13H21V7z\"/>\n    </symbol>\n\n    <symbol viewBox=\"0 0 24 24\" id=\"expand\">\n      <path d=\"M10 18h4v-2h-4v2zM3 6v2h18V6H3zm3 7h12v-2H6v2z\"/>\n    </symbol>\n\n  </defs>\n</svg>\n\n<div id=\"swagger-ui\"></div>\n\n<script src=\"webjars/springfox-swagger-ui/swagger-ui-bundle.js?v=2.9.2\"> </script>\n<script src=\"webjars/springfox-swagger-ui/swagger-ui-standalone-preset.js?v=2.9.2\"> </script>\n<script src=\"webjars/springfox-swagger-ui/springfox.js?v=2.9.2\"> </script>\n</body>\n\n</html>\n",
  "headers": {
    "Vary": "Origin, Access-Control-Request-Method, Access-Control-Request-Headers",
    "Last-Modified": "Fri, 06 Jun 2025 08:22:01 GMT",
    "Accept-Ranges": "bytes",
    "X-Content-Type-Options": "nosniff",
    "X-XSS-Protection": "1; mode=block",
    "Cache-Control": "no-cache, no-store, max-age=0, must-revalidate",
    "Pragma": "no-cache",
    "Expires": "0",
    "X-Frame-Options": "DENY",
    "Content-Type": "text/html",
    "Content-Length": "3318",
    "Date": "Thu, 02 Oct 2025 12:20:55 GMT",
    "Keep-Alive": "timeout=60",
    "Connection": "keep-alive"
  }
}
-----------------------------

Reason: 📦 Unexpected Content-Type: text/html
--- Request ---
{
  "method": "GET",
  "url": "/",
  "headers": {
    "Content-Type": "application/json"
  },
  "body": null,
  "parameters": []
}
--- Response ---
{
  "status": 200,
  "body": "<!-- HTML for static distribution bundle build -->\n<!DOCTYPE html>\n<html lang=\"en\">\n<head>\n  <meta charset=\"UTF-8\">\n  <title>Swagger UI</title>\n  <link rel=\"stylesheet\" type=\"text/css\" href=\"webjars/springfox-swagger-ui/springfox.css?v=2.9.2\" >\n  <link rel=\"stylesheet\" type=\"text/css\" href=\"webjars/springfox-swagger-ui/swagger-ui.css?v=2.9.2\" >\n  <link rel=\"icon\" type=\"image/png\" href=\"webjars/springfox-swagger-ui/favicon-32x32.png?v=2.9.2\" sizes=\"32x32\" />\n  <link rel=\"icon\" type=\"image/png\" href=\"webjars/springfox-swagger-ui/favicon-16x16.png?v=2.9.2\" sizes=\"16x16\" />\n  <style>\n    html\n    {\n      box-sizing: border-box;\n      overflow: -moz-scrollbars-vertical;\n      overflow-y: scroll;\n    }\n    *,\n    *:before,\n    *:after\n    {\n      box-sizing: inherit;\n    }\n\n    body {\n      margin:0;\n      background: #fafafa;\n    }\n  </style>\n</head>\n\n<body>\n\n<svg xmlns=\"http://www.w3.org/2000/svg\" xmlns:xlink=\"http://www.w3.org/1999/xlink\" style=\"position:absolute;width:0;height:0\">\n  <defs>\n    <symbol viewBox=\"0 0 20 20\" id=\"unlocked\">\n      <path d=\"M15.8 8H14V5.6C14 2.703 12.665 1 10 1 7.334 1 6 2.703 6 5.6V6h2v-.801C8 3.754 8.797 3 10 3c1.203 0 2 .754 2 2.199V8H4c-.553 0-1 .646-1 1.199V17c0 .549.428 1.139.951 1.307l1.197.387C5.672 18.861 6.55 19 7.1 19h5.8c.549 0 1.428-.139 1.951-.307l1.196-.387c.524-.167.953-.757.953-1.306V9.199C17 8.646 16.352 8 15.8 8z\"></path>\n    </symbol>\n\n    <symbol viewBox=\"0 0 20 20\" id=\"locked\">\n      <path d=\"M15.8 8H14V5.6C14 2.703 12.665 1 10 1 7.334 1 6 2.703 6 5.6V8H4c-.553 0-1 .646-1 1.199V17c0 .549.428 1.139.951 1.307l1.197.387C5.672 18.861 6.55 19 7.1 19h5.8c.549 0 1.428-.139 1.951-.307l1.196-.387c.524-.167.953-.757.953-1.306V9.199C17 8.646 16.352 8 15.8 8zM12 8H8V5.199C8 3.754 8.797 3 10 3c1.203 0 2 .754 2 2.199V8z\"/>\n    </symbol>\n\n    <symbol viewBox=\"0 0 20 20\" id=\"close\">\n      <path d=\"M14.348 14.849c-.469.469-1.229.469-1.697 0L10 11.819l-2.651 3.029c-.469.469-1.229.469-1.697 0-.469-.469-.469-1.229 0-1.697l2.758-3.15-2.759-3.152c-.469-.469-.469-1.228 0-1.697.469-.469 1.228-.469 1.697 0L10 8.183l2.651-3.031c.469-.469 1.228-.469 1.697 0 .469.469.469 1.229 0 1.697l-2.758 3.152 2.758 3.15c.469.469.469 1.229 0 1.698z\"/>\n    </symbol>\n\n    <symbol viewBox=\"0 0 20 20\" id=\"large-arrow\">\n      <path d=\"M13.25 10L6.109 2.58c-.268-.27-.268-.707 0-.979.268-.27.701-.27.969 0l7.83 7.908c.268.271.268.709 0 .979l-7.83 7.908c-.268.271-.701.27-.969 0-.268-.269-.268-.707 0-.979L13.25 10z\"/>\n    </symbol>\n\n    <symbol viewBox=\"0 0 20 20\" id=\"large-arrow-down\">\n      <path d=\"M17.418 6.109c.272-.268.709-.268.979 0s.271.701 0 .969l-7.908 7.83c-.27.268-.707.268-.979 0l-7.908-7.83c-.27-.268-.27-.701 0-.969.271-.268.709-.268.979 0L10 13.25l7.418-7.141z\"/>\n    </symbol>\n\n\n    <symbol viewBox=\"0 0 24 24\" id=\"jump-to\">\n      <path d=\"M19 7v4H5.83l3.58-3.59L8 6l-6 6 6 6 1.41-1.41L5.83 13H21V7z\"/>\n    </symbol>\n\n    <symbol viewBox=\"0 0 24 24\" id=\"expand\">\n      <path d=\"M10 18h4v-2h-4v2zM3 6v2h18V6H3zm3 7h12v-2H6v2z\"/>\n    </symbol>\n\n  </defs>\n</svg>\n\n<div id=\"swagger-ui\"></div>\n\n<script src=\"webjars/springfox-swagger-ui/swagger-ui-bundle.js?v=2.9.2\"> </script>\n<script src=\"webjars/springfox-swagger-ui/swagger-ui-standalone-preset.js?v=2.9.2\"> </script>\n<script src=\"webjars/springfox-swagger-ui/springfox.js?v=2.9.2\"> </script>\n</body>\n\n</html>\n",
  "headers": {
    "Vary": "Origin, Access-Control-Request-Method, Access-Control-Request-Headers",
    "Last-Modified": "Fri, 06 Jun 2025 08:22:01 GMT",
    "Accept-Ranges": "bytes",
    "X-Content-Type-Options": "nosniff",
    "X-XSS-Protection": "1; mode=block",
    "Cache-Control": "no-cache, no-store, max-age=0, must-revalidate",
    "Pragma": "no-cache",
    "Expires": "0",
    "X-Frame-Options": "DENY",
    "Content-Type": "text/html",
    "Content-Length": "3318",
    "Date": "Thu, 02 Oct 2025 12:20:57 GMT",
    "Keep-Alive": "timeout=60",
    "Connection": "keep-alive"
  }
}
-----------------------------

Reason: 📦 Unexpected Content-Type: text/html
--- Request ---
{
  "method": "GET",
  "url": "/",
  "headers": {
    "Content-Type": "application/json"
  },
  "body": null,
  "parameters": []
}
--- Response ---
{
  "status": 200,
  "body": "<!-- HTML for static distribution bundle build -->\n<!DOCTYPE html>\n<html lang=\"en\">\n<head>\n  <meta charset=\"UTF-8\">\n  <title>Swagger UI</title>\n  <link rel=\"stylesheet\" type=\"text/css\" href=\"webjars/springfox-swagger-ui/springfox.css?v=2.9.2\" >\n  <link rel=\"stylesheet\" type=\"text/css\" href=\"webjars/springfox-swagger-ui/swagger-ui.css?v=2.9.2\" >\n  <link rel=\"icon\" type=\"image/png\" href=\"webjars/springfox-swagger-ui/favicon-32x32.png?v=2.9.2\" sizes=\"32x32\" />\n  <link rel=\"icon\" type=\"image/png\" href=\"webjars/springfox-swagger-ui/favicon-16x16.png?v=2.9.2\" sizes=\"16x16\" />\n  <style>\n    html\n    {\n      box-sizing: border-box;\n      overflow: -moz-scrollbars-vertical;\n      overflow-y: scroll;\n    }\n    *,\n    *:before,\n    *:after\n    {\n      box-sizing: inherit;\n    }\n\n    body {\n      margin:0;\n      background: #fafafa;\n    }\n  </style>\n</head>\n\n<body>\n\n<svg xmlns=\"http://www.w3.org/2000/svg\" xmlns:xlink=\"http://www.w3.org/1999/xlink\" style=\"position:absolute;width:0;height:0\">\n  <defs>\n    <symbol viewBox=\"0 0 20 20\" id=\"unlocked\">\n      <path d=\"M15.8 8H14V5.6C14 2.703 12.665 1 10 1 7.334 1 6 2.703 6 5.6V6h2v-.801C8 3.754 8.797 3 10 3c1.203 0 2 .754 2 2.199V8H4c-.553 0-1 .646-1 1.199V17c0 .549.428 1.139.951 1.307l1.197.387C5.672 18.861 6.55 19 7.1 19h5.8c.549 0 1.428-.139 1.951-.307l1.196-.387c.524-.167.953-.757.953-1.306V9.199C17 8.646 16.352 8 15.8 8z\"></path>\n    </symbol>\n\n    <symbol viewBox=\"0 0 20 20\" id=\"locked\">\n      <path d=\"M15.8 8H14V5.6C14 2.703 12.665 1 10 1 7.334 1 6 2.703 6 5.6V8H4c-.553 0-1 .646-1 1.199V17c0 .549.428 1.139.951 1.307l1.197.387C5.672 18.861 6.55 19 7.1 19h5.8c.549 0 1.428-.139 1.951-.307l1.196-.387c.524-.167.953-.757.953-1.306V9.199C17 8.646 16.352 8 15.8 8zM12 8H8V5.199C8 3.754 8.797 3 10 3c1.203 0 2 .754 2 2.199V8z\"/>\n    </symbol>\n\n    <symbol viewBox=\"0 0 20 20\" id=\"close\">\n      <path d=\"M14.348 14.849c-.469.469-1.229.469-1.697 0L10 11.819l-2.651 3.029c-.469.469-1.229.469-1.697 0-.469-.469-.469-1.229 0-1.697l2.758-3.15-2.759-3.152c-.469-.469-.469-1.228 0-1.697.469-.469 1.228-.469 1.697 0L10 8.183l2.651-3.031c.469-.469 1.228-.469 1.697 0 .469.469.469 1.229 0 1.697l-2.758 3.152 2.758 3.15c.469.469.469 1.229 0 1.698z\"/>\n    </symbol>\n\n    <symbol viewBox=\"0 0 20 20\" id=\"large-arrow\">\n      <path d=\"M13.25 10L6.109 2.58c-.268-.27-.268-.707 0-.979.268-.27.701-.27.969 0l7.83 7.908c.268.271.268.709 0 .979l-7.83 7.908c-.268.271-.701.27-.969 0-.268-.269-.268-.707 0-.979L13.25 10z\"/>\n    </symbol>\n\n    <symbol viewBox=\"0 0 20 20\" id=\"large-arrow-down\">\n      <path d=\"M17.418 6.109c.272-.268.709-.268.979 0s.271.701 0 .969l-7.908 7.83c-.27.268-.707.268-.979 0l-7.908-7.83c-.27-.268-.27-.701 0-.969.271-.268.709-.268.979 0L10 13.25l7.418-7.141z\"/>\n    </symbol>\n\n\n    <symbol viewBox=\"0 0 24 24\" id=\"jump-to\">\n      <path d=\"M19 7v4H5.83l3.58-3.59L8 6l-6 6 6 6 1.41-1.41L5.83 13H21V7z\"/>\n    </symbol>\n\n    <symbol viewBox=\"0 0 24 24\" id=\"expand\">\n      <path d=\"M10 18h4v-2h-4v2zM3 6v2h18V6H3zm3 7h12v-2H6v2z\"/>\n    </symbol>\n\n  </defs>\n</svg>\n\n<div id=\"swagger-ui\"></div>\n\n<script src=\"webjars/springfox-swagger-ui/swagger-ui-bundle.js?v=2.9.2\"> </script>\n<script src=\"webjars/springfox-swagger-ui/swagger-ui-standalone-preset.js?v=2.9.2\"> </script>\n<script src=\"webjars/springfox-swagger-ui/springfox.js?v=2.9.2\"> </script>\n</body>\n\n</html>\n",
  "headers": {
    "Vary": "Origin, Access-Control-Request-Method, Access-Control-Request-Headers",
    "Last-Modified": "Fri, 06 Jun 2025 08:22:01 GMT",
    "Accept-Ranges": "bytes",
    "X-Content-Type-Options": "nosniff",
    "X-XSS-Protection": "1; mode=block",
    "Cache-Control": "no-cache, no-store, max-age=0, must-revalidate",
    "Pragma": "no-cache",
    "Expires": "0",
    "X-Frame-Options": "DENY",
    "Content-Type": "text/html",
    "Content-Length": "3318",
    "Date": "Thu, 02 Oct 2025 12:20:58 GMT",
    "Keep-Alive": "timeout=60",
    "Connection": "keep-alive"
  }
}
-----------------------------

Reason: 📦 Unexpected Content-Type: text/html
--- Request ---
{
  "method": "GET",
  "url": "/",
  "headers": {
    "Content-Type": "application/json"
  },
  "body": null,
  "parameters": []
}
--- Response ---
{
  "status": 200,
  "body": "<!-- HTML for static distribution bundle build -->\n<!DOCTYPE html>\n<html lang=\"en\">\n<head>\n  <meta charset=\"UTF-8\">\n  <title>Swagger UI</title>\n  <link rel=\"stylesheet\" type=\"text/css\" href=\"webjars/springfox-swagger-ui/springfox.css?v=2.9.2\" >\n  <link rel=\"stylesheet\" type=\"text/css\" href=\"webjars/springfox-swagger-ui/swagger-ui.css?v=2.9.2\" >\n  <link rel=\"icon\" type=\"image/png\" href=\"webjars/springfox-swagger-ui/favicon-32x32.png?v=2.9.2\" sizes=\"32x32\" />\n  <link rel=\"icon\" type=\"image/png\" href=\"webjars/springfox-swagger-ui/favicon-16x16.png?v=2.9.2\" sizes=\"16x16\" />\n  <style>\n    html\n    {\n      box-sizing: border-box;\n      overflow: -moz-scrollbars-vertical;\n      overflow-y: scroll;\n    }\n    *,\n    *:before,\n    *:after\n    {\n      box-sizing: inherit;\n    }\n\n    body {\n      margin:0;\n      background: #fafafa;\n    }\n  </style>\n</head>\n\n<body>\n\n<svg xmlns=\"http://www.w3.org/2000/svg\" xmlns:xlink=\"http://www.w3.org/1999/xlink\" style=\"position:absolute;width:0;height:0\">\n  <defs>\n    <symbol viewBox=\"0 0 20 20\" id=\"unlocked\">\n      <path d=\"M15.8 8H14V5.6C14 2.703 12.665 1 10 1 7.334 1 6 2.703 6 5.6V6h2v-.801C8 3.754 8.797 3 10 3c1.203 0 2 .754 2 2.199V8H4c-.553 0-1 .646-1 1.199V17c0 .549.428 1.139.951 1.307l1.197.387C5.672 18.861 6.55 19 7.1 19h5.8c.549 0 1.428-.139 1.951-.307l1.196-.387c.524-.167.953-.757.953-1.306V9.199C17 8.646 16.352 8 15.8 8z\"></path>\n    </symbol>\n\n    <symbol viewBox=\"0 0 20 20\" id=\"locked\">\n      <path d=\"M15.8 8H14V5.6C14 2.703 12.665 1 10 1 7.334 1 6 2.703 6 5.6V8H4c-.553 0-1 .646-1 1.199V17c0 .549.428 1.139.951 1.307l1.197.387C5.672 18.861 6.55 19 7.1 19h5.8c.549 0 1.428-.139 1.951-.307l1.196-.387c.524-.167.953-.757.953-1.306V9.199C17 8.646 16.352 8 15.8 8zM12 8H8V5.199C8 3.754 8.797 3 10 3c1.203 0 2 .754 2 2.199V8z\"/>\n    </symbol>\n\n    <symbol viewBox=\"0 0 20 20\" id=\"close\">\n      <path d=\"M14.348 14.849c-.469.469-1.229.469-1.697 0L10 11.819l-2.651 3.029c-.469.469-1.229.469-1.697 0-.469-.469-.469-1.229 0-1.697l2.758-3.15-2.759-3.152c-.469-.469-.469-1.228 0-1.697.469-.469 1.228-.469 1.697 0L10 8.183l2.651-3.031c.469-.469 1.228-.469 1.697 0 .469.469.469 1.229 0 1.697l-2.758 3.152 2.758 3.15c.469.469.469 1.229 0 1.698z\"/>\n    </symbol>\n\n    <symbol viewBox=\"0 0 20 20\" id=\"large-arrow\">\n      <path d=\"M13.25 10L6.109 2.58c-.268-.27-.268-.707 0-.979.268-.27.701-.27.969 0l7.83 7.908c.268.271.268.709 0 .979l-7.83 7.908c-.268.271-.701.27-.969 0-.268-.269-.268-.707 0-.979L13.25 10z\"/>\n    </symbol>\n\n    <symbol viewBox=\"0 0 20 20\" id=\"large-arrow-down\">\n      <path d=\"M17.418 6.109c.272-.268.709-.268.979 0s.271.701 0 .969l-7.908 7.83c-.27.268-.707.268-.979 0l-7.908-7.83c-.27-.268-.27-.701 0-.969.271-.268.709-.268.979 0L10 13.25l7.418-7.141z\"/>\n    </symbol>\n\n\n    <symbol viewBox=\"0 0 24 24\" id=\"jump-to\">\n      <path d=\"M19 7v4H5.83l3.58-3.59L8 6l-6 6 6 6 1.41-1.41L5.83 13H21V7z\"/>\n    </symbol>\n\n    <symbol viewBox=\"0 0 24 24\" id=\"expand\">\n      <path d=\"M10 18h4v-2h-4v2zM3 6v2h18V6H3zm3 7h12v-2H6v2z\"/>\n    </symbol>\n\n  </defs>\n</svg>\n\n<div id=\"swagger-ui\"></div>\n\n<script src=\"webjars/springfox-swagger-ui/swagger-ui-bundle.js?v=2.9.2\"> </script>\n<script src=\"webjars/springfox-swagger-ui/swagger-ui-standalone-preset.js?v=2.9.2\"> </script>\n<script src=\"webjars/springfox-swagger-ui/springfox.js?v=2.9.2\"> </script>\n</body>\n\n</html>\n",
  "headers": {
    "Vary": "Origin, Access-Control-Request-Method, Access-Control-Request-Headers",
    "Last-Modified": "Fri, 06 Jun 2025 08:22:01 GMT",
    "Accept-Ranges": "bytes",
    "X-Content-Type-Options": "nosniff",
    "X-XSS-Protection": "1; mode=block",
    "Cache-Control": "no-cache, no-store, max-age=0, must-revalidate",
    "Pragma": "no-cache",
    "Expires": "0",
    "X-Frame-Options": "DENY",
    "Content-Type": "text/html",
    "Content-Length": "3318",
    "Date": "Thu, 02 Oct 2025 12:21:01 GMT",
    "Keep-Alive": "timeout=60",
    "Connection": "keep-alive"
  }
}
-----------------------------

Reason: 📦 Unexpected Content-Type: text/html
--- Request ---
{
  "method": "POST",
  "url": "/",
  "headers": {
    "Content-Type": "application/json"
  },
  "body": null,
  "parameters": []
}
--- Response ---
{
  "status": 200,
  "body": "<!-- HTML for static distribution bundle build -->\n<!DOCTYPE html>\n<html lang=\"en\">\n<head>\n  <meta charset=\"UTF-8\">\n  <title>Swagger UI</title>\n  <link rel=\"stylesheet\" type=\"text/css\" href=\"webjars/springfox-swagger-ui/springfox.css?v=2.9.2\" >\n  <link rel=\"stylesheet\" type=\"text/css\" href=\"webjars/springfox-swagger-ui/swagger-ui.css?v=2.9.2\" >\n  <link rel=\"icon\" type=\"image/png\" href=\"webjars/springfox-swagger-ui/favicon-32x32.png?v=2.9.2\" sizes=\"32x32\" />\n  <link rel=\"icon\" type=\"image/png\" href=\"webjars/springfox-swagger-ui/favicon-16x16.png?v=2.9.2\" sizes=\"16x16\" />\n  <style>\n    html\n    {\n      box-sizing: border-box;\n      overflow: -moz-scrollbars-vertical;\n      overflow-y: scroll;\n    }\n    *,\n    *:before,\n    *:after\n    {\n      box-sizing: inherit;\n    }\n\n    body {\n      margin:0;\n      background: #fafafa;\n    }\n  </style>\n</head>\n\n<body>\n\n<svg xmlns=\"http://www.w3.org/2000/svg\" xmlns:xlink=\"http://www.w3.org/1999/xlink\" style=\"position:absolute;width:0;height:0\">\n  <defs>\n    <symbol viewBox=\"0 0 20 20\" id=\"unlocked\">\n      <path d=\"M15.8 8H14V5.6C14 2.703 12.665 1 10 1 7.334 1 6 2.703 6 5.6V6h2v-.801C8 3.754 8.797 3 10 3c1.203 0 2 .754 2 2.199V8H4c-.553 0-1 .646-1 1.199V17c0 .549.428 1.139.951 1.307l1.197.387C5.672 18.861 6.55 19 7.1 19h5.8c.549 0 1.428-.139 1.951-.307l1.196-.387c.524-.167.953-.757.953-1.306V9.199C17 8.646 16.352 8 15.8 8z\"></path>\n    </symbol>\n\n    <symbol viewBox=\"0 0 20 20\" id=\"locked\">\n      <path d=\"M15.8 8H14V5.6C14 2.703 12.665 1 10 1 7.334 1 6 2.703 6 5.6V8H4c-.553 0-1 .646-1 1.199V17c0 .549.428 1.139.951 1.307l1.197.387C5.672 18.861 6.55 19 7.1 19h5.8c.549 0 1.428-.139 1.951-.307l1.196-.387c.524-.167.953-.757.953-1.306V9.199C17 8.646 16.352 8 15.8 8zM12 8H8V5.199C8 3.754 8.797 3 10 3c1.203 0 2 .754 2 2.199V8z\"/>\n    </symbol>\n\n    <symbol viewBox=\"0 0 20 20\" id=\"close\">\n      <path d=\"M14.348 14.849c-.469.469-1.229.469-1.697 0L10 11.819l-2.651 3.029c-.469.469-1.229.469-1.697 0-.469-.469-.469-1.229 0-1.697l2.758-3.15-2.759-3.152c-.469-.469-.469-1.228 0-1.697.469-.469 1.228-.469 1.697 0L10 8.183l2.651-3.031c.469-.469 1.228-.469 1.697 0 .469.469.469 1.229 0 1.697l-2.758 3.152 2.758 3.15c.469.469.469 1.229 0 1.698z\"/>\n    </symbol>\n\n    <symbol viewBox=\"0 0 20 20\" id=\"large-arrow\">\n      <path d=\"M13.25 10L6.109 2.58c-.268-.27-.268-.707 0-.979.268-.27.701-.27.969 0l7.83 7.908c.268.271.268.709 0 .979l-7.83 7.908c-.268.271-.701.27-.969 0-.268-.269-.268-.707 0-.979L13.25 10z\"/>\n    </symbol>\n\n    <symbol viewBox=\"0 0 20 20\" id=\"large-arrow-down\">\n      <path d=\"M17.418 6.109c.272-.268.709-.268.979 0s.271.701 0 .969l-7.908 7.83c-.27.268-.707.268-.979 0l-7.908-7.83c-.27-.268-.27-.701 0-.969.271-.268.709-.268.979 0L10 13.25l7.418-7.141z\"/>\n    </symbol>\n\n\n    <symbol viewBox=\"0 0 24 24\" id=\"jump-to\">\n      <path d=\"M19 7v4H5.83l3.58-3.59L8 6l-6 6 6 6 1.41-1.41L5.83 13H21V7z\"/>\n    </symbol>\n\n    <symbol viewBox=\"0 0 24 24\" id=\"expand\">\n      <path d=\"M10 18h4v-2h-4v2zM3 6v2h18V6H3zm3 7h12v-2H6v2z\"/>\n    </symbol>\n\n  </defs>\n</svg>\n\n<div id=\"swagger-ui\"></div>\n\n<script src=\"webjars/springfox-swagger-ui/swagger-ui-bundle.js?v=2.9.2\"> </script>\n<script src=\"webjars/springfox-swagger-ui/swagger-ui-standalone-preset.js?v=2.9.2\"> </script>\n<script src=\"webjars/springfox-swagger-ui/springfox.js?v=2.9.2\"> </script>\n</body>\n\n</html>\n",
  "headers": {
    "Vary": "Origin, Access-Control-Request-Method, Access-Control-Request-Headers",
    "Last-Modified": "Fri, 06 Jun 2025 08:22:01 GMT",
    "Accept-Ranges": "bytes",
    "X-Content-Type-Options": "nosniff",
    "X-XSS-Protection": "1; mode=block",
    "Cache-Control": "no-cache, no-store, max-age=0, must-revalidate",
    "Pragma": "no-cache",
    "Expires": "0",
    "X-Frame-Options": "DENY",
    "Content-Type": "text/html",
    "Content-Length": "3318",
    "Date": "Thu, 02 Oct 2025 12:21:05 GMT",
    "Keep-Alive": "timeout=60",
    "Connection": "keep-alive"
  }
}
-----------------------------

Reason: 📦 Unexpected Content-Type: text/html
--- Request ---
{
  "method": "HEAD",
  "url": "/",
  "headers": {
    "Content-Type": "application/json"
  },
  "body": null,
  "parameters": []
}
--- Response ---
{
  "status": 200,
  "body": "",
  "headers": {
    "Vary": "Origin, Access-Control-Request-Method, Access-Control-Request-Headers",
    "Last-Modified": "Fri, 06 Jun 2025 08:22:01 GMT",
    "Accept-Ranges": "bytes",
    "X-Content-Type-Options": "nosniff",
    "X-XSS-Protection": "1; mode=block",
    "Cache-Control": "no-cache, no-store, max-age=0, must-revalidate",
    "Pragma": "no-cache",
    "Expires": "0",
    "X-Frame-Options": "DENY",
    "Content-Type": "text/html",
    "Content-Length": "3318",
    "Date": "Thu, 02 Oct 2025 12:21:05 GMT",
    "Keep-Alive": "timeout=60",
    "Connection": "keep-alive"
  }
}
-----------------------------

Reason: 📦 Unexpected Content-Type: text/html
--- Request ---
{
  "method": "HEAD",
  "url": "/",
  "headers": {
    "Content-Type": "application/json"
  },
  "body": null,
  "parameters": []
}
--- Response ---
{
  "status": 200,
  "body": "",
  "headers": {
    "Vary": "Origin, Access-Control-Request-Method, Access-Control-Request-Headers",
    "Last-Modified": "Fri, 06 Jun 2025 08:22:01 GMT",
    "Accept-Ranges": "bytes",
    "X-Content-Type-Options": "nosniff",
    "X-XSS-Protection": "1; mode=block",
    "Cache-Control": "no-cache, no-store, max-age=0, must-revalidate",
    "Pragma": "no-cache",
    "Expires": "0",
    "X-Frame-Options": "DENY",
    "Content-Type": "text/html",
    "Content-Length": "3318",
    "Date": "Thu, 02 Oct 2025 12:21:09 GMT",
    "Keep-Alive": "timeout=60",
    "Connection": "keep-alive"
  }
}
-----------------------------

Reason: 📦 Unexpected Content-Type: 
--- Request ---
{
  "method": "DELETE",
  "url": "/api/vets/3",
  "headers": {
    "Content-Type": "application/json"
  },
  "body": null,
  "parameters": [
    {
      "name": "vetId",
      "in": "path",
      "description": "vetId",
      "required": true,
      "type": "integer",
      "format": "int32"
    }
  ]
}
--- Response ---
{
  "status": 204,
  "body": "",
  "headers": {
    "Vary": "Origin, Access-Control-Request-Method, Access-Control-Request-Headers",
    "X-Content-Type-Options": "nosniff",
    "X-XSS-Protection": "1; mode=block",
    "Cache-Control": "no-cache, no-store, max-age=0, must-revalidate",
    "Pragma": "no-cache",
    "Expires": "0",
    "X-Frame-Options": "DENY",
    "Date": "Thu, 02 Oct 2025 12:21:10 GMT",
    "Keep-Alive": "timeout=60",
    "Connection": "keep-alive"
  }
}
-----------------------------

Reason: 📦 Unexpected Content-Type: text/html
--- Request ---
{
  "method": "HEAD",
  "url": "/",
  "headers": {
    "Content-Type": "application/json"
  },
  "body": null,
  "parameters": []
}
--- Response ---
{
  "status": 200,
  "body": "",
  "headers": {
    "Vary": "Origin, Access-Control-Request-Method, Access-Control-Request-Headers",
    "Last-Modified": "Fri, 06 Jun 2025 08:22:01 GMT",
    "Accept-Ranges": "bytes",
    "X-Content-Type-Options": "nosniff",
    "X-XSS-Protection": "1; mode=block",
    "Cache-Control": "no-cache, no-store, max-age=0, must-revalidate",
    "Pragma": "no-cache",
    "Expires": "0",
    "X-Frame-Options": "DENY",
    "Content-Type": "text/html",
    "Content-Length": "3318",
    "Date": "Thu, 02 Oct 2025 12:21:12 GMT",
    "Keep-Alive": "timeout=60",
    "Connection": "keep-alive"
  }
}
-----------------------------

Reason: 📦 Unexpected Content-Type: text/html
--- Request ---
{
  "method": "PUT",
  "url": "/",
  "headers": {
    "Content-Type": "application/json"
  },
  "body": null,
  "parameters": []
}
--- Response ---
{
  "status": 200,
  "body": "<!-- HTML for static distribution bundle build -->\n<!DOCTYPE html>\n<html lang=\"en\">\n<head>\n  <meta charset=\"UTF-8\">\n  <title>Swagger UI</title>\n  <link rel=\"stylesheet\" type=\"text/css\" href=\"webjars/springfox-swagger-ui/springfox.css?v=2.9.2\" >\n  <link rel=\"stylesheet\" type=\"text/css\" href=\"webjars/springfox-swagger-ui/swagger-ui.css?v=2.9.2\" >\n  <link rel=\"icon\" type=\"image/png\" href=\"webjars/springfox-swagger-ui/favicon-32x32.png?v=2.9.2\" sizes=\"32x32\" />\n  <link rel=\"icon\" type=\"image/png\" href=\"webjars/springfox-swagger-ui/favicon-16x16.png?v=2.9.2\" sizes=\"16x16\" />\n  <style>\n    html\n    {\n      box-sizing: border-box;\n      overflow: -moz-scrollbars-vertical;\n      overflow-y: scroll;\n    }\n    *,\n    *:before,\n    *:after\n    {\n      box-sizing: inherit;\n    }\n\n    body {\n      margin:0;\n      background: #fafafa;\n    }\n  </style>\n</head>\n\n<body>\n\n<svg xmlns=\"http://www.w3.org/2000/svg\" xmlns:xlink=\"http://www.w3.org/1999/xlink\" style=\"position:absolute;width:0;height:0\">\n  <defs>\n    <symbol viewBox=\"0 0 20 20\" id=\"unlocked\">\n      <path d=\"M15.8 8H14V5.6C14 2.703 12.665 1 10 1 7.334 1 6 2.703 6 5.6V6h2v-.801C8 3.754 8.797 3 10 3c1.203 0 2 .754 2 2.199V8H4c-.553 0-1 .646-1 1.199V17c0 .549.428 1.139.951 1.307l1.197.387C5.672 18.861 6.55 19 7.1 19h5.8c.549 0 1.428-.139 1.951-.307l1.196-.387c.524-.167.953-.757.953-1.306V9.199C17 8.646 16.352 8 15.8 8z\"></path>\n    </symbol>\n\n    <symbol viewBox=\"0 0 20 20\" id=\"locked\">\n      <path d=\"M15.8 8H14V5.6C14 2.703 12.665 1 10 1 7.334 1 6 2.703 6 5.6V8H4c-.553 0-1 .646-1 1.199V17c0 .549.428 1.139.951 1.307l1.197.387C5.672 18.861 6.55 19 7.1 19h5.8c.549 0 1.428-.139 1.951-.307l1.196-.387c.524-.167.953-.757.953-1.306V9.199C17 8.646 16.352 8 15.8 8zM12 8H8V5.199C8 3.754 8.797 3 10 3c1.203 0 2 .754 2 2.199V8z\"/>\n    </symbol>\n\n    <symbol viewBox=\"0 0 20 20\" id=\"close\">\n      <path d=\"M14.348 14.849c-.469.469-1.229.469-1.697 0L10 11.819l-2.651 3.029c-.469.469-1.229.469-1.697 0-.469-.469-.469-1.229 0-1.697l2.758-3.15-2.759-3.152c-.469-.469-.469-1.228 0-1.697.469-.469 1.228-.469 1.697 0L10 8.183l2.651-3.031c.469-.469 1.228-.469 1.697 0 .469.469.469 1.229 0 1.697l-2.758 3.152 2.758 3.15c.469.469.469 1.229 0 1.698z\"/>\n    </symbol>\n\n    <symbol viewBox=\"0 0 20 20\" id=\"large-arrow\">\n      <path d=\"M13.25 10L6.109 2.58c-.268-.27-.268-.707 0-.979.268-.27.701-.27.969 0l7.83 7.908c.268.271.268.709 0 .979l-7.83 7.908c-.268.271-.701.27-.969 0-.268-.269-.268-.707 0-.979L13.25 10z\"/>\n    </symbol>\n\n    <symbol viewBox=\"0 0 20 20\" id=\"large-arrow-down\">\n      <path d=\"M17.418 6.109c.272-.268.709-.268.979 0s.271.701 0 .969l-7.908 7.83c-.27.268-.707.268-.979 0l-7.908-7.83c-.27-.268-.27-.701 0-.969.271-.268.709-.268.979 0L10 13.25l7.418-7.141z\"/>\n    </symbol>\n\n\n    <symbol viewBox=\"0 0 24 24\" id=\"jump-to\">\n      <path d=\"M19 7v4H5.83l3.58-3.59L8 6l-6 6 6 6 1.41-1.41L5.83 13H21V7z\"/>\n    </symbol>\n\n    <symbol viewBox=\"0 0 24 24\" id=\"expand\">\n      <path d=\"M10 18h4v-2h-4v2zM3 6v2h18V6H3zm3 7h12v-2H6v2z\"/>\n    </symbol>\n\n  </defs>\n</svg>\n\n<div id=\"swagger-ui\"></div>\n\n<script src=\"webjars/springfox-swagger-ui/swagger-ui-bundle.js?v=2.9.2\"> </script>\n<script src=\"webjars/springfox-swagger-ui/swagger-ui-standalone-preset.js?v=2.9.2\"> </script>\n<script src=\"webjars/springfox-swagger-ui/springfox.js?v=2.9.2\"> </script>\n</body>\n\n</html>\n",
  "headers": {
    "Vary": "Origin, Access-Control-Request-Method, Access-Control-Request-Headers",
    "Last-Modified": "Fri, 06 Jun 2025 08:22:01 GMT",
    "Accept-Ranges": "bytes",
    "X-Content-Type-Options": "nosniff",
    "X-XSS-Protection": "1; mode=block",
    "Cache-Control": "no-cache, no-store, max-age=0, must-revalidate",
    "Pragma": "no-cache",
    "Expires": "0",
    "X-Frame-Options": "DENY",
    "Content-Type": "text/html",
    "Content-Length": "3318",
    "Date": "Thu, 02 Oct 2025 12:21:13 GMT",
    "Keep-Alive": "timeout=60",
    "Connection": "keep-alive"
  }
}
-----------------------------

Reason: 📦 Unexpected Content-Type: text/html
--- Request ---
{
  "method": "GET",
  "url": "/",
  "headers": {
    "Content-Type": "application/json"
  },
  "body": null,
  "parameters": []
}
--- Response ---
{
  "status": 200,
  "body": "<!-- HTML for static distribution bundle build -->\n<!DOCTYPE html>\n<html lang=\"en\">\n<head>\n  <meta charset=\"UTF-8\">\n  <title>Swagger UI</title>\n  <link rel=\"stylesheet\" type=\"text/css\" href=\"webjars/springfox-swagger-ui/springfox.css?v=2.9.2\" >\n  <link rel=\"stylesheet\" type=\"text/css\" href=\"webjars/springfox-swagger-ui/swagger-ui.css?v=2.9.2\" >\n  <link rel=\"icon\" type=\"image/png\" href=\"webjars/springfox-swagger-ui/favicon-32x32.png?v=2.9.2\" sizes=\"32x32\" />\n  <link rel=\"icon\" type=\"image/png\" href=\"webjars/springfox-swagger-ui/favicon-16x16.png?v=2.9.2\" sizes=\"16x16\" />\n  <style>\n    html\n    {\n      box-sizing: border-box;\n      overflow: -moz-scrollbars-vertical;\n      overflow-y: scroll;\n    }\n    *,\n    *:before,\n    *:after\n    {\n      box-sizing: inherit;\n    }\n\n    body {\n      margin:0;\n      background: #fafafa;\n    }\n  </style>\n</head>\n\n<body>\n\n<svg xmlns=\"http://www.w3.org/2000/svg\" xmlns:xlink=\"http://www.w3.org/1999/xlink\" style=\"position:absolute;width:0;height:0\">\n  <defs>\n    <symbol viewBox=\"0 0 20 20\" id=\"unlocked\">\n      <path d=\"M15.8 8H14V5.6C14 2.703 12.665 1 10 1 7.334 1 6 2.703 6 5.6V6h2v-.801C8 3.754 8.797 3 10 3c1.203 0 2 .754 2 2.199V8H4c-.553 0-1 .646-1 1.199V17c0 .549.428 1.139.951 1.307l1.197.387C5.672 18.861 6.55 19 7.1 19h5.8c.549 0 1.428-.139 1.951-.307l1.196-.387c.524-.167.953-.757.953-1.306V9.199C17 8.646 16.352 8 15.8 8z\"></path>\n    </symbol>\n\n    <symbol viewBox=\"0 0 20 20\" id=\"locked\">\n      <path d=\"M15.8 8H14V5.6C14 2.703 12.665 1 10 1 7.334 1 6 2.703 6 5.6V8H4c-.553 0-1 .646-1 1.199V17c0 .549.428 1.139.951 1.307l1.197.387C5.672 18.861 6.55 19 7.1 19h5.8c.549 0 1.428-.139 1.951-.307l1.196-.387c.524-.167.953-.757.953-1.306V9.199C17 8.646 16.352 8 15.8 8zM12 8H8V5.199C8 3.754 8.797 3 10 3c1.203 0 2 .754 2 2.199V8z\"/>\n    </symbol>\n\n    <symbol viewBox=\"0 0 20 20\" id=\"close\">\n      <path d=\"M14.348 14.849c-.469.469-1.229.469-1.697 0L10 11.819l-2.651 3.029c-.469.469-1.229.469-1.697 0-.469-.469-.469-1.229 0-1.697l2.758-3.15-2.759-3.152c-.469-.469-.469-1.228 0-1.697.469-.469 1.228-.469 1.697 0L10 8.183l2.651-3.031c.469-.469 1.228-.469 1.697 0 .469.469.469 1.229 0 1.697l-2.758 3.152 2.758 3.15c.469.469.469 1.229 0 1.698z\"/>\n    </symbol>\n\n    <symbol viewBox=\"0 0 20 20\" id=\"large-arrow\">\n      <path d=\"M13.25 10L6.109 2.58c-.268-.27-.268-.707 0-.979.268-.27.701-.27.969 0l7.83 7.908c.268.271.268.709 0 .979l-7.83 7.908c-.268.271-.701.27-.969 0-.268-.269-.268-.707 0-.979L13.25 10z\"/>\n    </symbol>\n\n    <symbol viewBox=\"0 0 20 20\" id=\"large-arrow-down\">\n      <path d=\"M17.418 6.109c.272-.268.709-.268.979 0s.271.701 0 .969l-7.908 7.83c-.27.268-.707.268-.979 0l-7.908-7.83c-.27-.268-.27-.701 0-.969.271-.268.709-.268.979 0L10 13.25l7.418-7.141z\"/>\n    </symbol>\n\n\n    <symbol viewBox=\"0 0 24 24\" id=\"jump-to\">\n      <path d=\"M19 7v4H5.83l3.58-3.59L8 6l-6 6 6 6 1.41-1.41L5.83 13H21V7z\"/>\n    </symbol>\n\n    <symbol viewBox=\"0 0 24 24\" id=\"expand\">\n      <path d=\"M10 18h4v-2h-4v2zM3 6v2h18V6H3zm3 7h12v-2H6v2z\"/>\n    </symbol>\n\n  </defs>\n</svg>\n\n<div id=\"swagger-ui\"></div>\n\n<script src=\"webjars/springfox-swagger-ui/swagger-ui-bundle.js?v=2.9.2\"> </script>\n<script src=\"webjars/springfox-swagger-ui/swagger-ui-standalone-preset.js?v=2.9.2\"> </script>\n<script src=\"webjars/springfox-swagger-ui/springfox.js?v=2.9.2\"> </script>\n</body>\n\n</html>\n",
  "headers": {
    "Vary": "Origin, Access-Control-Request-Method, Access-Control-Request-Headers",
    "Last-Modified": "Fri, 06 Jun 2025 08:22:01 GMT",
    "Accept-Ranges": "bytes",
    "X-Content-Type-Options": "nosniff",
    "X-XSS-Protection": "1; mode=block",
    "Cache-Control": "no-cache, no-store, max-age=0, must-revalidate",
    "Pragma": "no-cache",
    "Expires": "0",
    "X-Frame-Options": "DENY",
    "Content-Type": "text/html",
    "Content-Length": "3318",
    "Date": "Thu, 02 Oct 2025 12:21:13 GMT",
    "Keep-Alive": "timeout=60",
    "Connection": "keep-alive"
  }
}
-----------------------------

Reason: 📦 Unexpected Content-Type: text/html
--- Request ---
{
  "method": "HEAD",
  "url": "/",
  "headers": {
    "Content-Type": "application/json"
  },
  "body": null,
  "parameters": []
}
--- Response ---
{
  "status": 200,
  "body": "",
  "headers": {
    "Vary": "Origin, Access-Control-Request-Method, Access-Control-Request-Headers",
    "Last-Modified": "Fri, 06 Jun 2025 08:22:01 GMT",
    "Accept-Ranges": "bytes",
    "X-Content-Type-Options": "nosniff",
    "X-XSS-Protection": "1; mode=block",
    "Cache-Control": "no-cache, no-store, max-age=0, must-revalidate",
    "Pragma": "no-cache",
    "Expires": "0",
    "X-Frame-Options": "DENY",
    "Content-Type": "text/html",
    "Content-Length": "3318",
    "Date": "Thu, 02 Oct 2025 12:21:13 GMT",
    "Keep-Alive": "timeout=60",
    "Connection": "keep-alive"
  }
}
-----------------------------

Reason: 📦 Unexpected Content-Type: text/html
--- Request ---
{
  "method": "GET",
  "url": "/",
  "headers": {
    "Content-Type": "application/json"
  },
  "body": null,
  "parameters": []
}
--- Response ---
{
  "status": 200,
  "body": "<!-- HTML for static distribution bundle build -->\n<!DOCTYPE html>\n<html lang=\"en\">\n<head>\n  <meta charset=\"UTF-8\">\n  <title>Swagger UI</title>\n  <link rel=\"stylesheet\" type=\"text/css\" href=\"webjars/springfox-swagger-ui/springfox.css?v=2.9.2\" >\n  <link rel=\"stylesheet\" type=\"text/css\" href=\"webjars/springfox-swagger-ui/swagger-ui.css?v=2.9.2\" >\n  <link rel=\"icon\" type=\"image/png\" href=\"webjars/springfox-swagger-ui/favicon-32x32.png?v=2.9.2\" sizes=\"32x32\" />\n  <link rel=\"icon\" type=\"image/png\" href=\"webjars/springfox-swagger-ui/favicon-16x16.png?v=2.9.2\" sizes=\"16x16\" />\n  <style>\n    html\n    {\n      box-sizing: border-box;\n      overflow: -moz-scrollbars-vertical;\n      overflow-y: scroll;\n    }\n    *,\n    *:before,\n    *:after\n    {\n      box-sizing: inherit;\n    }\n\n    body {\n      margin:0;\n      background: #fafafa;\n    }\n  </style>\n</head>\n\n<body>\n\n<svg xmlns=\"http://www.w3.org/2000/svg\" xmlns:xlink=\"http://www.w3.org/1999/xlink\" style=\"position:absolute;width:0;height:0\">\n  <defs>\n    <symbol viewBox=\"0 0 20 20\" id=\"unlocked\">\n      <path d=\"M15.8 8H14V5.6C14 2.703 12.665 1 10 1 7.334 1 6 2.703 6 5.6V6h2v-.801C8 3.754 8.797 3 10 3c1.203 0 2 .754 2 2.199V8H4c-.553 0-1 .646-1 1.199V17c0 .549.428 1.139.951 1.307l1.197.387C5.672 18.861 6.55 19 7.1 19h5.8c.549 0 1.428-.139 1.951-.307l1.196-.387c.524-.167.953-.757.953-1.306V9.199C17 8.646 16.352 8 15.8 8z\"></path>\n    </symbol>\n\n    <symbol viewBox=\"0 0 20 20\" id=\"locked\">\n      <path d=\"M15.8 8H14V5.6C14 2.703 12.665 1 10 1 7.334 1 6 2.703 6 5.6V8H4c-.553 0-1 .646-1 1.199V17c0 .549.428 1.139.951 1.307l1.197.387C5.672 18.861 6.55 19 7.1 19h5.8c.549 0 1.428-.139 1.951-.307l1.196-.387c.524-.167.953-.757.953-1.306V9.199C17 8.646 16.352 8 15.8 8zM12 8H8V5.199C8 3.754 8.797 3 10 3c1.203 0 2 .754 2 2.199V8z\"/>\n    </symbol>\n\n    <symbol viewBox=\"0 0 20 20\" id=\"close\">\n      <path d=\"M14.348 14.849c-.469.469-1.229.469-1.697 0L10 11.819l-2.651 3.029c-.469.469-1.229.469-1.697 0-.469-.469-.469-1.229 0-1.697l2.758-3.15-2.759-3.152c-.469-.469-.469-1.228 0-1.697.469-.469 1.228-.469 1.697 0L10 8.183l2.651-3.031c.469-.469 1.228-.469 1.697 0 .469.469.469 1.229 0 1.697l-2.758 3.152 2.758 3.15c.469.469.469 1.229 0 1.698z\"/>\n    </symbol>\n\n    <symbol viewBox=\"0 0 20 20\" id=\"large-arrow\">\n      <path d=\"M13.25 10L6.109 2.58c-.268-.27-.268-.707 0-.979.268-.27.701-.27.969 0l7.83 7.908c.268.271.268.709 0 .979l-7.83 7.908c-.268.271-.701.27-.969 0-.268-.269-.268-.707 0-.979L13.25 10z\"/>\n    </symbol>\n\n    <symbol viewBox=\"0 0 20 20\" id=\"large-arrow-down\">\n      <path d=\"M17.418 6.109c.272-.268.709-.268.979 0s.271.701 0 .969l-7.908 7.83c-.27.268-.707.268-.979 0l-7.908-7.83c-.27-.268-.27-.701 0-.969.271-.268.709-.268.979 0L10 13.25l7.418-7.141z\"/>\n    </symbol>\n\n\n    <symbol viewBox=\"0 0 24 24\" id=\"jump-to\">\n      <path d=\"M19 7v4H5.83l3.58-3.59L8 6l-6 6 6 6 1.41-1.41L5.83 13H21V7z\"/>\n    </symbol>\n\n    <symbol viewBox=\"0 0 24 24\" id=\"expand\">\n      <path d=\"M10 18h4v-2h-4v2zM3 6v2h18V6H3zm3 7h12v-2H6v2z\"/>\n    </symbol>\n\n  </defs>\n</svg>\n\n<div id=\"swagger-ui\"></div>\n\n<script src=\"webjars/springfox-swagger-ui/swagger-ui-bundle.js?v=2.9.2\"> </script>\n<script src=\"webjars/springfox-swagger-ui/swagger-ui-standalone-preset.js?v=2.9.2\"> </script>\n<script src=\"webjars/springfox-swagger-ui/springfox.js?v=2.9.2\"> </script>\n</body>\n\n</html>\n",
  "headers": {
    "Vary": "Origin, Access-Control-Request-Method, Access-Control-Request-Headers",
    "Last-Modified": "Fri, 06 Jun 2025 08:22:01 GMT",
    "Accept-Ranges": "bytes",
    "X-Content-Type-Options": "nosniff",
    "X-XSS-Protection": "1; mode=block",
    "Cache-Control": "no-cache, no-store, max-age=0, must-revalidate",
    "Pragma": "no-cache",
    "Expires": "0",
    "X-Frame-Options": "DENY",
    "Content-Type": "text/html",
    "Content-Length": "3318",
    "Date": "Thu, 02 Oct 2025 12:21:21 GMT",
    "Keep-Alive": "timeout=60",
    "Connection": "keep-alive"
  }
}
-----------------------------

Reason: 📦 Unexpected Content-Type: 
--- Request ---
{
  "method": "OPTIONS",
  "url": "/error",
  "headers": {
    "Content-Type": "application/json"
  },
  "body": null,
  "parameters": []
}
--- Response ---
{
  "status": 200,
  "body": "",
  "headers": {
    "Allow": "GET,HEAD,POST,PUT,PATCH,DELETE,OPTIONS",
    "X-Content-Type-Options": "nosniff",
    "X-XSS-Protection": "1; mode=block",
    "Cache-Control": "no-cache, no-store, max-age=0, must-revalidate",
    "Pragma": "no-cache",
    "Expires": "0",
    "X-Frame-Options": "DENY",
    "Content-Length": "0",
    "Date": "Thu, 02 Oct 2025 12:21:22 GMT",
    "Keep-Alive": "timeout=60",
    "Connection": "keep-alive"
  }
}
-----------------------------

Reason: 📦 Unexpected Content-Type: 
--- Request ---
{
  "method": "DELETE",
  "url": "/api/vets/6",
  "headers": {
    "Content-Type": "application/json"
  },
  "body": null,
  "parameters": [
    {
      "name": "vetId",
      "in": "path",
      "description": "vetId",
      "required": true,
      "type": "integer",
      "format": "int32"
    }
  ]
}
--- Response ---
{
  "status": 204,
  "body": "",
  "headers": {
    "Vary": "Origin, Access-Control-Request-Method, Access-Control-Request-Headers",
    "X-Content-Type-Options": "nosniff",
    "X-XSS-Protection": "1; mode=block",
    "Cache-Control": "no-cache, no-store, max-age=0, must-revalidate",
    "Pragma": "no-cache",
    "Expires": "0",
    "X-Frame-Options": "DENY",
    "Date": "Thu, 02 Oct 2025 12:21:24 GMT",
    "Keep-Alive": "timeout=60",
    "Connection": "keep-alive"
  }
}
-----------------------------

Reason: 📦 Unexpected Content-Type: text/html
--- Request ---
{
  "method": "HEAD",
  "url": "/",
  "headers": {
    "Content-Type": "application/json"
  },
  "body": null,
  "parameters": []
}
--- Response ---
{
  "status": 200,
  "body": "",
  "headers": {
    "Vary": "Origin, Access-Control-Request-Method, Access-Control-Request-Headers",
    "Last-Modified": "Fri, 06 Jun 2025 08:22:01 GMT",
    "Accept-Ranges": "bytes",
    "X-Content-Type-Options": "nosniff",
    "X-XSS-Protection": "1; mode=block",
    "Cache-Control": "no-cache, no-store, max-age=0, must-revalidate",
    "Pragma": "no-cache",
    "Expires": "0",
    "X-Frame-Options": "DENY",
    "Content-Type": "text/html",
    "Content-Length": "3318",
    "Date": "Thu, 02 Oct 2025 12:21:24 GMT",
    "Keep-Alive": "timeout=60",
    "Connection": "keep-alive"
  }
}
-----------------------------

Reason: 📦 Unexpected Content-Type: text/html
--- Request ---
{
  "method": "GET",
  "url": "/",
  "headers": {
    "Content-Type": "application/json"
  },
  "body": null,
  "parameters": []
}
--- Response ---
{
  "status": 200,
  "body": "<!-- HTML for static distribution bundle build -->\n<!DOCTYPE html>\n<html lang=\"en\">\n<head>\n  <meta charset=\"UTF-8\">\n  <title>Swagger UI</title>\n  <link rel=\"stylesheet\" type=\"text/css\" href=\"webjars/springfox-swagger-ui/springfox.css?v=2.9.2\" >\n  <link rel=\"stylesheet\" type=\"text/css\" href=\"webjars/springfox-swagger-ui/swagger-ui.css?v=2.9.2\" >\n  <link rel=\"icon\" type=\"image/png\" href=\"webjars/springfox-swagger-ui/favicon-32x32.png?v=2.9.2\" sizes=\"32x32\" />\n  <link rel=\"icon\" type=\"image/png\" href=\"webjars/springfox-swagger-ui/favicon-16x16.png?v=2.9.2\" sizes=\"16x16\" />\n  <style>\n    html\n    {\n      box-sizing: border-box;\n      overflow: -moz-scrollbars-vertical;\n      overflow-y: scroll;\n    }\n    *,\n    *:before,\n    *:after\n    {\n      box-sizing: inherit;\n    }\n\n    body {\n      margin:0;\n      background: #fafafa;\n    }\n  </style>\n</head>\n\n<body>\n\n<svg xmlns=\"http://www.w3.org/2000/svg\" xmlns:xlink=\"http://www.w3.org/1999/xlink\" style=\"position:absolute;width:0;height:0\">\n  <defs>\n    <symbol viewBox=\"0 0 20 20\" id=\"unlocked\">\n      <path d=\"M15.8 8H14V5.6C14 2.703 12.665 1 10 1 7.334 1 6 2.703 6 5.6V6h2v-.801C8 3.754 8.797 3 10 3c1.203 0 2 .754 2 2.199V8H4c-.553 0-1 .646-1 1.199V17c0 .549.428 1.139.951 1.307l1.197.387C5.672 18.861 6.55 19 7.1 19h5.8c.549 0 1.428-.139 1.951-.307l1.196-.387c.524-.167.953-.757.953-1.306V9.199C17 8.646 16.352 8 15.8 8z\"></path>\n    </symbol>\n\n    <symbol viewBox=\"0 0 20 20\" id=\"locked\">\n      <path d=\"M15.8 8H14V5.6C14 2.703 12.665 1 10 1 7.334 1 6 2.703 6 5.6V8H4c-.553 0-1 .646-1 1.199V17c0 .549.428 1.139.951 1.307l1.197.387C5.672 18.861 6.55 19 7.1 19h5.8c.549 0 1.428-.139 1.951-.307l1.196-.387c.524-.167.953-.757.953-1.306V9.199C17 8.646 16.352 8 15.8 8zM12 8H8V5.199C8 3.754 8.797 3 10 3c1.203 0 2 .754 2 2.199V8z\"/>\n    </symbol>\n\n    <symbol viewBox=\"0 0 20 20\" id=\"close\">\n      <path d=\"M14.348 14.849c-.469.469-1.229.469-1.697 0L10 11.819l-2.651 3.029c-.469.469-1.229.469-1.697 0-.469-.469-.469-1.229 0-1.697l2.758-3.15-2.759-3.152c-.469-.469-.469-1.228 0-1.697.469-.469 1.228-.469 1.697 0L10 8.183l2.651-3.031c.469-.469 1.228-.469 1.697 0 .469.469.469 1.229 0 1.697l-2.758 3.152 2.758 3.15c.469.469.469 1.229 0 1.698z\"/>\n    </symbol>\n\n    <symbol viewBox=\"0 0 20 20\" id=\"large-arrow\">\n      <path d=\"M13.25 10L6.109 2.58c-.268-.27-.268-.707 0-.979.268-.27.701-.27.969 0l7.83 7.908c.268.271.268.709 0 .979l-7.83 7.908c-.268.271-.701.27-.969 0-.268-.269-.268-.707 0-.979L13.25 10z\"/>\n    </symbol>\n\n    <symbol viewBox=\"0 0 20 20\" id=\"large-arrow-down\">\n      <path d=\"M17.418 6.109c.272-.268.709-.268.979 0s.271.701 0 .969l-7.908 7.83c-.27.268-.707.268-.979 0l-7.908-7.83c-.27-.268-.27-.701 0-.969.271-.268.709-.268.979 0L10 13.25l7.418-7.141z\"/>\n    </symbol>\n\n\n    <symbol viewBox=\"0 0 24 24\" id=\"jump-to\">\n      <path d=\"M19 7v4H5.83l3.58-3.59L8 6l-6 6 6 6 1.41-1.41L5.83 13H21V7z\"/>\n    </symbol>\n\n    <symbol viewBox=\"0 0 24 24\" id=\"expand\">\n      <path d=\"M10 18h4v-2h-4v2zM3 6v2h18V6H3zm3 7h12v-2H6v2z\"/>\n    </symbol>\n\n  </defs>\n</svg>\n\n<div id=\"swagger-ui\"></div>\n\n<script src=\"webjars/springfox-swagger-ui/swagger-ui-bundle.js?v=2.9.2\"> </script>\n<script src=\"webjars/springfox-swagger-ui/swagger-ui-standalone-preset.js?v=2.9.2\"> </script>\n<script src=\"webjars/springfox-swagger-ui/springfox.js?v=2.9.2\"> </script>\n</body>\n\n</html>\n",
  "headers": {
    "Vary": "Origin, Access-Control-Request-Method, Access-Control-Request-Headers",
    "Last-Modified": "Fri, 06 Jun 2025 08:22:01 GMT",
    "Accept-Ranges": "bytes",
    "X-Content-Type-Options": "nosniff",
    "X-XSS-Protection": "1; mode=block",
    "Cache-Control": "no-cache, no-store, max-age=0, must-revalidate",
    "Pragma": "no-cache",
    "Expires": "0",
    "X-Frame-Options": "DENY",
    "Content-Type": "text/html",
    "Content-Length": "3318",
    "Date": "Thu, 02 Oct 2025 12:21:24 GMT",
    "Keep-Alive": "timeout=60",
    "Connection": "keep-alive"
  }
}
-----------------------------

Reason: 📦 Unexpected Content-Type: 
--- Request ---
{
  "method": "DELETE",
  "url": "/api/specialties/18",
  "headers": {
    "Content-Type": "application/json"
  },
  "body": null,
  "parameters": [
    {
      "name": "specialtyId",
      "in": "path",
      "description": "specialtyId",
      "required": true,
      "type": "integer",
      "format": "int32"
    }
  ]
}
--- Response ---
{
  "status": 204,
  "body": "",
  "headers": {
    "Vary": "Origin, Access-Control-Request-Method, Access-Control-Request-Headers",
    "X-Content-Type-Options": "nosniff",
    "X-XSS-Protection": "1; mode=block",
    "Cache-Control": "no-cache, no-store, max-age=0, must-revalidate",
    "Pragma": "no-cache",
    "Expires": "0",
    "X-Frame-Options": "DENY",
    "Date": "Thu, 02 Oct 2025 12:21:27 GMT",
    "Keep-Alive": "timeout=60",
    "Connection": "keep-alive"
  }
}
-----------------------------

Reason: 📦 Unexpected Content-Type: text/html
--- Request ---
{
  "method": "GET",
  "url": "/",
  "headers": {
    "Content-Type": "application/json"
  },
  "body": null,
  "parameters": []
}
--- Response ---
{
  "status": 200,
  "body": "<!-- HTML for static distribution bundle build -->\n<!DOCTYPE html>\n<html lang=\"en\">\n<head>\n  <meta charset=\"UTF-8\">\n  <title>Swagger UI</title>\n  <link rel=\"stylesheet\" type=\"text/css\" href=\"webjars/springfox-swagger-ui/springfox.css?v=2.9.2\" >\n  <link rel=\"stylesheet\" type=\"text/css\" href=\"webjars/springfox-swagger-ui/swagger-ui.css?v=2.9.2\" >\n  <link rel=\"icon\" type=\"image/png\" href=\"webjars/springfox-swagger-ui/favicon-32x32.png?v=2.9.2\" sizes=\"32x32\" />\n  <link rel=\"icon\" type=\"image/png\" href=\"webjars/springfox-swagger-ui/favicon-16x16.png?v=2.9.2\" sizes=\"16x16\" />\n  <style>\n    html\n    {\n      box-sizing: border-box;\n      overflow: -moz-scrollbars-vertical;\n      overflow-y: scroll;\n    }\n    *,\n    *:before,\n    *:after\n    {\n      box-sizing: inherit;\n    }\n\n    body {\n      margin:0;\n      background: #fafafa;\n    }\n  </style>\n</head>\n\n<body>\n\n<svg xmlns=\"http://www.w3.org/2000/svg\" xmlns:xlink=\"http://www.w3.org/1999/xlink\" style=\"position:absolute;width:0;height:0\">\n  <defs>\n    <symbol viewBox=\"0 0 20 20\" id=\"unlocked\">\n      <path d=\"M15.8 8H14V5.6C14 2.703 12.665 1 10 1 7.334 1 6 2.703 6 5.6V6h2v-.801C8 3.754 8.797 3 10 3c1.203 0 2 .754 2 2.199V8H4c-.553 0-1 .646-1 1.199V17c0 .549.428 1.139.951 1.307l1.197.387C5.672 18.861 6.55 19 7.1 19h5.8c.549 0 1.428-.139 1.951-.307l1.196-.387c.524-.167.953-.757.953-1.306V9.199C17 8.646 16.352 8 15.8 8z\"></path>\n    </symbol>\n\n    <symbol viewBox=\"0 0 20 20\" id=\"locked\">\n      <path d=\"M15.8 8H14V5.6C14 2.703 12.665 1 10 1 7.334 1 6 2.703 6 5.6V8H4c-.553 0-1 .646-1 1.199V17c0 .549.428 1.139.951 1.307l1.197.387C5.672 18.861 6.55 19 7.1 19h5.8c.549 0 1.428-.139 1.951-.307l1.196-.387c.524-.167.953-.757.953-1.306V9.199C17 8.646 16.352 8 15.8 8zM12 8H8V5.199C8 3.754 8.797 3 10 3c1.203 0 2 .754 2 2.199V8z\"/>\n    </symbol>\n\n    <symbol viewBox=\"0 0 20 20\" id=\"close\">\n      <path d=\"M14.348 14.849c-.469.469-1.229.469-1.697 0L10 11.819l-2.651 3.029c-.469.469-1.229.469-1.697 0-.469-.469-.469-1.229 0-1.697l2.758-3.15-2.759-3.152c-.469-.469-.469-1.228 0-1.697.469-.469 1.228-.469 1.697 0L10 8.183l2.651-3.031c.469-.469 1.228-.469 1.697 0 .469.469.469 1.229 0 1.697l-2.758 3.152 2.758 3.15c.469.469.469 1.229 0 1.698z\"/>\n    </symbol>\n\n    <symbol viewBox=\"0 0 20 20\" id=\"large-arrow\">\n      <path d=\"M13.25 10L6.109 2.58c-.268-.27-.268-.707 0-.979.268-.27.701-.27.969 0l7.83 7.908c.268.271.268.709 0 .979l-7.83 7.908c-.268.271-.701.27-.969 0-.268-.269-.268-.707 0-.979L13.25 10z\"/>\n    </symbol>\n\n    <symbol viewBox=\"0 0 20 20\" id=\"large-arrow-down\">\n      <path d=\"M17.418 6.109c.272-.268.709-.268.979 0s.271.701 0 .969l-7.908 7.83c-.27.268-.707.268-.979 0l-7.908-7.83c-.27-.268-.27-.701 0-.969.271-.268.709-.268.979 0L10 13.25l7.418-7.141z\"/>\n    </symbol>\n\n\n    <symbol viewBox=\"0 0 24 24\" id=\"jump-to\">\n      <path d=\"M19 7v4H5.83l3.58-3.59L8 6l-6 6 6 6 1.41-1.41L5.83 13H21V7z\"/>\n    </symbol>\n\n    <symbol viewBox=\"0 0 24 24\" id=\"expand\">\n      <path d=\"M10 18h4v-2h-4v2zM3 6v2h18V6H3zm3 7h12v-2H6v2z\"/>\n    </symbol>\n\n  </defs>\n</svg>\n\n<div id=\"swagger-ui\"></div>\n\n<script src=\"webjars/springfox-swagger-ui/swagger-ui-bundle.js?v=2.9.2\"> </script>\n<script src=\"webjars/springfox-swagger-ui/swagger-ui-standalone-preset.js?v=2.9.2\"> </script>\n<script src=\"webjars/springfox-swagger-ui/springfox.js?v=2.9.2\"> </script>\n</body>\n\n</html>\n",
  "headers": {
    "Vary": "Origin, Access-Control-Request-Method, Access-Control-Request-Headers",
    "Last-Modified": "Fri, 06 Jun 2025 08:22:01 GMT",
    "Accept-Ranges": "bytes",
    "X-Content-Type-Options": "nosniff",
    "X-XSS-Protection": "1; mode=block",
    "Cache-Control": "no-cache, no-store, max-age=0, must-revalidate",
    "Pragma": "no-cache",
    "Expires": "0",
    "X-Frame-Options": "DENY",
    "Content-Type": "text/html",
    "Content-Length": "3318",
    "Date": "Thu, 02 Oct 2025 12:21:28 GMT",
    "Keep-Alive": "timeout=60",
    "Connection": "keep-alive"
  }
}
-----------------------------

Reason: 📦 Unexpected Content-Type: 
--- Request ---
{
  "method": "DELETE",
  "url": "/api/owners/1",
  "headers": {
    "Content-Type": "application/json"
  },
  "body": null,
  "parameters": [
    {
      "name": "ownerId",
      "in": "path",
      "description": "ownerId",
      "required": true,
      "type": "integer",
      "format": "int32"
    }
  ]
}
--- Response ---
{
  "status": 204,
  "body": "",
  "headers": {
    "Vary": "Origin, Access-Control-Request-Method, Access-Control-Request-Headers",
    "X-Content-Type-Options": "nosniff",
    "X-XSS-Protection": "1; mode=block",
    "Cache-Control": "no-cache, no-store, max-age=0, must-revalidate",
    "Pragma": "no-cache",
    "Expires": "0",
    "X-Frame-Options": "DENY",
    "Date": "Thu, 02 Oct 2025 12:21:29 GMT",
    "Keep-Alive": "timeout=60",
    "Connection": "keep-alive"
  }
}
-----------------------------

Reason: 📦 Unexpected Content-Type: 
--- Request ---
{
  "method": "DELETE",
  "url": "/api/specialties/21",
  "headers": {
    "Content-Type": "application/json"
  },
  "body": null,
  "parameters": [
    {
      "name": "specialtyId",
      "in": "path",
      "description": "specialtyId",
      "required": true,
      "type": "integer",
      "format": "int32"
    }
  ]
}
--- Response ---
{
  "status": 204,
  "body": "",
  "headers": {
    "Vary": "Origin, Access-Control-Request-Method, Access-Control-Request-Headers",
    "X-Content-Type-Options": "nosniff",
    "X-XSS-Protection": "1; mode=block",
    "Cache-Control": "no-cache, no-store, max-age=0, must-revalidate",
    "Pragma": "no-cache",
    "Expires": "0",
    "X-Frame-Options": "DENY",
    "Date": "Thu, 02 Oct 2025 12:21:29 GMT",
    "Keep-Alive": "timeout=60",
    "Connection": "keep-alive"
  }
}
-----------------------------

Reason: 📦 Unexpected Content-Type: 
--- Request ---
{
  "method": "OPTIONS",
  "url": "/error",
  "headers": {
    "Content-Type": "application/json"
  },
  "body": null,
  "parameters": []
}
--- Response ---
{
  "status": 200,
  "body": "",
  "headers": {
    "Allow": "GET,HEAD,POST,PUT,PATCH,DELETE,OPTIONS",
    "X-Content-Type-Options": "nosniff",
    "X-XSS-Protection": "1; mode=block",
    "Cache-Control": "no-cache, no-store, max-age=0, must-revalidate",
    "Pragma": "no-cache",
    "Expires": "0",
    "X-Frame-Options": "DENY",
    "Content-Length": "0",
    "Date": "Thu, 02 Oct 2025 12:21:30 GMT",
    "Keep-Alive": "timeout=60",
    "Connection": "keep-alive"
  }
}
-----------------------------

Reason: 📦 Unexpected Content-Type: text/html
--- Request ---
{
  "method": "DELETE",
  "url": "/",
  "headers": {
    "Content-Type": "application/json"
  },
  "body": null,
  "parameters": []
}
--- Response ---
{
  "status": 200,
  "body": "<!-- HTML for static distribution bundle build -->\n<!DOCTYPE html>\n<html lang=\"en\">\n<head>\n  <meta charset=\"UTF-8\">\n  <title>Swagger UI</title>\n  <link rel=\"stylesheet\" type=\"text/css\" href=\"webjars/springfox-swagger-ui/springfox.css?v=2.9.2\" >\n  <link rel=\"stylesheet\" type=\"text/css\" href=\"webjars/springfox-swagger-ui/swagger-ui.css?v=2.9.2\" >\n  <link rel=\"icon\" type=\"image/png\" href=\"webjars/springfox-swagger-ui/favicon-32x32.png?v=2.9.2\" sizes=\"32x32\" />\n  <link rel=\"icon\" type=\"image/png\" href=\"webjars/springfox-swagger-ui/favicon-16x16.png?v=2.9.2\" sizes=\"16x16\" />\n  <style>\n    html\n    {\n      box-sizing: border-box;\n      overflow: -moz-scrollbars-vertical;\n      overflow-y: scroll;\n    }\n    *,\n    *:before,\n    *:after\n    {\n      box-sizing: inherit;\n    }\n\n    body {\n      margin:0;\n      background: #fafafa;\n    }\n  </style>\n</head>\n\n<body>\n\n<svg xmlns=\"http://www.w3.org/2000/svg\" xmlns:xlink=\"http://www.w3.org/1999/xlink\" style=\"position:absolute;width:0;height:0\">\n  <defs>\n    <symbol viewBox=\"0 0 20 20\" id=\"unlocked\">\n      <path d=\"M15.8 8H14V5.6C14 2.703 12.665 1 10 1 7.334 1 6 2.703 6 5.6V6h2v-.801C8 3.754 8.797 3 10 3c1.203 0 2 .754 2 2.199V8H4c-.553 0-1 .646-1 1.199V17c0 .549.428 1.139.951 1.307l1.197.387C5.672 18.861 6.55 19 7.1 19h5.8c.549 0 1.428-.139 1.951-.307l1.196-.387c.524-.167.953-.757.953-1.306V9.199C17 8.646 16.352 8 15.8 8z\"></path>\n    </symbol>\n\n    <symbol viewBox=\"0 0 20 20\" id=\"locked\">\n      <path d=\"M15.8 8H14V5.6C14 2.703 12.665 1 10 1 7.334 1 6 2.703 6 5.6V8H4c-.553 0-1 .646-1 1.199V17c0 .549.428 1.139.951 1.307l1.197.387C5.672 18.861 6.55 19 7.1 19h5.8c.549 0 1.428-.139 1.951-.307l1.196-.387c.524-.167.953-.757.953-1.306V9.199C17 8.646 16.352 8 15.8 8zM12 8H8V5.199C8 3.754 8.797 3 10 3c1.203 0 2 .754 2 2.199V8z\"/>\n    </symbol>\n\n    <symbol viewBox=\"0 0 20 20\" id=\"close\">\n      <path d=\"M14.348 14.849c-.469.469-1.229.469-1.697 0L10 11.819l-2.651 3.029c-.469.469-1.229.469-1.697 0-.469-.469-.469-1.229 0-1.697l2.758-3.15-2.759-3.152c-.469-.469-.469-1.228 0-1.697.469-.469 1.228-.469 1.697 0L10 8.183l2.651-3.031c.469-.469 1.228-.469 1.697 0 .469.469.469 1.229 0 1.697l-2.758 3.152 2.758 3.15c.469.469.469 1.229 0 1.698z\"/>\n    </symbol>\n\n    <symbol viewBox=\"0 0 20 20\" id=\"large-arrow\">\n      <path d=\"M13.25 10L6.109 2.58c-.268-.27-.268-.707 0-.979.268-.27.701-.27.969 0l7.83 7.908c.268.271.268.709 0 .979l-7.83 7.908c-.268.271-.701.27-.969 0-.268-.269-.268-.707 0-.979L13.25 10z\"/>\n    </symbol>\n\n    <symbol viewBox=\"0 0 20 20\" id=\"large-arrow-down\">\n      <path d=\"M17.418 6.109c.272-.268.709-.268.979 0s.271.701 0 .969l-7.908 7.83c-.27.268-.707.268-.979 0l-7.908-7.83c-.27-.268-.27-.701 0-.969.271-.268.709-.268.979 0L10 13.25l7.418-7.141z\"/>\n    </symbol>\n\n\n    <symbol viewBox=\"0 0 24 24\" id=\"jump-to\">\n      <path d=\"M19 7v4H5.83l3.58-3.59L8 6l-6 6 6 6 1.41-1.41L5.83 13H21V7z\"/>\n    </symbol>\n\n    <symbol viewBox=\"0 0 24 24\" id=\"expand\">\n      <path d=\"M10 18h4v-2h-4v2zM3 6v2h18V6H3zm3 7h12v-2H6v2z\"/>\n    </symbol>\n\n  </defs>\n</svg>\n\n<div id=\"swagger-ui\"></div>\n\n<script src=\"webjars/springfox-swagger-ui/swagger-ui-bundle.js?v=2.9.2\"> </script>\n<script src=\"webjars/springfox-swagger-ui/swagger-ui-standalone-preset.js?v=2.9.2\"> </script>\n<script src=\"webjars/springfox-swagger-ui/springfox.js?v=2.9.2\"> </script>\n</body>\n\n</html>\n",
  "headers": {
    "Vary": "Origin, Access-Control-Request-Method, Access-Control-Request-Headers",
    "Last-Modified": "Fri, 06 Jun 2025 08:22:01 GMT",
    "Accept-Ranges": "bytes",
    "X-Content-Type-Options": "nosniff",
    "X-XSS-Protection": "1; mode=block",
    "Cache-Control": "no-cache, no-store, max-age=0, must-revalidate",
    "Pragma": "no-cache",
    "Expires": "0",
    "X-Frame-Options": "DENY",
    "Content-Type": "text/html",
    "Content-Length": "3318",
    "Date": "Thu, 02 Oct 2025 12:21:32 GMT",
    "Keep-Alive": "timeout=60",
    "Connection": "keep-alive"
  }
}
-----------------------------

Reason: 📦 Unexpected Content-Type: text/html
--- Request ---
{
  "method": "HEAD",
  "url": "/",
  "headers": {
    "Content-Type": "application/json"
  },
  "body": null,
  "parameters": []
}
--- Response ---
{
  "status": 200,
  "body": "",
  "headers": {
    "Vary": "Origin, Access-Control-Request-Method, Access-Control-Request-Headers",
    "Last-Modified": "Fri, 06 Jun 2025 08:22:01 GMT",
    "Accept-Ranges": "bytes",
    "X-Content-Type-Options": "nosniff",
    "X-XSS-Protection": "1; mode=block",
    "Cache-Control": "no-cache, no-store, max-age=0, must-revalidate",
    "Pragma": "no-cache",
    "Expires": "0",
    "X-Frame-Options": "DENY",
    "Content-Type": "text/html",
    "Content-Length": "3318",
    "Date": "Thu, 02 Oct 2025 12:21:33 GMT",
    "Keep-Alive": "timeout=60",
    "Connection": "keep-alive"
  }
}
-----------------------------

Reason: 📦 Unexpected Content-Type: text/html
--- Request ---
{
  "method": "GET",
  "url": "/",
  "headers": {
    "Content-Type": "application/json"
  },
  "body": null,
  "parameters": []
}
--- Response ---
{
  "status": 200,
  "body": "<!-- HTML for static distribution bundle build -->\n<!DOCTYPE html>\n<html lang=\"en\">\n<head>\n  <meta charset=\"UTF-8\">\n  <title>Swagger UI</title>\n  <link rel=\"stylesheet\" type=\"text/css\" href=\"webjars/springfox-swagger-ui/springfox.css?v=2.9.2\" >\n  <link rel=\"stylesheet\" type=\"text/css\" href=\"webjars/springfox-swagger-ui/swagger-ui.css?v=2.9.2\" >\n  <link rel=\"icon\" type=\"image/png\" href=\"webjars/springfox-swagger-ui/favicon-32x32.png?v=2.9.2\" sizes=\"32x32\" />\n  <link rel=\"icon\" type=\"image/png\" href=\"webjars/springfox-swagger-ui/favicon-16x16.png?v=2.9.2\" sizes=\"16x16\" />\n  <style>\n    html\n    {\n      box-sizing: border-box;\n      overflow: -moz-scrollbars-vertical;\n      overflow-y: scroll;\n    }\n    *,\n    *:before,\n    *:after\n    {\n      box-sizing: inherit;\n    }\n\n    body {\n      margin:0;\n      background: #fafafa;\n    }\n  </style>\n</head>\n\n<body>\n\n<svg xmlns=\"http://www.w3.org/2000/svg\" xmlns:xlink=\"http://www.w3.org/1999/xlink\" style=\"position:absolute;width:0;height:0\">\n  <defs>\n    <symbol viewBox=\"0 0 20 20\" id=\"unlocked\">\n      <path d=\"M15.8 8H14V5.6C14 2.703 12.665 1 10 1 7.334 1 6 2.703 6 5.6V6h2v-.801C8 3.754 8.797 3 10 3c1.203 0 2 .754 2 2.199V8H4c-.553 0-1 .646-1 1.199V17c0 .549.428 1.139.951 1.307l1.197.387C5.672 18.861 6.55 19 7.1 19h5.8c.549 0 1.428-.139 1.951-.307l1.196-.387c.524-.167.953-.757.953-1.306V9.199C17 8.646 16.352 8 15.8 8z\"></path>\n    </symbol>\n\n    <symbol viewBox=\"0 0 20 20\" id=\"locked\">\n      <path d=\"M15.8 8H14V5.6C14 2.703 12.665 1 10 1 7.334 1 6 2.703 6 5.6V8H4c-.553 0-1 .646-1 1.199V17c0 .549.428 1.139.951 1.307l1.197.387C5.672 18.861 6.55 19 7.1 19h5.8c.549 0 1.428-.139 1.951-.307l1.196-.387c.524-.167.953-.757.953-1.306V9.199C17 8.646 16.352 8 15.8 8zM12 8H8V5.199C8 3.754 8.797 3 10 3c1.203 0 2 .754 2 2.199V8z\"/>\n    </symbol>\n\n    <symbol viewBox=\"0 0 20 20\" id=\"close\">\n      <path d=\"M14.348 14.849c-.469.469-1.229.469-1.697 0L10 11.819l-2.651 3.029c-.469.469-1.229.469-1.697 0-.469-.469-.469-1.229 0-1.697l2.758-3.15-2.759-3.152c-.469-.469-.469-1.228 0-1.697.469-.469 1.228-.469 1.697 0L10 8.183l2.651-3.031c.469-.469 1.228-.469 1.697 0 .469.469.469 1.229 0 1.697l-2.758 3.152 2.758 3.15c.469.469.469 1.229 0 1.698z\"/>\n    </symbol>\n\n    <symbol viewBox=\"0 0 20 20\" id=\"large-arrow\">\n      <path d=\"M13.25 10L6.109 2.58c-.268-.27-.268-.707 0-.979.268-.27.701-.27.969 0l7.83 7.908c.268.271.268.709 0 .979l-7.83 7.908c-.268.271-.701.27-.969 0-.268-.269-.268-.707 0-.979L13.25 10z\"/>\n    </symbol>\n\n    <symbol viewBox=\"0 0 20 20\" id=\"large-arrow-down\">\n      <path d=\"M17.418 6.109c.272-.268.709-.268.979 0s.271.701 0 .969l-7.908 7.83c-.27.268-.707.268-.979 0l-7.908-7.83c-.27-.268-.27-.701 0-.969.271-.268.709-.268.979 0L10 13.25l7.418-7.141z\"/>\n    </symbol>\n\n\n    <symbol viewBox=\"0 0 24 24\" id=\"jump-to\">\n      <path d=\"M19 7v4H5.83l3.58-3.59L8 6l-6 6 6 6 1.41-1.41L5.83 13H21V7z\"/>\n    </symbol>\n\n    <symbol viewBox=\"0 0 24 24\" id=\"expand\">\n      <path d=\"M10 18h4v-2h-4v2zM3 6v2h18V6H3zm3 7h12v-2H6v2z\"/>\n    </symbol>\n\n  </defs>\n</svg>\n\n<div id=\"swagger-ui\"></div>\n\n<script src=\"webjars/springfox-swagger-ui/swagger-ui-bundle.js?v=2.9.2\"> </script>\n<script src=\"webjars/springfox-swagger-ui/swagger-ui-standalone-preset.js?v=2.9.2\"> </script>\n<script src=\"webjars/springfox-swagger-ui/springfox.js?v=2.9.2\"> </script>\n</body>\n\n</html>\n",
  "headers": {
    "Vary": "Origin, Access-Control-Request-Method, Access-Control-Request-Headers",
    "Last-Modified": "Fri, 06 Jun 2025 08:22:01 GMT",
    "Accept-Ranges": "bytes",
    "X-Content-Type-Options": "nosniff",
    "X-XSS-Protection": "1; mode=block",
    "Cache-Control": "no-cache, no-store, max-age=0, must-revalidate",
    "Pragma": "no-cache",
    "Expires": "0",
    "X-Frame-Options": "DENY",
    "Content-Type": "text/html",
    "Content-Length": "3318",
    "Date": "Thu, 02 Oct 2025 12:21:35 GMT",
    "Keep-Alive": "timeout=60",
    "Connection": "keep-alive"
  }
}
-----------------------------

Reason: 📦 Unexpected Content-Type: text/html
--- Request ---
{
  "method": "HEAD",
  "url": "/",
  "headers": {
    "Content-Type": "application/json"
  },
  "body": null,
  "parameters": []
}
--- Response ---
{
  "status": 200,
  "body": "",
  "headers": {
    "Vary": "Origin, Access-Control-Request-Method, Access-Control-Request-Headers",
    "Last-Modified": "Fri, 06 Jun 2025 08:22:01 GMT",
    "Accept-Ranges": "bytes",
    "X-Content-Type-Options": "nosniff",
    "X-XSS-Protection": "1; mode=block",
    "Cache-Control": "no-cache, no-store, max-age=0, must-revalidate",
    "Pragma": "no-cache",
    "Expires": "0",
    "X-Frame-Options": "DENY",
    "Content-Type": "text/html",
    "Content-Length": "3318",
    "Date": "Thu, 02 Oct 2025 12:21:35 GMT",
    "Keep-Alive": "timeout=60",
    "Connection": "keep-alive"
  }
}
-----------------------------

Reason: 📦 Unexpected Content-Type: text/html
--- Request ---
{
  "method": "HEAD",
  "url": "/",
  "headers": {
    "Content-Type": "application/json"
  },
  "body": null,
  "parameters": []
}
--- Response ---
{
  "status": 200,
  "body": "",
  "headers": {
    "Vary": "Origin, Access-Control-Request-Method, Access-Control-Request-Headers",
    "Last-Modified": "Fri, 06 Jun 2025 08:22:01 GMT",
    "Accept-Ranges": "bytes",
    "X-Content-Type-Options": "nosniff",
    "X-XSS-Protection": "1; mode=block",
    "Cache-Control": "no-cache, no-store, max-age=0, must-revalidate",
    "Pragma": "no-cache",
    "Expires": "0",
    "X-Frame-Options": "DENY",
    "Content-Type": "text/html",
    "Content-Length": "3318",
    "Date": "Thu, 02 Oct 2025 12:21:35 GMT",
    "Keep-Alive": "timeout=60",
    "Connection": "keep-alive"
  }
}
-----------------------------

Reason: 📦 Unexpected Content-Type: text/html
--- Request ---
{
  "method": "GET",
  "url": "/",
  "headers": {
    "Content-Type": "application/json"
  },
  "body": null,
  "parameters": []
}
--- Response ---
{
  "status": 200,
  "body": "<!-- HTML for static distribution bundle build -->\n<!DOCTYPE html>\n<html lang=\"en\">\n<head>\n  <meta charset=\"UTF-8\">\n  <title>Swagger UI</title>\n  <link rel=\"stylesheet\" type=\"text/css\" href=\"webjars/springfox-swagger-ui/springfox.css?v=2.9.2\" >\n  <link rel=\"stylesheet\" type=\"text/css\" href=\"webjars/springfox-swagger-ui/swagger-ui.css?v=2.9.2\" >\n  <link rel=\"icon\" type=\"image/png\" href=\"webjars/springfox-swagger-ui/favicon-32x32.png?v=2.9.2\" sizes=\"32x32\" />\n  <link rel=\"icon\" type=\"image/png\" href=\"webjars/springfox-swagger-ui/favicon-16x16.png?v=2.9.2\" sizes=\"16x16\" />\n  <style>\n    html\n    {\n      box-sizing: border-box;\n      overflow: -moz-scrollbars-vertical;\n      overflow-y: scroll;\n    }\n    *,\n    *:before,\n    *:after\n    {\n      box-sizing: inherit;\n    }\n\n    body {\n      margin:0;\n      background: #fafafa;\n    }\n  </style>\n</head>\n\n<body>\n\n<svg xmlns=\"http://www.w3.org/2000/svg\" xmlns:xlink=\"http://www.w3.org/1999/xlink\" style=\"position:absolute;width:0;height:0\">\n  <defs>\n    <symbol viewBox=\"0 0 20 20\" id=\"unlocked\">\n      <path d=\"M15.8 8H14V5.6C14 2.703 12.665 1 10 1 7.334 1 6 2.703 6 5.6V6h2v-.801C8 3.754 8.797 3 10 3c1.203 0 2 .754 2 2.199V8H4c-.553 0-1 .646-1 1.199V17c0 .549.428 1.139.951 1.307l1.197.387C5.672 18.861 6.55 19 7.1 19h5.8c.549 0 1.428-.139 1.951-.307l1.196-.387c.524-.167.953-.757.953-1.306V9.199C17 8.646 16.352 8 15.8 8z\"></path>\n    </symbol>\n\n    <symbol viewBox=\"0 0 20 20\" id=\"locked\">\n      <path d=\"M15.8 8H14V5.6C14 2.703 12.665 1 10 1 7.334 1 6 2.703 6 5.6V8H4c-.553 0-1 .646-1 1.199V17c0 .549.428 1.139.951 1.307l1.197.387C5.672 18.861 6.55 19 7.1 19h5.8c.549 0 1.428-.139 1.951-.307l1.196-.387c.524-.167.953-.757.953-1.306V9.199C17 8.646 16.352 8 15.8 8zM12 8H8V5.199C8 3.754 8.797 3 10 3c1.203 0 2 .754 2 2.199V8z\"/>\n    </symbol>\n\n    <symbol viewBox=\"0 0 20 20\" id=\"close\">\n      <path d=\"M14.348 14.849c-.469.469-1.229.469-1.697 0L10 11.819l-2.651 3.029c-.469.469-1.229.469-1.697 0-.469-.469-.469-1.229 0-1.697l2.758-3.15-2.759-3.152c-.469-.469-.469-1.228 0-1.697.469-.469 1.228-.469 1.697 0L10 8.183l2.651-3.031c.469-.469 1.228-.469 1.697 0 .469.469.469 1.229 0 1.697l-2.758 3.152 2.758 3.15c.469.469.469 1.229 0 1.698z\"/>\n    </symbol>\n\n    <symbol viewBox=\"0 0 20 20\" id=\"large-arrow\">\n      <path d=\"M13.25 10L6.109 2.58c-.268-.27-.268-.707 0-.979.268-.27.701-.27.969 0l7.83 7.908c.268.271.268.709 0 .979l-7.83 7.908c-.268.271-.701.27-.969 0-.268-.269-.268-.707 0-.979L13.25 10z\"/>\n    </symbol>\n\n    <symbol viewBox=\"0 0 20 20\" id=\"large-arrow-down\">\n      <path d=\"M17.418 6.109c.272-.268.709-.268.979 0s.271.701 0 .969l-7.908 7.83c-.27.268-.707.268-.979 0l-7.908-7.83c-.27-.268-.27-.701 0-.969.271-.268.709-.268.979 0L10 13.25l7.418-7.141z\"/>\n    </symbol>\n\n\n    <symbol viewBox=\"0 0 24 24\" id=\"jump-to\">\n      <path d=\"M19 7v4H5.83l3.58-3.59L8 6l-6 6 6 6 1.41-1.41L5.83 13H21V7z\"/>\n    </symbol>\n\n    <symbol viewBox=\"0 0 24 24\" id=\"expand\">\n      <path d=\"M10 18h4v-2h-4v2zM3 6v2h18V6H3zm3 7h12v-2H6v2z\"/>\n    </symbol>\n\n  </defs>\n</svg>\n\n<div id=\"swagger-ui\"></div>\n\n<script src=\"webjars/springfox-swagger-ui/swagger-ui-bundle.js?v=2.9.2\"> </script>\n<script src=\"webjars/springfox-swagger-ui/swagger-ui-standalone-preset.js?v=2.9.2\"> </script>\n<script src=\"webjars/springfox-swagger-ui/springfox.js?v=2.9.2\"> </script>\n</body>\n\n</html>\n",
  "headers": {
    "Vary": "Origin, Access-Control-Request-Method, Access-Control-Request-Headers",
    "Last-Modified": "Fri, 06 Jun 2025 08:22:01 GMT",
    "Accept-Ranges": "bytes",
    "X-Content-Type-Options": "nosniff",
    "X-XSS-Protection": "1; mode=block",
    "Cache-Control": "no-cache, no-store, max-age=0, must-revalidate",
    "Pragma": "no-cache",
    "Expires": "0",
    "X-Frame-Options": "DENY",
    "Content-Type": "text/html",
    "Content-Length": "3318",
    "Date": "Thu, 02 Oct 2025 12:21:38 GMT",
    "Keep-Alive": "timeout=60",
    "Connection": "keep-alive"
  }
}
-----------------------------

Reason: 📦 Unexpected Content-Type: text/html
--- Request ---
{
  "method": "HEAD",
  "url": "/",
  "headers": {
    "Content-Type": "application/json"
  },
  "body": null,
  "parameters": []
}
--- Response ---
{
  "status": 200,
  "body": "",
  "headers": {
    "Vary": "Origin, Access-Control-Request-Method, Access-Control-Request-Headers",
    "Last-Modified": "Fri, 06 Jun 2025 08:22:01 GMT",
    "Accept-Ranges": "bytes",
    "X-Content-Type-Options": "nosniff",
    "X-XSS-Protection": "1; mode=block",
    "Cache-Control": "no-cache, no-store, max-age=0, must-revalidate",
    "Pragma": "no-cache",
    "Expires": "0",
    "X-Frame-Options": "DENY",
    "Content-Type": "text/html",
    "Content-Length": "3318",
    "Date": "Thu, 02 Oct 2025 12:21:40 GMT",
    "Keep-Alive": "timeout=60",
    "Connection": "keep-alive"
  }
}
-----------------------------

Reason: 📦 Unexpected Content-Type: 
--- Request ---
{
  "method": "OPTIONS",
  "url": "/error",
  "headers": {
    "Content-Type": "application/json"
  },
  "body": null,
  "parameters": []
}
--- Response ---
{
  "status": 200,
  "body": "",
  "headers": {
    "Allow": "GET,HEAD,POST,PUT,PATCH,DELETE,OPTIONS",
    "X-Content-Type-Options": "nosniff",
    "X-XSS-Protection": "1; mode=block",
    "Cache-Control": "no-cache, no-store, max-age=0, must-revalidate",
    "Pragma": "no-cache",
    "Expires": "0",
    "X-Frame-Options": "DENY",
    "Content-Length": "0",
    "Date": "Thu, 02 Oct 2025 12:21:43 GMT",
    "Keep-Alive": "timeout=60",
    "Connection": "keep-alive"
  }
}
-----------------------------

Reason: 📦 Unexpected Content-Type: 
--- Request ---
{
  "method": "OPTIONS",
  "url": "/error",
  "headers": {
    "Content-Type": "application/json"
  },
  "body": null,
  "parameters": []
}
--- Response ---
{
  "status": 200,
  "body": "",
  "headers": {
    "Allow": "GET,HEAD,POST,PUT,PATCH,DELETE,OPTIONS",
    "X-Content-Type-Options": "nosniff",
    "X-XSS-Protection": "1; mode=block",
    "Cache-Control": "no-cache, no-store, max-age=0, must-revalidate",
    "Pragma": "no-cache",
    "Expires": "0",
    "X-Frame-Options": "DENY",
    "Content-Length": "0",
    "Date": "Thu, 02 Oct 2025 12:21:44 GMT",
    "Keep-Alive": "timeout=60",
    "Connection": "keep-alive"
  }
}
-----------------------------

Reason: 📦 Unexpected Content-Type: text/html
--- Request ---
{
  "method": "POST",
  "url": "/",
  "headers": {
    "Content-Type": "application/json"
  },
  "body": null,
  "parameters": []
}
--- Response ---
{
  "status": 200,
  "body": "<!-- HTML for static distribution bundle build -->\n<!DOCTYPE html>\n<html lang=\"en\">\n<head>\n  <meta charset=\"UTF-8\">\n  <title>Swagger UI</title>\n  <link rel=\"stylesheet\" type=\"text/css\" href=\"webjars/springfox-swagger-ui/springfox.css?v=2.9.2\" >\n  <link rel=\"stylesheet\" type=\"text/css\" href=\"webjars/springfox-swagger-ui/swagger-ui.css?v=2.9.2\" >\n  <link rel=\"icon\" type=\"image/png\" href=\"webjars/springfox-swagger-ui/favicon-32x32.png?v=2.9.2\" sizes=\"32x32\" />\n  <link rel=\"icon\" type=\"image/png\" href=\"webjars/springfox-swagger-ui/favicon-16x16.png?v=2.9.2\" sizes=\"16x16\" />\n  <style>\n    html\n    {\n      box-sizing: border-box;\n      overflow: -moz-scrollbars-vertical;\n      overflow-y: scroll;\n    }\n    *,\n    *:before,\n    *:after\n    {\n      box-sizing: inherit;\n    }\n\n    body {\n      margin:0;\n      background: #fafafa;\n    }\n  </style>\n</head>\n\n<body>\n\n<svg xmlns=\"http://www.w3.org/2000/svg\" xmlns:xlink=\"http://www.w3.org/1999/xlink\" style=\"position:absolute;width:0;height:0\">\n  <defs>\n    <symbol viewBox=\"0 0 20 20\" id=\"unlocked\">\n      <path d=\"M15.8 8H14V5.6C14 2.703 12.665 1 10 1 7.334 1 6 2.703 6 5.6V6h2v-.801C8 3.754 8.797 3 10 3c1.203 0 2 .754 2 2.199V8H4c-.553 0-1 .646-1 1.199V17c0 .549.428 1.139.951 1.307l1.197.387C5.672 18.861 6.55 19 7.1 19h5.8c.549 0 1.428-.139 1.951-.307l1.196-.387c.524-.167.953-.757.953-1.306V9.199C17 8.646 16.352 8 15.8 8z\"></path>\n    </symbol>\n\n    <symbol viewBox=\"0 0 20 20\" id=\"locked\">\n      <path d=\"M15.8 8H14V5.6C14 2.703 12.665 1 10 1 7.334 1 6 2.703 6 5.6V8H4c-.553 0-1 .646-1 1.199V17c0 .549.428 1.139.951 1.307l1.197.387C5.672 18.861 6.55 19 7.1 19h5.8c.549 0 1.428-.139 1.951-.307l1.196-.387c.524-.167.953-.757.953-1.306V9.199C17 8.646 16.352 8 15.8 8zM12 8H8V5.199C8 3.754 8.797 3 10 3c1.203 0 2 .754 2 2.199V8z\"/>\n    </symbol>\n\n    <symbol viewBox=\"0 0 20 20\" id=\"close\">\n      <path d=\"M14.348 14.849c-.469.469-1.229.469-1.697 0L10 11.819l-2.651 3.029c-.469.469-1.229.469-1.697 0-.469-.469-.469-1.229 0-1.697l2.758-3.15-2.759-3.152c-.469-.469-.469-1.228 0-1.697.469-.469 1.228-.469 1.697 0L10 8.183l2.651-3.031c.469-.469 1.228-.469 1.697 0 .469.469.469 1.229 0 1.697l-2.758 3.152 2.758 3.15c.469.469.469 1.229 0 1.698z\"/>\n    </symbol>\n\n    <symbol viewBox=\"0 0 20 20\" id=\"large-arrow\">\n      <path d=\"M13.25 10L6.109 2.58c-.268-.27-.268-.707 0-.979.268-.27.701-.27.969 0l7.83 7.908c.268.271.268.709 0 .979l-7.83 7.908c-.268.271-.701.27-.969 0-.268-.269-.268-.707 0-.979L13.25 10z\"/>\n    </symbol>\n\n    <symbol viewBox=\"0 0 20 20\" id=\"large-arrow-down\">\n      <path d=\"M17.418 6.109c.272-.268.709-.268.979 0s.271.701 0 .969l-7.908 7.83c-.27.268-.707.268-.979 0l-7.908-7.83c-.27-.268-.27-.701 0-.969.271-.268.709-.268.979 0L10 13.25l7.418-7.141z\"/>\n    </symbol>\n\n\n    <symbol viewBox=\"0 0 24 24\" id=\"jump-to\">\n      <path d=\"M19 7v4H5.83l3.58-3.59L8 6l-6 6 6 6 1.41-1.41L5.83 13H21V7z\"/>\n    </symbol>\n\n    <symbol viewBox=\"0 0 24 24\" id=\"expand\">\n      <path d=\"M10 18h4v-2h-4v2zM3 6v2h18V6H3zm3 7h12v-2H6v2z\"/>\n    </symbol>\n\n  </defs>\n</svg>\n\n<div id=\"swagger-ui\"></div>\n\n<script src=\"webjars/springfox-swagger-ui/swagger-ui-bundle.js?v=2.9.2\"> </script>\n<script src=\"webjars/springfox-swagger-ui/swagger-ui-standalone-preset.js?v=2.9.2\"> </script>\n<script src=\"webjars/springfox-swagger-ui/springfox.js?v=2.9.2\"> </script>\n</body>\n\n</html>\n",
  "headers": {
    "Vary": "Origin, Access-Control-Request-Method, Access-Control-Request-Headers",
    "Last-Modified": "Fri, 06 Jun 2025 08:22:01 GMT",
    "Accept-Ranges": "bytes",
    "X-Content-Type-Options": "nosniff",
    "X-XSS-Protection": "1; mode=block",
    "Cache-Control": "no-cache, no-store, max-age=0, must-revalidate",
    "Pragma": "no-cache",
    "Expires": "0",
    "X-Frame-Options": "DENY",
    "Content-Type": "text/html",
    "Content-Length": "3318",
    "Date": "Thu, 02 Oct 2025 12:21:46 GMT",
    "Keep-Alive": "timeout=60",
    "Connection": "keep-alive"
  }
}
-----------------------------

Reason: 📦 Unexpected Content-Type: text/html
--- Request ---
{
  "method": "GET",
  "url": "/",
  "headers": {
    "Content-Type": "application/json"
  },
  "body": null,
  "parameters": []
}
--- Response ---
{
  "status": 200,
  "body": "<!-- HTML for static distribution bundle build -->\n<!DOCTYPE html>\n<html lang=\"en\">\n<head>\n  <meta charset=\"UTF-8\">\n  <title>Swagger UI</title>\n  <link rel=\"stylesheet\" type=\"text/css\" href=\"webjars/springfox-swagger-ui/springfox.css?v=2.9.2\" >\n  <link rel=\"stylesheet\" type=\"text/css\" href=\"webjars/springfox-swagger-ui/swagger-ui.css?v=2.9.2\" >\n  <link rel=\"icon\" type=\"image/png\" href=\"webjars/springfox-swagger-ui/favicon-32x32.png?v=2.9.2\" sizes=\"32x32\" />\n  <link rel=\"icon\" type=\"image/png\" href=\"webjars/springfox-swagger-ui/favicon-16x16.png?v=2.9.2\" sizes=\"16x16\" />\n  <style>\n    html\n    {\n      box-sizing: border-box;\n      overflow: -moz-scrollbars-vertical;\n      overflow-y: scroll;\n    }\n    *,\n    *:before,\n    *:after\n    {\n      box-sizing: inherit;\n    }\n\n    body {\n      margin:0;\n      background: #fafafa;\n    }\n  </style>\n</head>\n\n<body>\n\n<svg xmlns=\"http://www.w3.org/2000/svg\" xmlns:xlink=\"http://www.w3.org/1999/xlink\" style=\"position:absolute;width:0;height:0\">\n  <defs>\n    <symbol viewBox=\"0 0 20 20\" id=\"unlocked\">\n      <path d=\"M15.8 8H14V5.6C14 2.703 12.665 1 10 1 7.334 1 6 2.703 6 5.6V6h2v-.801C8 3.754 8.797 3 10 3c1.203 0 2 .754 2 2.199V8H4c-.553 0-1 .646-1 1.199V17c0 .549.428 1.139.951 1.307l1.197.387C5.672 18.861 6.55 19 7.1 19h5.8c.549 0 1.428-.139 1.951-.307l1.196-.387c.524-.167.953-.757.953-1.306V9.199C17 8.646 16.352 8 15.8 8z\"></path>\n    </symbol>\n\n    <symbol viewBox=\"0 0 20 20\" id=\"locked\">\n      <path d=\"M15.8 8H14V5.6C14 2.703 12.665 1 10 1 7.334 1 6 2.703 6 5.6V8H4c-.553 0-1 .646-1 1.199V17c0 .549.428 1.139.951 1.307l1.197.387C5.672 18.861 6.55 19 7.1 19h5.8c.549 0 1.428-.139 1.951-.307l1.196-.387c.524-.167.953-.757.953-1.306V9.199C17 8.646 16.352 8 15.8 8zM12 8H8V5.199C8 3.754 8.797 3 10 3c1.203 0 2 .754 2 2.199V8z\"/>\n    </symbol>\n\n    <symbol viewBox=\"0 0 20 20\" id=\"close\">\n      <path d=\"M14.348 14.849c-.469.469-1.229.469-1.697 0L10 11.819l-2.651 3.029c-.469.469-1.229.469-1.697 0-.469-.469-.469-1.229 0-1.697l2.758-3.15-2.759-3.152c-.469-.469-.469-1.228 0-1.697.469-.469 1.228-.469 1.697 0L10 8.183l2.651-3.031c.469-.469 1.228-.469 1.697 0 .469.469.469 1.229 0 1.697l-2.758 3.152 2.758 3.15c.469.469.469 1.229 0 1.698z\"/>\n    </symbol>\n\n    <symbol viewBox=\"0 0 20 20\" id=\"large-arrow\">\n      <path d=\"M13.25 10L6.109 2.58c-.268-.27-.268-.707 0-.979.268-.27.701-.27.969 0l7.83 7.908c.268.271.268.709 0 .979l-7.83 7.908c-.268.271-.701.27-.969 0-.268-.269-.268-.707 0-.979L13.25 10z\"/>\n    </symbol>\n\n    <symbol viewBox=\"0 0 20 20\" id=\"large-arrow-down\">\n      <path d=\"M17.418 6.109c.272-.268.709-.268.979 0s.271.701 0 .969l-7.908 7.83c-.27.268-.707.268-.979 0l-7.908-7.83c-.27-.268-.27-.701 0-.969.271-.268.709-.268.979 0L10 13.25l7.418-7.141z\"/>\n    </symbol>\n\n\n    <symbol viewBox=\"0 0 24 24\" id=\"jump-to\">\n      <path d=\"M19 7v4H5.83l3.58-3.59L8 6l-6 6 6 6 1.41-1.41L5.83 13H21V7z\"/>\n    </symbol>\n\n    <symbol viewBox=\"0 0 24 24\" id=\"expand\">\n      <path d=\"M10 18h4v-2h-4v2zM3 6v2h18V6H3zm3 7h12v-2H6v2z\"/>\n    </symbol>\n\n  </defs>\n</svg>\n\n<div id=\"swagger-ui\"></div>\n\n<script src=\"webjars/springfox-swagger-ui/swagger-ui-bundle.js?v=2.9.2\"> </script>\n<script src=\"webjars/springfox-swagger-ui/swagger-ui-standalone-preset.js?v=2.9.2\"> </script>\n<script src=\"webjars/springfox-swagger-ui/springfox.js?v=2.9.2\"> </script>\n</body>\n\n</html>\n",
  "headers": {
    "Vary": "Origin, Access-Control-Request-Method, Access-Control-Request-Headers",
    "Last-Modified": "Fri, 06 Jun 2025 08:22:01 GMT",
    "Accept-Ranges": "bytes",
    "X-Content-Type-Options": "nosniff",
    "X-XSS-Protection": "1; mode=block",
    "Cache-Control": "no-cache, no-store, max-age=0, must-revalidate",
    "Pragma": "no-cache",
    "Expires": "0",
    "X-Frame-Options": "DENY",
    "Content-Type": "text/html",
    "Content-Length": "3318",
    "Date": "Thu, 02 Oct 2025 12:21:46 GMT",
    "Keep-Alive": "timeout=60",
    "Connection": "keep-alive"
  }
}
-----------------------------

Reason: 📦 Unexpected Content-Type: text/html
--- Request ---
{
  "method": "DELETE",
  "url": "/",
  "headers": {
    "Content-Type": "application/json"
  },
  "body": null,
  "parameters": []
}
--- Response ---
{
  "status": 200,
  "body": "<!-- HTML for static distribution bundle build -->\n<!DOCTYPE html>\n<html lang=\"en\">\n<head>\n  <meta charset=\"UTF-8\">\n  <title>Swagger UI</title>\n  <link rel=\"stylesheet\" type=\"text/css\" href=\"webjars/springfox-swagger-ui/springfox.css?v=2.9.2\" >\n  <link rel=\"stylesheet\" type=\"text/css\" href=\"webjars/springfox-swagger-ui/swagger-ui.css?v=2.9.2\" >\n  <link rel=\"icon\" type=\"image/png\" href=\"webjars/springfox-swagger-ui/favicon-32x32.png?v=2.9.2\" sizes=\"32x32\" />\n  <link rel=\"icon\" type=\"image/png\" href=\"webjars/springfox-swagger-ui/favicon-16x16.png?v=2.9.2\" sizes=\"16x16\" />\n  <style>\n    html\n    {\n      box-sizing: border-box;\n      overflow: -moz-scrollbars-vertical;\n      overflow-y: scroll;\n    }\n    *,\n    *:before,\n    *:after\n    {\n      box-sizing: inherit;\n    }\n\n    body {\n      margin:0;\n      background: #fafafa;\n    }\n  </style>\n</head>\n\n<body>\n\n<svg xmlns=\"http://www.w3.org/2000/svg\" xmlns:xlink=\"http://www.w3.org/1999/xlink\" style=\"position:absolute;width:0;height:0\">\n  <defs>\n    <symbol viewBox=\"0 0 20 20\" id=\"unlocked\">\n      <path d=\"M15.8 8H14V5.6C14 2.703 12.665 1 10 1 7.334 1 6 2.703 6 5.6V6h2v-.801C8 3.754 8.797 3 10 3c1.203 0 2 .754 2 2.199V8H4c-.553 0-1 .646-1 1.199V17c0 .549.428 1.139.951 1.307l1.197.387C5.672 18.861 6.55 19 7.1 19h5.8c.549 0 1.428-.139 1.951-.307l1.196-.387c.524-.167.953-.757.953-1.306V9.199C17 8.646 16.352 8 15.8 8z\"></path>\n    </symbol>\n\n    <symbol viewBox=\"0 0 20 20\" id=\"locked\">\n      <path d=\"M15.8 8H14V5.6C14 2.703 12.665 1 10 1 7.334 1 6 2.703 6 5.6V8H4c-.553 0-1 .646-1 1.199V17c0 .549.428 1.139.951 1.307l1.197.387C5.672 18.861 6.55 19 7.1 19h5.8c.549 0 1.428-.139 1.951-.307l1.196-.387c.524-.167.953-.757.953-1.306V9.199C17 8.646 16.352 8 15.8 8zM12 8H8V5.199C8 3.754 8.797 3 10 3c1.203 0 2 .754 2 2.199V8z\"/>\n    </symbol>\n\n    <symbol viewBox=\"0 0 20 20\" id=\"close\">\n      <path d=\"M14.348 14.849c-.469.469-1.229.469-1.697 0L10 11.819l-2.651 3.029c-.469.469-1.229.469-1.697 0-.469-.469-.469-1.229 0-1.697l2.758-3.15-2.759-3.152c-.469-.469-.469-1.228 0-1.697.469-.469 1.228-.469 1.697 0L10 8.183l2.651-3.031c.469-.469 1.228-.469 1.697 0 .469.469.469 1.229 0 1.697l-2.758 3.152 2.758 3.15c.469.469.469 1.229 0 1.698z\"/>\n    </symbol>\n\n    <symbol viewBox=\"0 0 20 20\" id=\"large-arrow\">\n      <path d=\"M13.25 10L6.109 2.58c-.268-.27-.268-.707 0-.979.268-.27.701-.27.969 0l7.83 7.908c.268.271.268.709 0 .979l-7.83 7.908c-.268.271-.701.27-.969 0-.268-.269-.268-.707 0-.979L13.25 10z\"/>\n    </symbol>\n\n    <symbol viewBox=\"0 0 20 20\" id=\"large-arrow-down\">\n      <path d=\"M17.418 6.109c.272-.268.709-.268.979 0s.271.701 0 .969l-7.908 7.83c-.27.268-.707.268-.979 0l-7.908-7.83c-.27-.268-.27-.701 0-.969.271-.268.709-.268.979 0L10 13.25l7.418-7.141z\"/>\n    </symbol>\n\n\n    <symbol viewBox=\"0 0 24 24\" id=\"jump-to\">\n      <path d=\"M19 7v4H5.83l3.58-3.59L8 6l-6 6 6 6 1.41-1.41L5.83 13H21V7z\"/>\n    </symbol>\n\n    <symbol viewBox=\"0 0 24 24\" id=\"expand\">\n      <path d=\"M10 18h4v-2h-4v2zM3 6v2h18V6H3zm3 7h12v-2H6v2z\"/>\n    </symbol>\n\n  </defs>\n</svg>\n\n<div id=\"swagger-ui\"></div>\n\n<script src=\"webjars/springfox-swagger-ui/swagger-ui-bundle.js?v=2.9.2\"> </script>\n<script src=\"webjars/springfox-swagger-ui/swagger-ui-standalone-preset.js?v=2.9.2\"> </script>\n<script src=\"webjars/springfox-swagger-ui/springfox.js?v=2.9.2\"> </script>\n</body>\n\n</html>\n",
  "headers": {
    "Vary": "Origin, Access-Control-Request-Method, Access-Control-Request-Headers",
    "Last-Modified": "Fri, 06 Jun 2025 08:22:01 GMT",
    "Accept-Ranges": "bytes",
    "X-Content-Type-Options": "nosniff",
    "X-XSS-Protection": "1; mode=block",
    "Cache-Control": "no-cache, no-store, max-age=0, must-revalidate",
    "Pragma": "no-cache",
    "Expires": "0",
    "X-Frame-Options": "DENY",
    "Content-Type": "text/html",
    "Content-Length": "3318",
    "Date": "Thu, 02 Oct 2025 12:21:46 GMT",
    "Keep-Alive": "timeout=60",
    "Connection": "keep-alive"
  }
}
-----------------------------

Reason: 📦 Unexpected Content-Type: text/html
--- Request ---
{
  "method": "HEAD",
  "url": "/",
  "headers": {
    "Content-Type": "application/json"
  },
  "body": null,
  "parameters": []
}
--- Response ---
{
  "status": 200,
  "body": "",
  "headers": {
    "Vary": "Origin, Access-Control-Request-Method, Access-Control-Request-Headers",
    "Last-Modified": "Fri, 06 Jun 2025 08:22:01 GMT",
    "Accept-Ranges": "bytes",
    "X-Content-Type-Options": "nosniff",
    "X-XSS-Protection": "1; mode=block",
    "Cache-Control": "no-cache, no-store, max-age=0, must-revalidate",
    "Pragma": "no-cache",
    "Expires": "0",
    "X-Frame-Options": "DENY",
    "Content-Type": "text/html",
    "Content-Length": "3318",
    "Date": "Thu, 02 Oct 2025 12:21:46 GMT",
    "Keep-Alive": "timeout=60",
    "Connection": "keep-alive"
  }
}
-----------------------------

Reason: 📦 Unexpected Content-Type: text/html
--- Request ---
{
  "method": "GET",
  "url": "/",
  "headers": {
    "Content-Type": "application/json"
  },
  "body": null,
  "parameters": []
}
--- Response ---
{
  "status": 200,
  "body": "<!-- HTML for static distribution bundle build -->\n<!DOCTYPE html>\n<html lang=\"en\">\n<head>\n  <meta charset=\"UTF-8\">\n  <title>Swagger UI</title>\n  <link rel=\"stylesheet\" type=\"text/css\" href=\"webjars/springfox-swagger-ui/springfox.css?v=2.9.2\" >\n  <link rel=\"stylesheet\" type=\"text/css\" href=\"webjars/springfox-swagger-ui/swagger-ui.css?v=2.9.2\" >\n  <link rel=\"icon\" type=\"image/png\" href=\"webjars/springfox-swagger-ui/favicon-32x32.png?v=2.9.2\" sizes=\"32x32\" />\n  <link rel=\"icon\" type=\"image/png\" href=\"webjars/springfox-swagger-ui/favicon-16x16.png?v=2.9.2\" sizes=\"16x16\" />\n  <style>\n    html\n    {\n      box-sizing: border-box;\n      overflow: -moz-scrollbars-vertical;\n      overflow-y: scroll;\n    }\n    *,\n    *:before,\n    *:after\n    {\n      box-sizing: inherit;\n    }\n\n    body {\n      margin:0;\n      background: #fafafa;\n    }\n  </style>\n</head>\n\n<body>\n\n<svg xmlns=\"http://www.w3.org/2000/svg\" xmlns:xlink=\"http://www.w3.org/1999/xlink\" style=\"position:absolute;width:0;height:0\">\n  <defs>\n    <symbol viewBox=\"0 0 20 20\" id=\"unlocked\">\n      <path d=\"M15.8 8H14V5.6C14 2.703 12.665 1 10 1 7.334 1 6 2.703 6 5.6V6h2v-.801C8 3.754 8.797 3 10 3c1.203 0 2 .754 2 2.199V8H4c-.553 0-1 .646-1 1.199V17c0 .549.428 1.139.951 1.307l1.197.387C5.672 18.861 6.55 19 7.1 19h5.8c.549 0 1.428-.139 1.951-.307l1.196-.387c.524-.167.953-.757.953-1.306V9.199C17 8.646 16.352 8 15.8 8z\"></path>\n    </symbol>\n\n    <symbol viewBox=\"0 0 20 20\" id=\"locked\">\n      <path d=\"M15.8 8H14V5.6C14 2.703 12.665 1 10 1 7.334 1 6 2.703 6 5.6V8H4c-.553 0-1 .646-1 1.199V17c0 .549.428 1.139.951 1.307l1.197.387C5.672 18.861 6.55 19 7.1 19h5.8c.549 0 1.428-.139 1.951-.307l1.196-.387c.524-.167.953-.757.953-1.306V9.199C17 8.646 16.352 8 15.8 8zM12 8H8V5.199C8 3.754 8.797 3 10 3c1.203 0 2 .754 2 2.199V8z\"/>\n    </symbol>\n\n    <symbol viewBox=\"0 0 20 20\" id=\"close\">\n      <path d=\"M14.348 14.849c-.469.469-1.229.469-1.697 0L10 11.819l-2.651 3.029c-.469.469-1.229.469-1.697 0-.469-.469-.469-1.229 0-1.697l2.758-3.15-2.759-3.152c-.469-.469-.469-1.228 0-1.697.469-.469 1.228-.469 1.697 0L10 8.183l2.651-3.031c.469-.469 1.228-.469 1.697 0 .469.469.469 1.229 0 1.697l-2.758 3.152 2.758 3.15c.469.469.469 1.229 0 1.698z\"/>\n    </symbol>\n\n    <symbol viewBox=\"0 0 20 20\" id=\"large-arrow\">\n      <path d=\"M13.25 10L6.109 2.58c-.268-.27-.268-.707 0-.979.268-.27.701-.27.969 0l7.83 7.908c.268.271.268.709 0 .979l-7.83 7.908c-.268.271-.701.27-.969 0-.268-.269-.268-.707 0-.979L13.25 10z\"/>\n    </symbol>\n\n    <symbol viewBox=\"0 0 20 20\" id=\"large-arrow-down\">\n      <path d=\"M17.418 6.109c.272-.268.709-.268.979 0s.271.701 0 .969l-7.908 7.83c-.27.268-.707.268-.979 0l-7.908-7.83c-.27-.268-.27-.701 0-.969.271-.268.709-.268.979 0L10 13.25l7.418-7.141z\"/>\n    </symbol>\n\n\n    <symbol viewBox=\"0 0 24 24\" id=\"jump-to\">\n      <path d=\"M19 7v4H5.83l3.58-3.59L8 6l-6 6 6 6 1.41-1.41L5.83 13H21V7z\"/>\n    </symbol>\n\n    <symbol viewBox=\"0 0 24 24\" id=\"expand\">\n      <path d=\"M10 18h4v-2h-4v2zM3 6v2h18V6H3zm3 7h12v-2H6v2z\"/>\n    </symbol>\n\n  </defs>\n</svg>\n\n<div id=\"swagger-ui\"></div>\n\n<script src=\"webjars/springfox-swagger-ui/swagger-ui-bundle.js?v=2.9.2\"> </script>\n<script src=\"webjars/springfox-swagger-ui/swagger-ui-standalone-preset.js?v=2.9.2\"> </script>\n<script src=\"webjars/springfox-swagger-ui/springfox.js?v=2.9.2\"> </script>\n</body>\n\n</html>\n",
  "headers": {
    "Vary": "Origin, Access-Control-Request-Method, Access-Control-Request-Headers",
    "Last-Modified": "Fri, 06 Jun 2025 08:22:01 GMT",
    "Accept-Ranges": "bytes",
    "X-Content-Type-Options": "nosniff",
    "X-XSS-Protection": "1; mode=block",
    "Cache-Control": "no-cache, no-store, max-age=0, must-revalidate",
    "Pragma": "no-cache",
    "Expires": "0",
    "X-Frame-Options": "DENY",
    "Content-Type": "text/html",
    "Content-Length": "3318",
    "Date": "Thu, 02 Oct 2025 12:21:47 GMT",
    "Keep-Alive": "timeout=60",
    "Connection": "keep-alive"
  }
}
-----------------------------

Reason: 📦 Unexpected Content-Type: text/html
--- Request ---
{
  "method": "HEAD",
  "url": "/",
  "headers": {
    "Content-Type": "application/json"
  },
  "body": null,
  "parameters": []
}
--- Response ---
{
  "status": 200,
  "body": "",
  "headers": {
    "Vary": "Origin, Access-Control-Request-Method, Access-Control-Request-Headers",
    "Last-Modified": "Fri, 06 Jun 2025 08:22:01 GMT",
    "Accept-Ranges": "bytes",
    "X-Content-Type-Options": "nosniff",
    "X-XSS-Protection": "1; mode=block",
    "Cache-Control": "no-cache, no-store, max-age=0, must-revalidate",
    "Pragma": "no-cache",
    "Expires": "0",
    "X-Frame-Options": "DENY",
    "Content-Type": "text/html",
    "Content-Length": "3318",
    "Date": "Thu, 02 Oct 2025 12:21:48 GMT",
    "Keep-Alive": "timeout=60",
    "Connection": "keep-alive"
  }
}
-----------------------------

Reason: 📦 Unexpected Content-Type: text/html
--- Request ---
{
  "method": "HEAD",
  "url": "/",
  "headers": {
    "Content-Type": "application/json"
  },
  "body": null,
  "parameters": []
}
--- Response ---
{
  "status": 200,
  "body": "",
  "headers": {
    "Vary": "Origin, Access-Control-Request-Method, Access-Control-Request-Headers",
    "Last-Modified": "Fri, 06 Jun 2025 08:22:01 GMT",
    "Accept-Ranges": "bytes",
    "X-Content-Type-Options": "nosniff",
    "X-XSS-Protection": "1; mode=block",
    "Cache-Control": "no-cache, no-store, max-age=0, must-revalidate",
    "Pragma": "no-cache",
    "Expires": "0",
    "X-Frame-Options": "DENY",
    "Content-Type": "text/html",
    "Content-Length": "3318",
    "Date": "Thu, 02 Oct 2025 12:21:49 GMT",
    "Keep-Alive": "timeout=60",
    "Connection": "keep-alive"
  }
}
-----------------------------

Reason: 📦 Unexpected Content-Type: text/html
--- Request ---
{
  "method": "HEAD",
  "url": "/",
  "headers": {
    "Content-Type": "application/json"
  },
  "body": null,
  "parameters": []
}
--- Response ---
{
  "status": 200,
  "body": "",
  "headers": {
    "Vary": "Origin, Access-Control-Request-Method, Access-Control-Request-Headers",
    "Last-Modified": "Fri, 06 Jun 2025 08:22:01 GMT",
    "Accept-Ranges": "bytes",
    "X-Content-Type-Options": "nosniff",
    "X-XSS-Protection": "1; mode=block",
    "Cache-Control": "no-cache, no-store, max-age=0, must-revalidate",
    "Pragma": "no-cache",
    "Expires": "0",
    "X-Frame-Options": "DENY",
    "Content-Type": "text/html",
    "Content-Length": "3318",
    "Date": "Thu, 02 Oct 2025 12:21:49 GMT",
    "Keep-Alive": "timeout=60",
    "Connection": "keep-alive"
  }
}
-----------------------------

Reason: 📦 Unexpected Content-Type: text/html
--- Request ---
{
  "method": "PUT",
  "url": "/",
  "headers": {
    "Content-Type": "application/json"
  },
  "body": null,
  "parameters": []
}
--- Response ---
{
  "status": 200,
  "body": "<!-- HTML for static distribution bundle build -->\n<!DOCTYPE html>\n<html lang=\"en\">\n<head>\n  <meta charset=\"UTF-8\">\n  <title>Swagger UI</title>\n  <link rel=\"stylesheet\" type=\"text/css\" href=\"webjars/springfox-swagger-ui/springfox.css?v=2.9.2\" >\n  <link rel=\"stylesheet\" type=\"text/css\" href=\"webjars/springfox-swagger-ui/swagger-ui.css?v=2.9.2\" >\n  <link rel=\"icon\" type=\"image/png\" href=\"webjars/springfox-swagger-ui/favicon-32x32.png?v=2.9.2\" sizes=\"32x32\" />\n  <link rel=\"icon\" type=\"image/png\" href=\"webjars/springfox-swagger-ui/favicon-16x16.png?v=2.9.2\" sizes=\"16x16\" />\n  <style>\n    html\n    {\n      box-sizing: border-box;\n      overflow: -moz-scrollbars-vertical;\n      overflow-y: scroll;\n    }\n    *,\n    *:before,\n    *:after\n    {\n      box-sizing: inherit;\n    }\n\n    body {\n      margin:0;\n      background: #fafafa;\n    }\n  </style>\n</head>\n\n<body>\n\n<svg xmlns=\"http://www.w3.org/2000/svg\" xmlns:xlink=\"http://www.w3.org/1999/xlink\" style=\"position:absolute;width:0;height:0\">\n  <defs>\n    <symbol viewBox=\"0 0 20 20\" id=\"unlocked\">\n      <path d=\"M15.8 8H14V5.6C14 2.703 12.665 1 10 1 7.334 1 6 2.703 6 5.6V6h2v-.801C8 3.754 8.797 3 10 3c1.203 0 2 .754 2 2.199V8H4c-.553 0-1 .646-1 1.199V17c0 .549.428 1.139.951 1.307l1.197.387C5.672 18.861 6.55 19 7.1 19h5.8c.549 0 1.428-.139 1.951-.307l1.196-.387c.524-.167.953-.757.953-1.306V9.199C17 8.646 16.352 8 15.8 8z\"></path>\n    </symbol>\n\n    <symbol viewBox=\"0 0 20 20\" id=\"locked\">\n      <path d=\"M15.8 8H14V5.6C14 2.703 12.665 1 10 1 7.334 1 6 2.703 6 5.6V8H4c-.553 0-1 .646-1 1.199V17c0 .549.428 1.139.951 1.307l1.197.387C5.672 18.861 6.55 19 7.1 19h5.8c.549 0 1.428-.139 1.951-.307l1.196-.387c.524-.167.953-.757.953-1.306V9.199C17 8.646 16.352 8 15.8 8zM12 8H8V5.199C8 3.754 8.797 3 10 3c1.203 0 2 .754 2 2.199V8z\"/>\n    </symbol>\n\n    <symbol viewBox=\"0 0 20 20\" id=\"close\">\n      <path d=\"M14.348 14.849c-.469.469-1.229.469-1.697 0L10 11.819l-2.651 3.029c-.469.469-1.229.469-1.697 0-.469-.469-.469-1.229 0-1.697l2.758-3.15-2.759-3.152c-.469-.469-.469-1.228 0-1.697.469-.469 1.228-.469 1.697 0L10 8.183l2.651-3.031c.469-.469 1.228-.469 1.697 0 .469.469.469 1.229 0 1.697l-2.758 3.152 2.758 3.15c.469.469.469 1.229 0 1.698z\"/>\n    </symbol>\n\n    <symbol viewBox=\"0 0 20 20\" id=\"large-arrow\">\n      <path d=\"M13.25 10L6.109 2.58c-.268-.27-.268-.707 0-.979.268-.27.701-.27.969 0l7.83 7.908c.268.271.268.709 0 .979l-7.83 7.908c-.268.271-.701.27-.969 0-.268-.269-.268-.707 0-.979L13.25 10z\"/>\n    </symbol>\n\n    <symbol viewBox=\"0 0 20 20\" id=\"large-arrow-down\">\n      <path d=\"M17.418 6.109c.272-.268.709-.268.979 0s.271.701 0 .969l-7.908 7.83c-.27.268-.707.268-.979 0l-7.908-7.83c-.27-.268-.27-.701 0-.969.271-.268.709-.268.979 0L10 13.25l7.418-7.141z\"/>\n    </symbol>\n\n\n    <symbol viewBox=\"0 0 24 24\" id=\"jump-to\">\n      <path d=\"M19 7v4H5.83l3.58-3.59L8 6l-6 6 6 6 1.41-1.41L5.83 13H21V7z\"/>\n    </symbol>\n\n    <symbol viewBox=\"0 0 24 24\" id=\"expand\">\n      <path d=\"M10 18h4v-2h-4v2zM3 6v2h18V6H3zm3 7h12v-2H6v2z\"/>\n    </symbol>\n\n  </defs>\n</svg>\n\n<div id=\"swagger-ui\"></div>\n\n<script src=\"webjars/springfox-swagger-ui/swagger-ui-bundle.js?v=2.9.2\"> </script>\n<script src=\"webjars/springfox-swagger-ui/swagger-ui-standalone-preset.js?v=2.9.2\"> </script>\n<script src=\"webjars/springfox-swagger-ui/springfox.js?v=2.9.2\"> </script>\n</body>\n\n</html>\n",
  "headers": {
    "Vary": "Origin, Access-Control-Request-Method, Access-Control-Request-Headers",
    "Last-Modified": "Fri, 06 Jun 2025 08:22:01 GMT",
    "Accept-Ranges": "bytes",
    "X-Content-Type-Options": "nosniff",
    "X-XSS-Protection": "1; mode=block",
    "Cache-Control": "no-cache, no-store, max-age=0, must-revalidate",
    "Pragma": "no-cache",
    "Expires": "0",
    "X-Frame-Options": "DENY",
    "Content-Type": "text/html",
    "Content-Length": "3318",
    "Date": "Thu, 02 Oct 2025 12:21:50 GMT",
    "Keep-Alive": "timeout=60",
    "Connection": "keep-alive"
  }
}
-----------------------------

Reason: 📦 Unexpected Content-Type: text/html
--- Request ---
{
  "method": "PUT",
  "url": "/",
  "headers": {
    "Content-Type": "application/json"
  },
  "body": null,
  "parameters": []
}
--- Response ---
{
  "status": 200,
  "body": "<!-- HTML for static distribution bundle build -->\n<!DOCTYPE html>\n<html lang=\"en\">\n<head>\n  <meta charset=\"UTF-8\">\n  <title>Swagger UI</title>\n  <link rel=\"stylesheet\" type=\"text/css\" href=\"webjars/springfox-swagger-ui/springfox.css?v=2.9.2\" >\n  <link rel=\"stylesheet\" type=\"text/css\" href=\"webjars/springfox-swagger-ui/swagger-ui.css?v=2.9.2\" >\n  <link rel=\"icon\" type=\"image/png\" href=\"webjars/springfox-swagger-ui/favicon-32x32.png?v=2.9.2\" sizes=\"32x32\" />\n  <link rel=\"icon\" type=\"image/png\" href=\"webjars/springfox-swagger-ui/favicon-16x16.png?v=2.9.2\" sizes=\"16x16\" />\n  <style>\n    html\n    {\n      box-sizing: border-box;\n      overflow: -moz-scrollbars-vertical;\n      overflow-y: scroll;\n    }\n    *,\n    *:before,\n    *:after\n    {\n      box-sizing: inherit;\n    }\n\n    body {\n      margin:0;\n      background: #fafafa;\n    }\n  </style>\n</head>\n\n<body>\n\n<svg xmlns=\"http://www.w3.org/2000/svg\" xmlns:xlink=\"http://www.w3.org/1999/xlink\" style=\"position:absolute;width:0;height:0\">\n  <defs>\n    <symbol viewBox=\"0 0 20 20\" id=\"unlocked\">\n      <path d=\"M15.8 8H14V5.6C14 2.703 12.665 1 10 1 7.334 1 6 2.703 6 5.6V6h2v-.801C8 3.754 8.797 3 10 3c1.203 0 2 .754 2 2.199V8H4c-.553 0-1 .646-1 1.199V17c0 .549.428 1.139.951 1.307l1.197.387C5.672 18.861 6.55 19 7.1 19h5.8c.549 0 1.428-.139 1.951-.307l1.196-.387c.524-.167.953-.757.953-1.306V9.199C17 8.646 16.352 8 15.8 8z\"></path>\n    </symbol>\n\n    <symbol viewBox=\"0 0 20 20\" id=\"locked\">\n      <path d=\"M15.8 8H14V5.6C14 2.703 12.665 1 10 1 7.334 1 6 2.703 6 5.6V8H4c-.553 0-1 .646-1 1.199V17c0 .549.428 1.139.951 1.307l1.197.387C5.672 18.861 6.55 19 7.1 19h5.8c.549 0 1.428-.139 1.951-.307l1.196-.387c.524-.167.953-.757.953-1.306V9.199C17 8.646 16.352 8 15.8 8zM12 8H8V5.199C8 3.754 8.797 3 10 3c1.203 0 2 .754 2 2.199V8z\"/>\n    </symbol>\n\n    <symbol viewBox=\"0 0 20 20\" id=\"close\">\n      <path d=\"M14.348 14.849c-.469.469-1.229.469-1.697 0L10 11.819l-2.651 3.029c-.469.469-1.229.469-1.697 0-.469-.469-.469-1.229 0-1.697l2.758-3.15-2.759-3.152c-.469-.469-.469-1.228 0-1.697.469-.469 1.228-.469 1.697 0L10 8.183l2.651-3.031c.469-.469 1.228-.469 1.697 0 .469.469.469 1.229 0 1.697l-2.758 3.152 2.758 3.15c.469.469.469 1.229 0 1.698z\"/>\n    </symbol>\n\n    <symbol viewBox=\"0 0 20 20\" id=\"large-arrow\">\n      <path d=\"M13.25 10L6.109 2.58c-.268-.27-.268-.707 0-.979.268-.27.701-.27.969 0l7.83 7.908c.268.271.268.709 0 .979l-7.83 7.908c-.268.271-.701.27-.969 0-.268-.269-.268-.707 0-.979L13.25 10z\"/>\n    </symbol>\n\n    <symbol viewBox=\"0 0 20 20\" id=\"large-arrow-down\">\n      <path d=\"M17.418 6.109c.272-.268.709-.268.979 0s.271.701 0 .969l-7.908 7.83c-.27.268-.707.268-.979 0l-7.908-7.83c-.27-.268-.27-.701 0-.969.271-.268.709-.268.979 0L10 13.25l7.418-7.141z\"/>\n    </symbol>\n\n\n    <symbol viewBox=\"0 0 24 24\" id=\"jump-to\">\n      <path d=\"M19 7v4H5.83l3.58-3.59L8 6l-6 6 6 6 1.41-1.41L5.83 13H21V7z\"/>\n    </symbol>\n\n    <symbol viewBox=\"0 0 24 24\" id=\"expand\">\n      <path d=\"M10 18h4v-2h-4v2zM3 6v2h18V6H3zm3 7h12v-2H6v2z\"/>\n    </symbol>\n\n  </defs>\n</svg>\n\n<div id=\"swagger-ui\"></div>\n\n<script src=\"webjars/springfox-swagger-ui/swagger-ui-bundle.js?v=2.9.2\"> </script>\n<script src=\"webjars/springfox-swagger-ui/swagger-ui-standalone-preset.js?v=2.9.2\"> </script>\n<script src=\"webjars/springfox-swagger-ui/springfox.js?v=2.9.2\"> </script>\n</body>\n\n</html>\n",
  "headers": {
    "Vary": "Origin, Access-Control-Request-Method, Access-Control-Request-Headers",
    "Last-Modified": "Fri, 06 Jun 2025 08:22:01 GMT",
    "Accept-Ranges": "bytes",
    "X-Content-Type-Options": "nosniff",
    "X-XSS-Protection": "1; mode=block",
    "Cache-Control": "no-cache, no-store, max-age=0, must-revalidate",
    "Pragma": "no-cache",
    "Expires": "0",
    "X-Frame-Options": "DENY",
    "Content-Type": "text/html",
    "Content-Length": "3318",
    "Date": "Thu, 02 Oct 2025 12:21:54 GMT",
    "Keep-Alive": "timeout=60",
    "Connection": "keep-alive"
  }
}
-----------------------------

Reason: 📦 Unexpected Content-Type: text/html
--- Request ---
{
  "method": "HEAD",
  "url": "/",
  "headers": {
    "Content-Type": "application/json"
  },
  "body": null,
  "parameters": []
}
--- Response ---
{
  "status": 200,
  "body": "",
  "headers": {
    "Vary": "Origin, Access-Control-Request-Method, Access-Control-Request-Headers",
    "Last-Modified": "Fri, 06 Jun 2025 08:22:01 GMT",
    "Accept-Ranges": "bytes",
    "X-Content-Type-Options": "nosniff",
    "X-XSS-Protection": "1; mode=block",
    "Cache-Control": "no-cache, no-store, max-age=0, must-revalidate",
    "Pragma": "no-cache",
    "Expires": "0",
    "X-Frame-Options": "DENY",
    "Content-Type": "text/html",
    "Content-Length": "3318",
    "Date": "Thu, 02 Oct 2025 12:21:55 GMT",
    "Keep-Alive": "timeout=60",
    "Connection": "keep-alive"
  }
}
-----------------------------

Reason: 📦 Unexpected Content-Type: text/html
--- Request ---
{
  "method": "POST",
  "url": "/",
  "headers": {
    "Content-Type": "application/json"
  },
  "body": null,
  "parameters": []
}
--- Response ---
{
  "status": 200,
  "body": "<!-- HTML for static distribution bundle build -->\n<!DOCTYPE html>\n<html lang=\"en\">\n<head>\n  <meta charset=\"UTF-8\">\n  <title>Swagger UI</title>\n  <link rel=\"stylesheet\" type=\"text/css\" href=\"webjars/springfox-swagger-ui/springfox.css?v=2.9.2\" >\n  <link rel=\"stylesheet\" type=\"text/css\" href=\"webjars/springfox-swagger-ui/swagger-ui.css?v=2.9.2\" >\n  <link rel=\"icon\" type=\"image/png\" href=\"webjars/springfox-swagger-ui/favicon-32x32.png?v=2.9.2\" sizes=\"32x32\" />\n  <link rel=\"icon\" type=\"image/png\" href=\"webjars/springfox-swagger-ui/favicon-16x16.png?v=2.9.2\" sizes=\"16x16\" />\n  <style>\n    html\n    {\n      box-sizing: border-box;\n      overflow: -moz-scrollbars-vertical;\n      overflow-y: scroll;\n    }\n    *,\n    *:before,\n    *:after\n    {\n      box-sizing: inherit;\n    }\n\n    body {\n      margin:0;\n      background: #fafafa;\n    }\n  </style>\n</head>\n\n<body>\n\n<svg xmlns=\"http://www.w3.org/2000/svg\" xmlns:xlink=\"http://www.w3.org/1999/xlink\" style=\"position:absolute;width:0;height:0\">\n  <defs>\n    <symbol viewBox=\"0 0 20 20\" id=\"unlocked\">\n      <path d=\"M15.8 8H14V5.6C14 2.703 12.665 1 10 1 7.334 1 6 2.703 6 5.6V6h2v-.801C8 3.754 8.797 3 10 3c1.203 0 2 .754 2 2.199V8H4c-.553 0-1 .646-1 1.199V17c0 .549.428 1.139.951 1.307l1.197.387C5.672 18.861 6.55 19 7.1 19h5.8c.549 0 1.428-.139 1.951-.307l1.196-.387c.524-.167.953-.757.953-1.306V9.199C17 8.646 16.352 8 15.8 8z\"></path>\n    </symbol>\n\n    <symbol viewBox=\"0 0 20 20\" id=\"locked\">\n      <path d=\"M15.8 8H14V5.6C14 2.703 12.665 1 10 1 7.334 1 6 2.703 6 5.6V8H4c-.553 0-1 .646-1 1.199V17c0 .549.428 1.139.951 1.307l1.197.387C5.672 18.861 6.55 19 7.1 19h5.8c.549 0 1.428-.139 1.951-.307l1.196-.387c.524-.167.953-.757.953-1.306V9.199C17 8.646 16.352 8 15.8 8zM12 8H8V5.199C8 3.754 8.797 3 10 3c1.203 0 2 .754 2 2.199V8z\"/>\n    </symbol>\n\n    <symbol viewBox=\"0 0 20 20\" id=\"close\">\n      <path d=\"M14.348 14.849c-.469.469-1.229.469-1.697 0L10 11.819l-2.651 3.029c-.469.469-1.229.469-1.697 0-.469-.469-.469-1.229 0-1.697l2.758-3.15-2.759-3.152c-.469-.469-.469-1.228 0-1.697.469-.469 1.228-.469 1.697 0L10 8.183l2.651-3.031c.469-.469 1.228-.469 1.697 0 .469.469.469 1.229 0 1.697l-2.758 3.152 2.758 3.15c.469.469.469 1.229 0 1.698z\"/>\n    </symbol>\n\n    <symbol viewBox=\"0 0 20 20\" id=\"large-arrow\">\n      <path d=\"M13.25 10L6.109 2.58c-.268-.27-.268-.707 0-.979.268-.27.701-.27.969 0l7.83 7.908c.268.271.268.709 0 .979l-7.83 7.908c-.268.271-.701.27-.969 0-.268-.269-.268-.707 0-.979L13.25 10z\"/>\n    </symbol>\n\n    <symbol viewBox=\"0 0 20 20\" id=\"large-arrow-down\">\n      <path d=\"M17.418 6.109c.272-.268.709-.268.979 0s.271.701 0 .969l-7.908 7.83c-.27.268-.707.268-.979 0l-7.908-7.83c-.27-.268-.27-.701 0-.969.271-.268.709-.268.979 0L10 13.25l7.418-7.141z\"/>\n    </symbol>\n\n\n    <symbol viewBox=\"0 0 24 24\" id=\"jump-to\">\n      <path d=\"M19 7v4H5.83l3.58-3.59L8 6l-6 6 6 6 1.41-1.41L5.83 13H21V7z\"/>\n    </symbol>\n\n    <symbol viewBox=\"0 0 24 24\" id=\"expand\">\n      <path d=\"M10 18h4v-2h-4v2zM3 6v2h18V6H3zm3 7h12v-2H6v2z\"/>\n    </symbol>\n\n  </defs>\n</svg>\n\n<div id=\"swagger-ui\"></div>\n\n<script src=\"webjars/springfox-swagger-ui/swagger-ui-bundle.js?v=2.9.2\"> </script>\n<script src=\"webjars/springfox-swagger-ui/swagger-ui-standalone-preset.js?v=2.9.2\"> </script>\n<script src=\"webjars/springfox-swagger-ui/springfox.js?v=2.9.2\"> </script>\n</body>\n\n</html>\n",
  "headers": {
    "Vary": "Origin, Access-Control-Request-Method, Access-Control-Request-Headers",
    "Last-Modified": "Fri, 06 Jun 2025 08:22:01 GMT",
    "Accept-Ranges": "bytes",
    "X-Content-Type-Options": "nosniff",
    "X-XSS-Protection": "1; mode=block",
    "Cache-Control": "no-cache, no-store, max-age=0, must-revalidate",
    "Pragma": "no-cache",
    "Expires": "0",
    "X-Frame-Options": "DENY",
    "Content-Type": "text/html",
    "Content-Length": "3318",
    "Date": "Thu, 02 Oct 2025 12:21:57 GMT",
    "Keep-Alive": "timeout=60",
    "Connection": "keep-alive"
  }
}
-----------------------------

Reason: 📦 Unexpected Content-Type: text/html
--- Request ---
{
  "method": "HEAD",
  "url": "/",
  "headers": {
    "Content-Type": "application/json"
  },
  "body": null,
  "parameters": []
}
--- Response ---
{
  "status": 200,
  "body": "",
  "headers": {
    "Vary": "Origin, Access-Control-Request-Method, Access-Control-Request-Headers",
    "Last-Modified": "Fri, 06 Jun 2025 08:22:01 GMT",
    "Accept-Ranges": "bytes",
    "X-Content-Type-Options": "nosniff",
    "X-XSS-Protection": "1; mode=block",
    "Cache-Control": "no-cache, no-store, max-age=0, must-revalidate",
    "Pragma": "no-cache",
    "Expires": "0",
    "X-Frame-Options": "DENY",
    "Content-Type": "text/html",
    "Content-Length": "3318",
    "Date": "Thu, 02 Oct 2025 12:21:58 GMT",
    "Keep-Alive": "timeout=60",
    "Connection": "keep-alive"
  }
}
-----------------------------

Reason: 📦 Unexpected Content-Type: text/html
--- Request ---
{
  "method": "GET",
  "url": "/",
  "headers": {
    "Content-Type": "application/json"
  },
  "body": null,
  "parameters": []
}
--- Response ---
{
  "status": 200,
  "body": "<!-- HTML for static distribution bundle build -->\n<!DOCTYPE html>\n<html lang=\"en\">\n<head>\n  <meta charset=\"UTF-8\">\n  <title>Swagger UI</title>\n  <link rel=\"stylesheet\" type=\"text/css\" href=\"webjars/springfox-swagger-ui/springfox.css?v=2.9.2\" >\n  <link rel=\"stylesheet\" type=\"text/css\" href=\"webjars/springfox-swagger-ui/swagger-ui.css?v=2.9.2\" >\n  <link rel=\"icon\" type=\"image/png\" href=\"webjars/springfox-swagger-ui/favicon-32x32.png?v=2.9.2\" sizes=\"32x32\" />\n  <link rel=\"icon\" type=\"image/png\" href=\"webjars/springfox-swagger-ui/favicon-16x16.png?v=2.9.2\" sizes=\"16x16\" />\n  <style>\n    html\n    {\n      box-sizing: border-box;\n      overflow: -moz-scrollbars-vertical;\n      overflow-y: scroll;\n    }\n    *,\n    *:before,\n    *:after\n    {\n      box-sizing: inherit;\n    }\n\n    body {\n      margin:0;\n      background: #fafafa;\n    }\n  </style>\n</head>\n\n<body>\n\n<svg xmlns=\"http://www.w3.org/2000/svg\" xmlns:xlink=\"http://www.w3.org/1999/xlink\" style=\"position:absolute;width:0;height:0\">\n  <defs>\n    <symbol viewBox=\"0 0 20 20\" id=\"unlocked\">\n      <path d=\"M15.8 8H14V5.6C14 2.703 12.665 1 10 1 7.334 1 6 2.703 6 5.6V6h2v-.801C8 3.754 8.797 3 10 3c1.203 0 2 .754 2 2.199V8H4c-.553 0-1 .646-1 1.199V17c0 .549.428 1.139.951 1.307l1.197.387C5.672 18.861 6.55 19 7.1 19h5.8c.549 0 1.428-.139 1.951-.307l1.196-.387c.524-.167.953-.757.953-1.306V9.199C17 8.646 16.352 8 15.8 8z\"></path>\n    </symbol>\n\n    <symbol viewBox=\"0 0 20 20\" id=\"locked\">\n      <path d=\"M15.8 8H14V5.6C14 2.703 12.665 1 10 1 7.334 1 6 2.703 6 5.6V8H4c-.553 0-1 .646-1 1.199V17c0 .549.428 1.139.951 1.307l1.197.387C5.672 18.861 6.55 19 7.1 19h5.8c.549 0 1.428-.139 1.951-.307l1.196-.387c.524-.167.953-.757.953-1.306V9.199C17 8.646 16.352 8 15.8 8zM12 8H8V5.199C8 3.754 8.797 3 10 3c1.203 0 2 .754 2 2.199V8z\"/>\n    </symbol>\n\n    <symbol viewBox=\"0 0 20 20\" id=\"close\">\n      <path d=\"M14.348 14.849c-.469.469-1.229.469-1.697 0L10 11.819l-2.651 3.029c-.469.469-1.229.469-1.697 0-.469-.469-.469-1.229 0-1.697l2.758-3.15-2.759-3.152c-.469-.469-.469-1.228 0-1.697.469-.469 1.228-.469 1.697 0L10 8.183l2.651-3.031c.469-.469 1.228-.469 1.697 0 .469.469.469 1.229 0 1.697l-2.758 3.152 2.758 3.15c.469.469.469 1.229 0 1.698z\"/>\n    </symbol>\n\n    <symbol viewBox=\"0 0 20 20\" id=\"large-arrow\">\n      <path d=\"M13.25 10L6.109 2.58c-.268-.27-.268-.707 0-.979.268-.27.701-.27.969 0l7.83 7.908c.268.271.268.709 0 .979l-7.83 7.908c-.268.271-.701.27-.969 0-.268-.269-.268-.707 0-.979L13.25 10z\"/>\n    </symbol>\n\n    <symbol viewBox=\"0 0 20 20\" id=\"large-arrow-down\">\n      <path d=\"M17.418 6.109c.272-.268.709-.268.979 0s.271.701 0 .969l-7.908 7.83c-.27.268-.707.268-.979 0l-7.908-7.83c-.27-.268-.27-.701 0-.969.271-.268.709-.268.979 0L10 13.25l7.418-7.141z\"/>\n    </symbol>\n\n\n    <symbol viewBox=\"0 0 24 24\" id=\"jump-to\">\n      <path d=\"M19 7v4H5.83l3.58-3.59L8 6l-6 6 6 6 1.41-1.41L5.83 13H21V7z\"/>\n    </symbol>\n\n    <symbol viewBox=\"0 0 24 24\" id=\"expand\">\n      <path d=\"M10 18h4v-2h-4v2zM3 6v2h18V6H3zm3 7h12v-2H6v2z\"/>\n    </symbol>\n\n  </defs>\n</svg>\n\n<div id=\"swagger-ui\"></div>\n\n<script src=\"webjars/springfox-swagger-ui/swagger-ui-bundle.js?v=2.9.2\"> </script>\n<script src=\"webjars/springfox-swagger-ui/swagger-ui-standalone-preset.js?v=2.9.2\"> </script>\n<script src=\"webjars/springfox-swagger-ui/springfox.js?v=2.9.2\"> </script>\n</body>\n\n</html>\n",
  "headers": {
    "Vary": "Origin, Access-Control-Request-Method, Access-Control-Request-Headers",
    "Last-Modified": "Fri, 06 Jun 2025 08:22:01 GMT",
    "Accept-Ranges": "bytes",
    "X-Content-Type-Options": "nosniff",
    "X-XSS-Protection": "1; mode=block",
    "Cache-Control": "no-cache, no-store, max-age=0, must-revalidate",
    "Pragma": "no-cache",
    "Expires": "0",
    "X-Frame-Options": "DENY",
    "Content-Type": "text/html",
    "Content-Length": "3318",
    "Date": "Thu, 02 Oct 2025 12:22:02 GMT",
    "Keep-Alive": "timeout=60",
    "Connection": "keep-alive"
  }
}
-----------------------------

Reason: 📦 Unexpected Content-Type: text/html
--- Request ---
{
  "method": "GET",
  "url": "/",
  "headers": {
    "Content-Type": "application/json"
  },
  "body": null,
  "parameters": []
}
--- Response ---
{
  "status": 200,
  "body": "<!-- HTML for static distribution bundle build -->\n<!DOCTYPE html>\n<html lang=\"en\">\n<head>\n  <meta charset=\"UTF-8\">\n  <title>Swagger UI</title>\n  <link rel=\"stylesheet\" type=\"text/css\" href=\"webjars/springfox-swagger-ui/springfox.css?v=2.9.2\" >\n  <link rel=\"stylesheet\" type=\"text/css\" href=\"webjars/springfox-swagger-ui/swagger-ui.css?v=2.9.2\" >\n  <link rel=\"icon\" type=\"image/png\" href=\"webjars/springfox-swagger-ui/favicon-32x32.png?v=2.9.2\" sizes=\"32x32\" />\n  <link rel=\"icon\" type=\"image/png\" href=\"webjars/springfox-swagger-ui/favicon-16x16.png?v=2.9.2\" sizes=\"16x16\" />\n  <style>\n    html\n    {\n      box-sizing: border-box;\n      overflow: -moz-scrollbars-vertical;\n      overflow-y: scroll;\n    }\n    *,\n    *:before,\n    *:after\n    {\n      box-sizing: inherit;\n    }\n\n    body {\n      margin:0;\n      background: #fafafa;\n    }\n  </style>\n</head>\n\n<body>\n\n<svg xmlns=\"http://www.w3.org/2000/svg\" xmlns:xlink=\"http://www.w3.org/1999/xlink\" style=\"position:absolute;width:0;height:0\">\n  <defs>\n    <symbol viewBox=\"0 0 20 20\" id=\"unlocked\">\n      <path d=\"M15.8 8H14V5.6C14 2.703 12.665 1 10 1 7.334 1 6 2.703 6 5.6V6h2v-.801C8 3.754 8.797 3 10 3c1.203 0 2 .754 2 2.199V8H4c-.553 0-1 .646-1 1.199V17c0 .549.428 1.139.951 1.307l1.197.387C5.672 18.861 6.55 19 7.1 19h5.8c.549 0 1.428-.139 1.951-.307l1.196-.387c.524-.167.953-.757.953-1.306V9.199C17 8.646 16.352 8 15.8 8z\"></path>\n    </symbol>\n\n    <symbol viewBox=\"0 0 20 20\" id=\"locked\">\n      <path d=\"M15.8 8H14V5.6C14 2.703 12.665 1 10 1 7.334 1 6 2.703 6 5.6V8H4c-.553 0-1 .646-1 1.199V17c0 .549.428 1.139.951 1.307l1.197.387C5.672 18.861 6.55 19 7.1 19h5.8c.549 0 1.428-.139 1.951-.307l1.196-.387c.524-.167.953-.757.953-1.306V9.199C17 8.646 16.352 8 15.8 8zM12 8H8V5.199C8 3.754 8.797 3 10 3c1.203 0 2 .754 2 2.199V8z\"/>\n    </symbol>\n\n    <symbol viewBox=\"0 0 20 20\" id=\"close\">\n      <path d=\"M14.348 14.849c-.469.469-1.229.469-1.697 0L10 11.819l-2.651 3.029c-.469.469-1.229.469-1.697 0-.469-.469-.469-1.229 0-1.697l2.758-3.15-2.759-3.152c-.469-.469-.469-1.228 0-1.697.469-.469 1.228-.469 1.697 0L10 8.183l2.651-3.031c.469-.469 1.228-.469 1.697 0 .469.469.469 1.229 0 1.697l-2.758 3.152 2.758 3.15c.469.469.469 1.229 0 1.698z\"/>\n    </symbol>\n\n    <symbol viewBox=\"0 0 20 20\" id=\"large-arrow\">\n      <path d=\"M13.25 10L6.109 2.58c-.268-.27-.268-.707 0-.979.268-.27.701-.27.969 0l7.83 7.908c.268.271.268.709 0 .979l-7.83 7.908c-.268.271-.701.27-.969 0-.268-.269-.268-.707 0-.979L13.25 10z\"/>\n    </symbol>\n\n    <symbol viewBox=\"0 0 20 20\" id=\"large-arrow-down\">\n      <path d=\"M17.418 6.109c.272-.268.709-.268.979 0s.271.701 0 .969l-7.908 7.83c-.27.268-.707.268-.979 0l-7.908-7.83c-.27-.268-.27-.701 0-.969.271-.268.709-.268.979 0L10 13.25l7.418-7.141z\"/>\n    </symbol>\n\n\n    <symbol viewBox=\"0 0 24 24\" id=\"jump-to\">\n      <path d=\"M19 7v4H5.83l3.58-3.59L8 6l-6 6 6 6 1.41-1.41L5.83 13H21V7z\"/>\n    </symbol>\n\n    <symbol viewBox=\"0 0 24 24\" id=\"expand\">\n      <path d=\"M10 18h4v-2h-4v2zM3 6v2h18V6H3zm3 7h12v-2H6v2z\"/>\n    </symbol>\n\n  </defs>\n</svg>\n\n<div id=\"swagger-ui\"></div>\n\n<script src=\"webjars/springfox-swagger-ui/swagger-ui-bundle.js?v=2.9.2\"> </script>\n<script src=\"webjars/springfox-swagger-ui/swagger-ui-standalone-preset.js?v=2.9.2\"> </script>\n<script src=\"webjars/springfox-swagger-ui/springfox.js?v=2.9.2\"> </script>\n</body>\n\n</html>\n",
  "headers": {
    "Vary": "Origin, Access-Control-Request-Method, Access-Control-Request-Headers",
    "Last-Modified": "Fri, 06 Jun 2025 08:22:01 GMT",
    "Accept-Ranges": "bytes",
    "X-Content-Type-Options": "nosniff",
    "X-XSS-Protection": "1; mode=block",
    "Cache-Control": "no-cache, no-store, max-age=0, must-revalidate",
    "Pragma": "no-cache",
    "Expires": "0",
    "X-Frame-Options": "DENY",
    "Content-Type": "text/html",
    "Content-Length": "3318",
    "Date": "Thu, 02 Oct 2025 12:22:02 GMT",
    "Keep-Alive": "timeout=60",
    "Connection": "keep-alive"
  }
}
-----------------------------

Reason: 📦 Unexpected Content-Type: text/html
--- Request ---
{
  "method": "HEAD",
  "url": "/",
  "headers": {
    "Content-Type": "application/json"
  },
  "body": null,
  "parameters": []
}
--- Response ---
{
  "status": 200,
  "body": "",
  "headers": {
    "Vary": "Origin, Access-Control-Request-Method, Access-Control-Request-Headers",
    "Last-Modified": "Fri, 06 Jun 2025 08:22:01 GMT",
    "Accept-Ranges": "bytes",
    "X-Content-Type-Options": "nosniff",
    "X-XSS-Protection": "1; mode=block",
    "Cache-Control": "no-cache, no-store, max-age=0, must-revalidate",
    "Pragma": "no-cache",
    "Expires": "0",
    "X-Frame-Options": "DENY",
    "Content-Type": "text/html",
    "Content-Length": "3318",
    "Date": "Thu, 02 Oct 2025 12:22:03 GMT",
    "Keep-Alive": "timeout=60",
    "Connection": "keep-alive"
  }
}
-----------------------------

Reason: 📦 Unexpected Content-Type: text/html
--- Request ---
{
  "method": "GET",
  "url": "/",
  "headers": {
    "Content-Type": "application/json"
  },
  "body": null,
  "parameters": []
}
--- Response ---
{
  "status": 200,
  "body": "<!-- HTML for static distribution bundle build -->\n<!DOCTYPE html>\n<html lang=\"en\">\n<head>\n  <meta charset=\"UTF-8\">\n  <title>Swagger UI</title>\n  <link rel=\"stylesheet\" type=\"text/css\" href=\"webjars/springfox-swagger-ui/springfox.css?v=2.9.2\" >\n  <link rel=\"stylesheet\" type=\"text/css\" href=\"webjars/springfox-swagger-ui/swagger-ui.css?v=2.9.2\" >\n  <link rel=\"icon\" type=\"image/png\" href=\"webjars/springfox-swagger-ui/favicon-32x32.png?v=2.9.2\" sizes=\"32x32\" />\n  <link rel=\"icon\" type=\"image/png\" href=\"webjars/springfox-swagger-ui/favicon-16x16.png?v=2.9.2\" sizes=\"16x16\" />\n  <style>\n    html\n    {\n      box-sizing: border-box;\n      overflow: -moz-scrollbars-vertical;\n      overflow-y: scroll;\n    }\n    *,\n    *:before,\n    *:after\n    {\n      box-sizing: inherit;\n    }\n\n    body {\n      margin:0;\n      background: #fafafa;\n    }\n  </style>\n</head>\n\n<body>\n\n<svg xmlns=\"http://www.w3.org/2000/svg\" xmlns:xlink=\"http://www.w3.org/1999/xlink\" style=\"position:absolute;width:0;height:0\">\n  <defs>\n    <symbol viewBox=\"0 0 20 20\" id=\"unlocked\">\n      <path d=\"M15.8 8H14V5.6C14 2.703 12.665 1 10 1 7.334 1 6 2.703 6 5.6V6h2v-.801C8 3.754 8.797 3 10 3c1.203 0 2 .754 2 2.199V8H4c-.553 0-1 .646-1 1.199V17c0 .549.428 1.139.951 1.307l1.197.387C5.672 18.861 6.55 19 7.1 19h5.8c.549 0 1.428-.139 1.951-.307l1.196-.387c.524-.167.953-.757.953-1.306V9.199C17 8.646 16.352 8 15.8 8z\"></path>\n    </symbol>\n\n    <symbol viewBox=\"0 0 20 20\" id=\"locked\">\n      <path d=\"M15.8 8H14V5.6C14 2.703 12.665 1 10 1 7.334 1 6 2.703 6 5.6V8H4c-.553 0-1 .646-1 1.199V17c0 .549.428 1.139.951 1.307l1.197.387C5.672 18.861 6.55 19 7.1 19h5.8c.549 0 1.428-.139 1.951-.307l1.196-.387c.524-.167.953-.757.953-1.306V9.199C17 8.646 16.352 8 15.8 8zM12 8H8V5.199C8 3.754 8.797 3 10 3c1.203 0 2 .754 2 2.199V8z\"/>\n    </symbol>\n\n    <symbol viewBox=\"0 0 20 20\" id=\"close\">\n      <path d=\"M14.348 14.849c-.469.469-1.229.469-1.697 0L10 11.819l-2.651 3.029c-.469.469-1.229.469-1.697 0-.469-.469-.469-1.229 0-1.697l2.758-3.15-2.759-3.152c-.469-.469-.469-1.228 0-1.697.469-.469 1.228-.469 1.697 0L10 8.183l2.651-3.031c.469-.469 1.228-.469 1.697 0 .469.469.469 1.229 0 1.697l-2.758 3.152 2.758 3.15c.469.469.469 1.229 0 1.698z\"/>\n    </symbol>\n\n    <symbol viewBox=\"0 0 20 20\" id=\"large-arrow\">\n      <path d=\"M13.25 10L6.109 2.58c-.268-.27-.268-.707 0-.979.268-.27.701-.27.969 0l7.83 7.908c.268.271.268.709 0 .979l-7.83 7.908c-.268.271-.701.27-.969 0-.268-.269-.268-.707 0-.979L13.25 10z\"/>\n    </symbol>\n\n    <symbol viewBox=\"0 0 20 20\" id=\"large-arrow-down\">\n      <path d=\"M17.418 6.109c.272-.268.709-.268.979 0s.271.701 0 .969l-7.908 7.83c-.27.268-.707.268-.979 0l-7.908-7.83c-.27-.268-.27-.701 0-.969.271-.268.709-.268.979 0L10 13.25l7.418-7.141z\"/>\n    </symbol>\n\n\n    <symbol viewBox=\"0 0 24 24\" id=\"jump-to\">\n      <path d=\"M19 7v4H5.83l3.58-3.59L8 6l-6 6 6 6 1.41-1.41L5.83 13H21V7z\"/>\n    </symbol>\n\n    <symbol viewBox=\"0 0 24 24\" id=\"expand\">\n      <path d=\"M10 18h4v-2h-4v2zM3 6v2h18V6H3zm3 7h12v-2H6v2z\"/>\n    </symbol>\n\n  </defs>\n</svg>\n\n<div id=\"swagger-ui\"></div>\n\n<script src=\"webjars/springfox-swagger-ui/swagger-ui-bundle.js?v=2.9.2\"> </script>\n<script src=\"webjars/springfox-swagger-ui/swagger-ui-standalone-preset.js?v=2.9.2\"> </script>\n<script src=\"webjars/springfox-swagger-ui/springfox.js?v=2.9.2\"> </script>\n</body>\n\n</html>\n",
  "headers": {
    "Vary": "Origin, Access-Control-Request-Method, Access-Control-Request-Headers",
    "Last-Modified": "Fri, 06 Jun 2025 08:22:01 GMT",
    "Accept-Ranges": "bytes",
    "X-Content-Type-Options": "nosniff",
    "X-XSS-Protection": "1; mode=block",
    "Cache-Control": "no-cache, no-store, max-age=0, must-revalidate",
    "Pragma": "no-cache",
    "Expires": "0",
    "X-Frame-Options": "DENY",
    "Content-Type": "text/html",
    "Content-Length": "3318",
    "Date": "Thu, 02 Oct 2025 12:22:03 GMT",
    "Keep-Alive": "timeout=60",
    "Connection": "keep-alive"
  }
}
-----------------------------

Reason: 📦 Unexpected Content-Type: text/html
--- Request ---
{
  "method": "GET",
  "url": "/",
  "headers": {
    "Content-Type": "application/json"
  },
  "body": null,
  "parameters": []
}
--- Response ---
{
  "status": 200,
  "body": "<!-- HTML for static distribution bundle build -->\n<!DOCTYPE html>\n<html lang=\"en\">\n<head>\n  <meta charset=\"UTF-8\">\n  <title>Swagger UI</title>\n  <link rel=\"stylesheet\" type=\"text/css\" href=\"webjars/springfox-swagger-ui/springfox.css?v=2.9.2\" >\n  <link rel=\"stylesheet\" type=\"text/css\" href=\"webjars/springfox-swagger-ui/swagger-ui.css?v=2.9.2\" >\n  <link rel=\"icon\" type=\"image/png\" href=\"webjars/springfox-swagger-ui/favicon-32x32.png?v=2.9.2\" sizes=\"32x32\" />\n  <link rel=\"icon\" type=\"image/png\" href=\"webjars/springfox-swagger-ui/favicon-16x16.png?v=2.9.2\" sizes=\"16x16\" />\n  <style>\n    html\n    {\n      box-sizing: border-box;\n      overflow: -moz-scrollbars-vertical;\n      overflow-y: scroll;\n    }\n    *,\n    *:before,\n    *:after\n    {\n      box-sizing: inherit;\n    }\n\n    body {\n      margin:0;\n      background: #fafafa;\n    }\n  </style>\n</head>\n\n<body>\n\n<svg xmlns=\"http://www.w3.org/2000/svg\" xmlns:xlink=\"http://www.w3.org/1999/xlink\" style=\"position:absolute;width:0;height:0\">\n  <defs>\n    <symbol viewBox=\"0 0 20 20\" id=\"unlocked\">\n      <path d=\"M15.8 8H14V5.6C14 2.703 12.665 1 10 1 7.334 1 6 2.703 6 5.6V6h2v-.801C8 3.754 8.797 3 10 3c1.203 0 2 .754 2 2.199V8H4c-.553 0-1 .646-1 1.199V17c0 .549.428 1.139.951 1.307l1.197.387C5.672 18.861 6.55 19 7.1 19h5.8c.549 0 1.428-.139 1.951-.307l1.196-.387c.524-.167.953-.757.953-1.306V9.199C17 8.646 16.352 8 15.8 8z\"></path>\n    </symbol>\n\n    <symbol viewBox=\"0 0 20 20\" id=\"locked\">\n      <path d=\"M15.8 8H14V5.6C14 2.703 12.665 1 10 1 7.334 1 6 2.703 6 5.6V8H4c-.553 0-1 .646-1 1.199V17c0 .549.428 1.139.951 1.307l1.197.387C5.672 18.861 6.55 19 7.1 19h5.8c.549 0 1.428-.139 1.951-.307l1.196-.387c.524-.167.953-.757.953-1.306V9.199C17 8.646 16.352 8 15.8 8zM12 8H8V5.199C8 3.754 8.797 3 10 3c1.203 0 2 .754 2 2.199V8z\"/>\n    </symbol>\n\n    <symbol viewBox=\"0 0 20 20\" id=\"close\">\n      <path d=\"M14.348 14.849c-.469.469-1.229.469-1.697 0L10 11.819l-2.651 3.029c-.469.469-1.229.469-1.697 0-.469-.469-.469-1.229 0-1.697l2.758-3.15-2.759-3.152c-.469-.469-.469-1.228 0-1.697.469-.469 1.228-.469 1.697 0L10 8.183l2.651-3.031c.469-.469 1.228-.469 1.697 0 .469.469.469 1.229 0 1.697l-2.758 3.152 2.758 3.15c.469.469.469 1.229 0 1.698z\"/>\n    </symbol>\n\n    <symbol viewBox=\"0 0 20 20\" id=\"large-arrow\">\n      <path d=\"M13.25 10L6.109 2.58c-.268-.27-.268-.707 0-.979.268-.27.701-.27.969 0l7.83 7.908c.268.271.268.709 0 .979l-7.83 7.908c-.268.271-.701.27-.969 0-.268-.269-.268-.707 0-.979L13.25 10z\"/>\n    </symbol>\n\n    <symbol viewBox=\"0 0 20 20\" id=\"large-arrow-down\">\n      <path d=\"M17.418 6.109c.272-.268.709-.268.979 0s.271.701 0 .969l-7.908 7.83c-.27.268-.707.268-.979 0l-7.908-7.83c-.27-.268-.27-.701 0-.969.271-.268.709-.268.979 0L10 13.25l7.418-7.141z\"/>\n    </symbol>\n\n\n    <symbol viewBox=\"0 0 24 24\" id=\"jump-to\">\n      <path d=\"M19 7v4H5.83l3.58-3.59L8 6l-6 6 6 6 1.41-1.41L5.83 13H21V7z\"/>\n    </symbol>\n\n    <symbol viewBox=\"0 0 24 24\" id=\"expand\">\n      <path d=\"M10 18h4v-2h-4v2zM3 6v2h18V6H3zm3 7h12v-2H6v2z\"/>\n    </symbol>\n\n  </defs>\n</svg>\n\n<div id=\"swagger-ui\"></div>\n\n<script src=\"webjars/springfox-swagger-ui/swagger-ui-bundle.js?v=2.9.2\"> </script>\n<script src=\"webjars/springfox-swagger-ui/swagger-ui-standalone-preset.js?v=2.9.2\"> </script>\n<script src=\"webjars/springfox-swagger-ui/springfox.js?v=2.9.2\"> </script>\n</body>\n\n</html>\n",
  "headers": {
    "Vary": "Origin, Access-Control-Request-Method, Access-Control-Request-Headers",
    "Last-Modified": "Fri, 06 Jun 2025 08:22:01 GMT",
    "Accept-Ranges": "bytes",
    "X-Content-Type-Options": "nosniff",
    "X-XSS-Protection": "1; mode=block",
    "Cache-Control": "no-cache, no-store, max-age=0, must-revalidate",
    "Pragma": "no-cache",
    "Expires": "0",
    "X-Frame-Options": "DENY",
    "Content-Type": "text/html",
    "Content-Length": "3318",
    "Date": "Thu, 02 Oct 2025 12:22:08 GMT",
    "Keep-Alive": "timeout=60",
    "Connection": "keep-alive"
  }
}
-----------------------------

Reason: 📦 Unexpected Content-Type: text/html
--- Request ---
{
  "method": "PUT",
  "url": "/",
  "headers": {
    "Content-Type": "application/json"
  },
  "body": null,
  "parameters": []
}
--- Response ---
{
  "status": 200,
  "body": "<!-- HTML for static distribution bundle build -->\n<!DOCTYPE html>\n<html lang=\"en\">\n<head>\n  <meta charset=\"UTF-8\">\n  <title>Swagger UI</title>\n  <link rel=\"stylesheet\" type=\"text/css\" href=\"webjars/springfox-swagger-ui/springfox.css?v=2.9.2\" >\n  <link rel=\"stylesheet\" type=\"text/css\" href=\"webjars/springfox-swagger-ui/swagger-ui.css?v=2.9.2\" >\n  <link rel=\"icon\" type=\"image/png\" href=\"webjars/springfox-swagger-ui/favicon-32x32.png?v=2.9.2\" sizes=\"32x32\" />\n  <link rel=\"icon\" type=\"image/png\" href=\"webjars/springfox-swagger-ui/favicon-16x16.png?v=2.9.2\" sizes=\"16x16\" />\n  <style>\n    html\n    {\n      box-sizing: border-box;\n      overflow: -moz-scrollbars-vertical;\n      overflow-y: scroll;\n    }\n    *,\n    *:before,\n    *:after\n    {\n      box-sizing: inherit;\n    }\n\n    body {\n      margin:0;\n      background: #fafafa;\n    }\n  </style>\n</head>\n\n<body>\n\n<svg xmlns=\"http://www.w3.org/2000/svg\" xmlns:xlink=\"http://www.w3.org/1999/xlink\" style=\"position:absolute;width:0;height:0\">\n  <defs>\n    <symbol viewBox=\"0 0 20 20\" id=\"unlocked\">\n      <path d=\"M15.8 8H14V5.6C14 2.703 12.665 1 10 1 7.334 1 6 2.703 6 5.6V6h2v-.801C8 3.754 8.797 3 10 3c1.203 0 2 .754 2 2.199V8H4c-.553 0-1 .646-1 1.199V17c0 .549.428 1.139.951 1.307l1.197.387C5.672 18.861 6.55 19 7.1 19h5.8c.549 0 1.428-.139 1.951-.307l1.196-.387c.524-.167.953-.757.953-1.306V9.199C17 8.646 16.352 8 15.8 8z\"></path>\n    </symbol>\n\n    <symbol viewBox=\"0 0 20 20\" id=\"locked\">\n      <path d=\"M15.8 8H14V5.6C14 2.703 12.665 1 10 1 7.334 1 6 2.703 6 5.6V8H4c-.553 0-1 .646-1 1.199V17c0 .549.428 1.139.951 1.307l1.197.387C5.672 18.861 6.55 19 7.1 19h5.8c.549 0 1.428-.139 1.951-.307l1.196-.387c.524-.167.953-.757.953-1.306V9.199C17 8.646 16.352 8 15.8 8zM12 8H8V5.199C8 3.754 8.797 3 10 3c1.203 0 2 .754 2 2.199V8z\"/>\n    </symbol>\n\n    <symbol viewBox=\"0 0 20 20\" id=\"close\">\n      <path d=\"M14.348 14.849c-.469.469-1.229.469-1.697 0L10 11.819l-2.651 3.029c-.469.469-1.229.469-1.697 0-.469-.469-.469-1.229 0-1.697l2.758-3.15-2.759-3.152c-.469-.469-.469-1.228 0-1.697.469-.469 1.228-.469 1.697 0L10 8.183l2.651-3.031c.469-.469 1.228-.469 1.697 0 .469.469.469 1.229 0 1.697l-2.758 3.152 2.758 3.15c.469.469.469 1.229 0 1.698z\"/>\n    </symbol>\n\n    <symbol viewBox=\"0 0 20 20\" id=\"large-arrow\">\n      <path d=\"M13.25 10L6.109 2.58c-.268-.27-.268-.707 0-.979.268-.27.701-.27.969 0l7.83 7.908c.268.271.268.709 0 .979l-7.83 7.908c-.268.271-.701.27-.969 0-.268-.269-.268-.707 0-.979L13.25 10z\"/>\n    </symbol>\n\n    <symbol viewBox=\"0 0 20 20\" id=\"large-arrow-down\">\n      <path d=\"M17.418 6.109c.272-.268.709-.268.979 0s.271.701 0 .969l-7.908 7.83c-.27.268-.707.268-.979 0l-7.908-7.83c-.27-.268-.27-.701 0-.969.271-.268.709-.268.979 0L10 13.25l7.418-7.141z\"/>\n    </symbol>\n\n\n    <symbol viewBox=\"0 0 24 24\" id=\"jump-to\">\n      <path d=\"M19 7v4H5.83l3.58-3.59L8 6l-6 6 6 6 1.41-1.41L5.83 13H21V7z\"/>\n    </symbol>\n\n    <symbol viewBox=\"0 0 24 24\" id=\"expand\">\n      <path d=\"M10 18h4v-2h-4v2zM3 6v2h18V6H3zm3 7h12v-2H6v2z\"/>\n    </symbol>\n\n  </defs>\n</svg>\n\n<div id=\"swagger-ui\"></div>\n\n<script src=\"webjars/springfox-swagger-ui/swagger-ui-bundle.js?v=2.9.2\"> </script>\n<script src=\"webjars/springfox-swagger-ui/swagger-ui-standalone-preset.js?v=2.9.2\"> </script>\n<script src=\"webjars/springfox-swagger-ui/springfox.js?v=2.9.2\"> </script>\n</body>\n\n</html>\n",
  "headers": {
    "Vary": "Origin, Access-Control-Request-Method, Access-Control-Request-Headers",
    "Last-Modified": "Fri, 06 Jun 2025 08:22:01 GMT",
    "Accept-Ranges": "bytes",
    "X-Content-Type-Options": "nosniff",
    "X-XSS-Protection": "1; mode=block",
    "Cache-Control": "no-cache, no-store, max-age=0, must-revalidate",
    "Pragma": "no-cache",
    "Expires": "0",
    "X-Frame-Options": "DENY",
    "Content-Type": "text/html",
    "Content-Length": "3318",
    "Date": "Thu, 02 Oct 2025 12:22:12 GMT",
    "Keep-Alive": "timeout=60",
    "Connection": "keep-alive"
  }
}
-----------------------------

Reason: 📦 Unexpected Content-Type: text/html
--- Request ---
{
  "method": "HEAD",
  "url": "/",
  "headers": {
    "Content-Type": "application/json"
  },
  "body": null,
  "parameters": []
}
--- Response ---
{
  "status": 200,
  "body": "",
  "headers": {
    "Vary": "Origin, Access-Control-Request-Method, Access-Control-Request-Headers",
    "Last-Modified": "Fri, 06 Jun 2025 08:22:01 GMT",
    "Accept-Ranges": "bytes",
    "X-Content-Type-Options": "nosniff",
    "X-XSS-Protection": "1; mode=block",
    "Cache-Control": "no-cache, no-store, max-age=0, must-revalidate",
    "Pragma": "no-cache",
    "Expires": "0",
    "X-Frame-Options": "DENY",
    "Content-Type": "text/html",
    "Content-Length": "3318",
    "Date": "Thu, 02 Oct 2025 12:22:12 GMT",
    "Keep-Alive": "timeout=60",
    "Connection": "keep-alive"
  }
}
-----------------------------

Reason: 📦 Unexpected Content-Type: 
--- Request ---
{
  "method": "OPTIONS",
  "url": "/error",
  "headers": {
    "Content-Type": "application/json"
  },
  "body": null,
  "parameters": []
}
--- Response ---
{
  "status": 200,
  "body": "",
  "headers": {
    "Allow": "GET,HEAD,POST,PUT,PATCH,DELETE,OPTIONS",
    "X-Content-Type-Options": "nosniff",
    "X-XSS-Protection": "1; mode=block",
    "Cache-Control": "no-cache, no-store, max-age=0, must-revalidate",
    "Pragma": "no-cache",
    "Expires": "0",
    "X-Frame-Options": "DENY",
    "Content-Length": "0",
    "Date": "Thu, 02 Oct 2025 12:22:12 GMT",
    "Keep-Alive": "timeout=60",
    "Connection": "keep-alive"
  }
}
-----------------------------

Reason: 📦 Unexpected Content-Type: text/html
--- Request ---
{
  "method": "GET",
  "url": "/",
  "headers": {
    "Content-Type": "application/json"
  },
  "body": null,
  "parameters": []
}
--- Response ---
{
  "status": 200,
  "body": "<!-- HTML for static distribution bundle build -->\n<!DOCTYPE html>\n<html lang=\"en\">\n<head>\n  <meta charset=\"UTF-8\">\n  <title>Swagger UI</title>\n  <link rel=\"stylesheet\" type=\"text/css\" href=\"webjars/springfox-swagger-ui/springfox.css?v=2.9.2\" >\n  <link rel=\"stylesheet\" type=\"text/css\" href=\"webjars/springfox-swagger-ui/swagger-ui.css?v=2.9.2\" >\n  <link rel=\"icon\" type=\"image/png\" href=\"webjars/springfox-swagger-ui/favicon-32x32.png?v=2.9.2\" sizes=\"32x32\" />\n  <link rel=\"icon\" type=\"image/png\" href=\"webjars/springfox-swagger-ui/favicon-16x16.png?v=2.9.2\" sizes=\"16x16\" />\n  <style>\n    html\n    {\n      box-sizing: border-box;\n      overflow: -moz-scrollbars-vertical;\n      overflow-y: scroll;\n    }\n    *,\n    *:before,\n    *:after\n    {\n      box-sizing: inherit;\n    }\n\n    body {\n      margin:0;\n      background: #fafafa;\n    }\n  </style>\n</head>\n\n<body>\n\n<svg xmlns=\"http://www.w3.org/2000/svg\" xmlns:xlink=\"http://www.w3.org/1999/xlink\" style=\"position:absolute;width:0;height:0\">\n  <defs>\n    <symbol viewBox=\"0 0 20 20\" id=\"unlocked\">\n      <path d=\"M15.8 8H14V5.6C14 2.703 12.665 1 10 1 7.334 1 6 2.703 6 5.6V6h2v-.801C8 3.754 8.797 3 10 3c1.203 0 2 .754 2 2.199V8H4c-.553 0-1 .646-1 1.199V17c0 .549.428 1.139.951 1.307l1.197.387C5.672 18.861 6.55 19 7.1 19h5.8c.549 0 1.428-.139 1.951-.307l1.196-.387c.524-.167.953-.757.953-1.306V9.199C17 8.646 16.352 8 15.8 8z\"></path>\n    </symbol>\n\n    <symbol viewBox=\"0 0 20 20\" id=\"locked\">\n      <path d=\"M15.8 8H14V5.6C14 2.703 12.665 1 10 1 7.334 1 6 2.703 6 5.6V8H4c-.553 0-1 .646-1 1.199V17c0 .549.428 1.139.951 1.307l1.197.387C5.672 18.861 6.55 19 7.1 19h5.8c.549 0 1.428-.139 1.951-.307l1.196-.387c.524-.167.953-.757.953-1.306V9.199C17 8.646 16.352 8 15.8 8zM12 8H8V5.199C8 3.754 8.797 3 10 3c1.203 0 2 .754 2 2.199V8z\"/>\n    </symbol>\n\n    <symbol viewBox=\"0 0 20 20\" id=\"close\">\n      <path d=\"M14.348 14.849c-.469.469-1.229.469-1.697 0L10 11.819l-2.651 3.029c-.469.469-1.229.469-1.697 0-.469-.469-.469-1.229 0-1.697l2.758-3.15-2.759-3.152c-.469-.469-.469-1.228 0-1.697.469-.469 1.228-.469 1.697 0L10 8.183l2.651-3.031c.469-.469 1.228-.469 1.697 0 .469.469.469 1.229 0 1.697l-2.758 3.152 2.758 3.15c.469.469.469 1.229 0 1.698z\"/>\n    </symbol>\n\n    <symbol viewBox=\"0 0 20 20\" id=\"large-arrow\">\n      <path d=\"M13.25 10L6.109 2.58c-.268-.27-.268-.707 0-.979.268-.27.701-.27.969 0l7.83 7.908c.268.271.268.709 0 .979l-7.83 7.908c-.268.271-.701.27-.969 0-.268-.269-.268-.707 0-.979L13.25 10z\"/>\n    </symbol>\n\n    <symbol viewBox=\"0 0 20 20\" id=\"large-arrow-down\">\n      <path d=\"M17.418 6.109c.272-.268.709-.268.979 0s.271.701 0 .969l-7.908 7.83c-.27.268-.707.268-.979 0l-7.908-7.83c-.27-.268-.27-.701 0-.969.271-.268.709-.268.979 0L10 13.25l7.418-7.141z\"/>\n    </symbol>\n\n\n    <symbol viewBox=\"0 0 24 24\" id=\"jump-to\">\n      <path d=\"M19 7v4H5.83l3.58-3.59L8 6l-6 6 6 6 1.41-1.41L5.83 13H21V7z\"/>\n    </symbol>\n\n    <symbol viewBox=\"0 0 24 24\" id=\"expand\">\n      <path d=\"M10 18h4v-2h-4v2zM3 6v2h18V6H3zm3 7h12v-2H6v2z\"/>\n    </symbol>\n\n  </defs>\n</svg>\n\n<div id=\"swagger-ui\"></div>\n\n<script src=\"webjars/springfox-swagger-ui/swagger-ui-bundle.js?v=2.9.2\"> </script>\n<script src=\"webjars/springfox-swagger-ui/swagger-ui-standalone-preset.js?v=2.9.2\"> </script>\n<script src=\"webjars/springfox-swagger-ui/springfox.js?v=2.9.2\"> </script>\n</body>\n\n</html>\n",
  "headers": {
    "Vary": "Origin, Access-Control-Request-Method, Access-Control-Request-Headers",
    "Last-Modified": "Fri, 06 Jun 2025 08:22:01 GMT",
    "Accept-Ranges": "bytes",
    "X-Content-Type-Options": "nosniff",
    "X-XSS-Protection": "1; mode=block",
    "Cache-Control": "no-cache, no-store, max-age=0, must-revalidate",
    "Pragma": "no-cache",
    "Expires": "0",
    "X-Frame-Options": "DENY",
    "Content-Type": "text/html",
    "Content-Length": "3318",
    "Date": "Thu, 02 Oct 2025 12:22:13 GMT",
    "Keep-Alive": "timeout=60",
    "Connection": "keep-alive"
  }
}
-----------------------------

Reason: 📦 Unexpected Content-Type: text/html
--- Request ---
{
  "method": "PUT",
  "url": "/",
  "headers": {
    "Content-Type": "application/json"
  },
  "body": null,
  "parameters": []
}
--- Response ---
{
  "status": 200,
  "body": "<!-- HTML for static distribution bundle build -->\n<!DOCTYPE html>\n<html lang=\"en\">\n<head>\n  <meta charset=\"UTF-8\">\n  <title>Swagger UI</title>\n  <link rel=\"stylesheet\" type=\"text/css\" href=\"webjars/springfox-swagger-ui/springfox.css?v=2.9.2\" >\n  <link rel=\"stylesheet\" type=\"text/css\" href=\"webjars/springfox-swagger-ui/swagger-ui.css?v=2.9.2\" >\n  <link rel=\"icon\" type=\"image/png\" href=\"webjars/springfox-swagger-ui/favicon-32x32.png?v=2.9.2\" sizes=\"32x32\" />\n  <link rel=\"icon\" type=\"image/png\" href=\"webjars/springfox-swagger-ui/favicon-16x16.png?v=2.9.2\" sizes=\"16x16\" />\n  <style>\n    html\n    {\n      box-sizing: border-box;\n      overflow: -moz-scrollbars-vertical;\n      overflow-y: scroll;\n    }\n    *,\n    *:before,\n    *:after\n    {\n      box-sizing: inherit;\n    }\n\n    body {\n      margin:0;\n      background: #fafafa;\n    }\n  </style>\n</head>\n\n<body>\n\n<svg xmlns=\"http://www.w3.org/2000/svg\" xmlns:xlink=\"http://www.w3.org/1999/xlink\" style=\"position:absolute;width:0;height:0\">\n  <defs>\n    <symbol viewBox=\"0 0 20 20\" id=\"unlocked\">\n      <path d=\"M15.8 8H14V5.6C14 2.703 12.665 1 10 1 7.334 1 6 2.703 6 5.6V6h2v-.801C8 3.754 8.797 3 10 3c1.203 0 2 .754 2 2.199V8H4c-.553 0-1 .646-1 1.199V17c0 .549.428 1.139.951 1.307l1.197.387C5.672 18.861 6.55 19 7.1 19h5.8c.549 0 1.428-.139 1.951-.307l1.196-.387c.524-.167.953-.757.953-1.306V9.199C17 8.646 16.352 8 15.8 8z\"></path>\n    </symbol>\n\n    <symbol viewBox=\"0 0 20 20\" id=\"locked\">\n      <path d=\"M15.8 8H14V5.6C14 2.703 12.665 1 10 1 7.334 1 6 2.703 6 5.6V8H4c-.553 0-1 .646-1 1.199V17c0 .549.428 1.139.951 1.307l1.197.387C5.672 18.861 6.55 19 7.1 19h5.8c.549 0 1.428-.139 1.951-.307l1.196-.387c.524-.167.953-.757.953-1.306V9.199C17 8.646 16.352 8 15.8 8zM12 8H8V5.199C8 3.754 8.797 3 10 3c1.203 0 2 .754 2 2.199V8z\"/>\n    </symbol>\n\n    <symbol viewBox=\"0 0 20 20\" id=\"close\">\n      <path d=\"M14.348 14.849c-.469.469-1.229.469-1.697 0L10 11.819l-2.651 3.029c-.469.469-1.229.469-1.697 0-.469-.469-.469-1.229 0-1.697l2.758-3.15-2.759-3.152c-.469-.469-.469-1.228 0-1.697.469-.469 1.228-.469 1.697 0L10 8.183l2.651-3.031c.469-.469 1.228-.469 1.697 0 .469.469.469 1.229 0 1.697l-2.758 3.152 2.758 3.15c.469.469.469 1.229 0 1.698z\"/>\n    </symbol>\n\n    <symbol viewBox=\"0 0 20 20\" id=\"large-arrow\">\n      <path d=\"M13.25 10L6.109 2.58c-.268-.27-.268-.707 0-.979.268-.27.701-.27.969 0l7.83 7.908c.268.271.268.709 0 .979l-7.83 7.908c-.268.271-.701.27-.969 0-.268-.269-.268-.707 0-.979L13.25 10z\"/>\n    </symbol>\n\n    <symbol viewBox=\"0 0 20 20\" id=\"large-arrow-down\">\n      <path d=\"M17.418 6.109c.272-.268.709-.268.979 0s.271.701 0 .969l-7.908 7.83c-.27.268-.707.268-.979 0l-7.908-7.83c-.27-.268-.27-.701 0-.969.271-.268.709-.268.979 0L10 13.25l7.418-7.141z\"/>\n    </symbol>\n\n\n    <symbol viewBox=\"0 0 24 24\" id=\"jump-to\">\n      <path d=\"M19 7v4H5.83l3.58-3.59L8 6l-6 6 6 6 1.41-1.41L5.83 13H21V7z\"/>\n    </symbol>\n\n    <symbol viewBox=\"0 0 24 24\" id=\"expand\">\n      <path d=\"M10 18h4v-2h-4v2zM3 6v2h18V6H3zm3 7h12v-2H6v2z\"/>\n    </symbol>\n\n  </defs>\n</svg>\n\n<div id=\"swagger-ui\"></div>\n\n<script src=\"webjars/springfox-swagger-ui/swagger-ui-bundle.js?v=2.9.2\"> </script>\n<script src=\"webjars/springfox-swagger-ui/swagger-ui-standalone-preset.js?v=2.9.2\"> </script>\n<script src=\"webjars/springfox-swagger-ui/springfox.js?v=2.9.2\"> </script>\n</body>\n\n</html>\n",
  "headers": {
    "Vary": "Origin, Access-Control-Request-Method, Access-Control-Request-Headers",
    "Last-Modified": "Fri, 06 Jun 2025 08:22:01 GMT",
    "Accept-Ranges": "bytes",
    "X-Content-Type-Options": "nosniff",
    "X-XSS-Protection": "1; mode=block",
    "Cache-Control": "no-cache, no-store, max-age=0, must-revalidate",
    "Pragma": "no-cache",
    "Expires": "0",
    "X-Frame-Options": "DENY",
    "Content-Type": "text/html",
    "Content-Length": "3318",
    "Date": "Thu, 02 Oct 2025 12:22:14 GMT",
    "Keep-Alive": "timeout=60",
    "Connection": "keep-alive"
  }
}
-----------------------------

Reason: 📦 Unexpected Content-Type: text/html
--- Request ---
{
  "method": "GET",
  "url": "/",
  "headers": {
    "Content-Type": "application/json"
  },
  "body": null,
  "parameters": []
}
--- Response ---
{
  "status": 200,
  "body": "<!-- HTML for static distribution bundle build -->\n<!DOCTYPE html>\n<html lang=\"en\">\n<head>\n  <meta charset=\"UTF-8\">\n  <title>Swagger UI</title>\n  <link rel=\"stylesheet\" type=\"text/css\" href=\"webjars/springfox-swagger-ui/springfox.css?v=2.9.2\" >\n  <link rel=\"stylesheet\" type=\"text/css\" href=\"webjars/springfox-swagger-ui/swagger-ui.css?v=2.9.2\" >\n  <link rel=\"icon\" type=\"image/png\" href=\"webjars/springfox-swagger-ui/favicon-32x32.png?v=2.9.2\" sizes=\"32x32\" />\n  <link rel=\"icon\" type=\"image/png\" href=\"webjars/springfox-swagger-ui/favicon-16x16.png?v=2.9.2\" sizes=\"16x16\" />\n  <style>\n    html\n    {\n      box-sizing: border-box;\n      overflow: -moz-scrollbars-vertical;\n      overflow-y: scroll;\n    }\n    *,\n    *:before,\n    *:after\n    {\n      box-sizing: inherit;\n    }\n\n    body {\n      margin:0;\n      background: #fafafa;\n    }\n  </style>\n</head>\n\n<body>\n\n<svg xmlns=\"http://www.w3.org/2000/svg\" xmlns:xlink=\"http://www.w3.org/1999/xlink\" style=\"position:absolute;width:0;height:0\">\n  <defs>\n    <symbol viewBox=\"0 0 20 20\" id=\"unlocked\">\n      <path d=\"M15.8 8H14V5.6C14 2.703 12.665 1 10 1 7.334 1 6 2.703 6 5.6V6h2v-.801C8 3.754 8.797 3 10 3c1.203 0 2 .754 2 2.199V8H4c-.553 0-1 .646-1 1.199V17c0 .549.428 1.139.951 1.307l1.197.387C5.672 18.861 6.55 19 7.1 19h5.8c.549 0 1.428-.139 1.951-.307l1.196-.387c.524-.167.953-.757.953-1.306V9.199C17 8.646 16.352 8 15.8 8z\"></path>\n    </symbol>\n\n    <symbol viewBox=\"0 0 20 20\" id=\"locked\">\n      <path d=\"M15.8 8H14V5.6C14 2.703 12.665 1 10 1 7.334 1 6 2.703 6 5.6V8H4c-.553 0-1 .646-1 1.199V17c0 .549.428 1.139.951 1.307l1.197.387C5.672 18.861 6.55 19 7.1 19h5.8c.549 0 1.428-.139 1.951-.307l1.196-.387c.524-.167.953-.757.953-1.306V9.199C17 8.646 16.352 8 15.8 8zM12 8H8V5.199C8 3.754 8.797 3 10 3c1.203 0 2 .754 2 2.199V8z\"/>\n    </symbol>\n\n    <symbol viewBox=\"0 0 20 20\" id=\"close\">\n      <path d=\"M14.348 14.849c-.469.469-1.229.469-1.697 0L10 11.819l-2.651 3.029c-.469.469-1.229.469-1.697 0-.469-.469-.469-1.229 0-1.697l2.758-3.15-2.759-3.152c-.469-.469-.469-1.228 0-1.697.469-.469 1.228-.469 1.697 0L10 8.183l2.651-3.031c.469-.469 1.228-.469 1.697 0 .469.469.469 1.229 0 1.697l-2.758 3.152 2.758 3.15c.469.469.469 1.229 0 1.698z\"/>\n    </symbol>\n\n    <symbol viewBox=\"0 0 20 20\" id=\"large-arrow\">\n      <path d=\"M13.25 10L6.109 2.58c-.268-.27-.268-.707 0-.979.268-.27.701-.27.969 0l7.83 7.908c.268.271.268.709 0 .979l-7.83 7.908c-.268.271-.701.27-.969 0-.268-.269-.268-.707 0-.979L13.25 10z\"/>\n    </symbol>\n\n    <symbol viewBox=\"0 0 20 20\" id=\"large-arrow-down\">\n      <path d=\"M17.418 6.109c.272-.268.709-.268.979 0s.271.701 0 .969l-7.908 7.83c-.27.268-.707.268-.979 0l-7.908-7.83c-.27-.268-.27-.701 0-.969.271-.268.709-.268.979 0L10 13.25l7.418-7.141z\"/>\n    </symbol>\n\n\n    <symbol viewBox=\"0 0 24 24\" id=\"jump-to\">\n      <path d=\"M19 7v4H5.83l3.58-3.59L8 6l-6 6 6 6 1.41-1.41L5.83 13H21V7z\"/>\n    </symbol>\n\n    <symbol viewBox=\"0 0 24 24\" id=\"expand\">\n      <path d=\"M10 18h4v-2h-4v2zM3 6v2h18V6H3zm3 7h12v-2H6v2z\"/>\n    </symbol>\n\n  </defs>\n</svg>\n\n<div id=\"swagger-ui\"></div>\n\n<script src=\"webjars/springfox-swagger-ui/swagger-ui-bundle.js?v=2.9.2\"> </script>\n<script src=\"webjars/springfox-swagger-ui/swagger-ui-standalone-preset.js?v=2.9.2\"> </script>\n<script src=\"webjars/springfox-swagger-ui/springfox.js?v=2.9.2\"> </script>\n</body>\n\n</html>\n",
  "headers": {
    "Vary": "Origin, Access-Control-Request-Method, Access-Control-Request-Headers",
    "Last-Modified": "Fri, 06 Jun 2025 08:22:01 GMT",
    "Accept-Ranges": "bytes",
    "X-Content-Type-Options": "nosniff",
    "X-XSS-Protection": "1; mode=block",
    "Cache-Control": "no-cache, no-store, max-age=0, must-revalidate",
    "Pragma": "no-cache",
    "Expires": "0",
    "X-Frame-Options": "DENY",
    "Content-Type": "text/html",
    "Content-Length": "3318",
    "Date": "Thu, 02 Oct 2025 12:22:24 GMT",
    "Keep-Alive": "timeout=60",
    "Connection": "keep-alive"
  }
}
-----------------------------

Reason: 📦 Unexpected Content-Type: 
--- Request ---
{
  "method": "OPTIONS",
  "url": "/",
  "headers": {
    "Content-Type": "application/json"
  },
  "body": null,
  "parameters": []
}
--- Response ---
{
  "status": 200,
  "body": "",
  "headers": {
    "Allow": "GET,HEAD,POST,PUT,PATCH,DELETE,OPTIONS",
    "X-Content-Type-Options": "nosniff",
    "X-XSS-Protection": "1; mode=block",
    "Cache-Control": "no-cache, no-store, max-age=0, must-revalidate",
    "Pragma": "no-cache",
    "Expires": "0",
    "X-Frame-Options": "DENY",
    "Content-Length": "0",
    "Date": "Thu, 02 Oct 2025 12:22:26 GMT",
    "Keep-Alive": "timeout=60",
    "Connection": "keep-alive"
  }
}
-----------------------------

Reason: 📦 Unexpected Content-Type: text/html
--- Request ---
{
  "method": "HEAD",
  "url": "/",
  "headers": {
    "Content-Type": "application/json"
  },
  "body": null,
  "parameters": []
}
--- Response ---
{
  "status": 200,
  "body": "",
  "headers": {
    "Vary": "Origin, Access-Control-Request-Method, Access-Control-Request-Headers",
    "Last-Modified": "Fri, 06 Jun 2025 08:22:01 GMT",
    "Accept-Ranges": "bytes",
    "X-Content-Type-Options": "nosniff",
    "X-XSS-Protection": "1; mode=block",
    "Cache-Control": "no-cache, no-store, max-age=0, must-revalidate",
    "Pragma": "no-cache",
    "Expires": "0",
    "X-Frame-Options": "DENY",
    "Content-Type": "text/html",
    "Content-Length": "3318",
    "Date": "Thu, 02 Oct 2025 12:22:27 GMT",
    "Keep-Alive": "timeout=60",
    "Connection": "keep-alive"
  }
}
-----------------------------

Reason: 📦 Unexpected Content-Type: text/html
--- Request ---
{
  "method": "PUT",
  "url": "/",
  "headers": {
    "Content-Type": "application/json"
  },
  "body": null,
  "parameters": []
}
--- Response ---
{
  "status": 200,
  "body": "<!-- HTML for static distribution bundle build -->\n<!DOCTYPE html>\n<html lang=\"en\">\n<head>\n  <meta charset=\"UTF-8\">\n  <title>Swagger UI</title>\n  <link rel=\"stylesheet\" type=\"text/css\" href=\"webjars/springfox-swagger-ui/springfox.css?v=2.9.2\" >\n  <link rel=\"stylesheet\" type=\"text/css\" href=\"webjars/springfox-swagger-ui/swagger-ui.css?v=2.9.2\" >\n  <link rel=\"icon\" type=\"image/png\" href=\"webjars/springfox-swagger-ui/favicon-32x32.png?v=2.9.2\" sizes=\"32x32\" />\n  <link rel=\"icon\" type=\"image/png\" href=\"webjars/springfox-swagger-ui/favicon-16x16.png?v=2.9.2\" sizes=\"16x16\" />\n  <style>\n    html\n    {\n      box-sizing: border-box;\n      overflow: -moz-scrollbars-vertical;\n      overflow-y: scroll;\n    }\n    *,\n    *:before,\n    *:after\n    {\n      box-sizing: inherit;\n    }\n\n    body {\n      margin:0;\n      background: #fafafa;\n    }\n  </style>\n</head>\n\n<body>\n\n<svg xmlns=\"http://www.w3.org/2000/svg\" xmlns:xlink=\"http://www.w3.org/1999/xlink\" style=\"position:absolute;width:0;height:0\">\n  <defs>\n    <symbol viewBox=\"0 0 20 20\" id=\"unlocked\">\n      <path d=\"M15.8 8H14V5.6C14 2.703 12.665 1 10 1 7.334 1 6 2.703 6 5.6V6h2v-.801C8 3.754 8.797 3 10 3c1.203 0 2 .754 2 2.199V8H4c-.553 0-1 .646-1 1.199V17c0 .549.428 1.139.951 1.307l1.197.387C5.672 18.861 6.55 19 7.1 19h5.8c.549 0 1.428-.139 1.951-.307l1.196-.387c.524-.167.953-.757.953-1.306V9.199C17 8.646 16.352 8 15.8 8z\"></path>\n    </symbol>\n\n    <symbol viewBox=\"0 0 20 20\" id=\"locked\">\n      <path d=\"M15.8 8H14V5.6C14 2.703 12.665 1 10 1 7.334 1 6 2.703 6 5.6V8H4c-.553 0-1 .646-1 1.199V17c0 .549.428 1.139.951 1.307l1.197.387C5.672 18.861 6.55 19 7.1 19h5.8c.549 0 1.428-.139 1.951-.307l1.196-.387c.524-.167.953-.757.953-1.306V9.199C17 8.646 16.352 8 15.8 8zM12 8H8V5.199C8 3.754 8.797 3 10 3c1.203 0 2 .754 2 2.199V8z\"/>\n    </symbol>\n\n    <symbol viewBox=\"0 0 20 20\" id=\"close\">\n      <path d=\"M14.348 14.849c-.469.469-1.229.469-1.697 0L10 11.819l-2.651 3.029c-.469.469-1.229.469-1.697 0-.469-.469-.469-1.229 0-1.697l2.758-3.15-2.759-3.152c-.469-.469-.469-1.228 0-1.697.469-.469 1.228-.469 1.697 0L10 8.183l2.651-3.031c.469-.469 1.228-.469 1.697 0 .469.469.469 1.229 0 1.697l-2.758 3.152 2.758 3.15c.469.469.469 1.229 0 1.698z\"/>\n    </symbol>\n\n    <symbol viewBox=\"0 0 20 20\" id=\"large-arrow\">\n      <path d=\"M13.25 10L6.109 2.58c-.268-.27-.268-.707 0-.979.268-.27.701-.27.969 0l7.83 7.908c.268.271.268.709 0 .979l-7.83 7.908c-.268.271-.701.27-.969 0-.268-.269-.268-.707 0-.979L13.25 10z\"/>\n    </symbol>\n\n    <symbol viewBox=\"0 0 20 20\" id=\"large-arrow-down\">\n      <path d=\"M17.418 6.109c.272-.268.709-.268.979 0s.271.701 0 .969l-7.908 7.83c-.27.268-.707.268-.979 0l-7.908-7.83c-.27-.268-.27-.701 0-.969.271-.268.709-.268.979 0L10 13.25l7.418-7.141z\"/>\n    </symbol>\n\n\n    <symbol viewBox=\"0 0 24 24\" id=\"jump-to\">\n      <path d=\"M19 7v4H5.83l3.58-3.59L8 6l-6 6 6 6 1.41-1.41L5.83 13H21V7z\"/>\n    </symbol>\n\n    <symbol viewBox=\"0 0 24 24\" id=\"expand\">\n      <path d=\"M10 18h4v-2h-4v2zM3 6v2h18V6H3zm3 7h12v-2H6v2z\"/>\n    </symbol>\n\n  </defs>\n</svg>\n\n<div id=\"swagger-ui\"></div>\n\n<script src=\"webjars/springfox-swagger-ui/swagger-ui-bundle.js?v=2.9.2\"> </script>\n<script src=\"webjars/springfox-swagger-ui/swagger-ui-standalone-preset.js?v=2.9.2\"> </script>\n<script src=\"webjars/springfox-swagger-ui/springfox.js?v=2.9.2\"> </script>\n</body>\n\n</html>\n",
  "headers": {
    "Vary": "Origin, Access-Control-Request-Method, Access-Control-Request-Headers",
    "Last-Modified": "Fri, 06 Jun 2025 08:22:01 GMT",
    "Accept-Ranges": "bytes",
    "X-Content-Type-Options": "nosniff",
    "X-XSS-Protection": "1; mode=block",
    "Cache-Control": "no-cache, no-store, max-age=0, must-revalidate",
    "Pragma": "no-cache",
    "Expires": "0",
    "X-Frame-Options": "DENY",
    "Content-Type": "text/html",
    "Content-Length": "3318",
    "Date": "Thu, 02 Oct 2025 12:22:30 GMT",
    "Keep-Alive": "timeout=60",
    "Connection": "keep-alive"
  }
}
-----------------------------

Reason: 📦 Unexpected Content-Type: text/html
--- Request ---
{
  "method": "HEAD",
  "url": "/",
  "headers": {
    "Content-Type": "application/json"
  },
  "body": null,
  "parameters": []
}
--- Response ---
{
  "status": 200,
  "body": "",
  "headers": {
    "Vary": "Origin, Access-Control-Request-Method, Access-Control-Request-Headers",
    "Last-Modified": "Fri, 06 Jun 2025 08:22:01 GMT",
    "Accept-Ranges": "bytes",
    "X-Content-Type-Options": "nosniff",
    "X-XSS-Protection": "1; mode=block",
    "Cache-Control": "no-cache, no-store, max-age=0, must-revalidate",
    "Pragma": "no-cache",
    "Expires": "0",
    "X-Frame-Options": "DENY",
    "Content-Type": "text/html",
    "Content-Length": "3318",
    "Date": "Thu, 02 Oct 2025 12:22:32 GMT",
    "Keep-Alive": "timeout=60",
    "Connection": "keep-alive"
  }
}
-----------------------------

Reason: 📦 Unexpected Content-Type: text/html
--- Request ---
{
  "method": "HEAD",
  "url": "/",
  "headers": {
    "Content-Type": "application/json"
  },
  "body": null,
  "parameters": []
}
--- Response ---
{
  "status": 200,
  "body": "",
  "headers": {
    "Vary": "Origin, Access-Control-Request-Method, Access-Control-Request-Headers",
    "Last-Modified": "Fri, 06 Jun 2025 08:22:01 GMT",
    "Accept-Ranges": "bytes",
    "X-Content-Type-Options": "nosniff",
    "X-XSS-Protection": "1; mode=block",
    "Cache-Control": "no-cache, no-store, max-age=0, must-revalidate",
    "Pragma": "no-cache",
    "Expires": "0",
    "X-Frame-Options": "DENY",
    "Content-Type": "text/html",
    "Content-Length": "3318",
    "Date": "Thu, 02 Oct 2025 12:22:35 GMT",
    "Keep-Alive": "timeout=60",
    "Connection": "keep-alive"
  }
}
-----------------------------

Reason: 📦 Unexpected Content-Type: text/html
--- Request ---
{
  "method": "GET",
  "url": "/",
  "headers": {
    "Content-Type": "application/json"
  },
  "body": null,
  "parameters": []
}
--- Response ---
{
  "status": 200,
  "body": "<!-- HTML for static distribution bundle build -->\n<!DOCTYPE html>\n<html lang=\"en\">\n<head>\n  <meta charset=\"UTF-8\">\n  <title>Swagger UI</title>\n  <link rel=\"stylesheet\" type=\"text/css\" href=\"webjars/springfox-swagger-ui/springfox.css?v=2.9.2\" >\n  <link rel=\"stylesheet\" type=\"text/css\" href=\"webjars/springfox-swagger-ui/swagger-ui.css?v=2.9.2\" >\n  <link rel=\"icon\" type=\"image/png\" href=\"webjars/springfox-swagger-ui/favicon-32x32.png?v=2.9.2\" sizes=\"32x32\" />\n  <link rel=\"icon\" type=\"image/png\" href=\"webjars/springfox-swagger-ui/favicon-16x16.png?v=2.9.2\" sizes=\"16x16\" />\n  <style>\n    html\n    {\n      box-sizing: border-box;\n      overflow: -moz-scrollbars-vertical;\n      overflow-y: scroll;\n    }\n    *,\n    *:before,\n    *:after\n    {\n      box-sizing: inherit;\n    }\n\n    body {\n      margin:0;\n      background: #fafafa;\n    }\n  </style>\n</head>\n\n<body>\n\n<svg xmlns=\"http://www.w3.org/2000/svg\" xmlns:xlink=\"http://www.w3.org/1999/xlink\" style=\"position:absolute;width:0;height:0\">\n  <defs>\n    <symbol viewBox=\"0 0 20 20\" id=\"unlocked\">\n      <path d=\"M15.8 8H14V5.6C14 2.703 12.665 1 10 1 7.334 1 6 2.703 6 5.6V6h2v-.801C8 3.754 8.797 3 10 3c1.203 0 2 .754 2 2.199V8H4c-.553 0-1 .646-1 1.199V17c0 .549.428 1.139.951 1.307l1.197.387C5.672 18.861 6.55 19 7.1 19h5.8c.549 0 1.428-.139 1.951-.307l1.196-.387c.524-.167.953-.757.953-1.306V9.199C17 8.646 16.352 8 15.8 8z\"></path>\n    </symbol>\n\n    <symbol viewBox=\"0 0 20 20\" id=\"locked\">\n      <path d=\"M15.8 8H14V5.6C14 2.703 12.665 1 10 1 7.334 1 6 2.703 6 5.6V8H4c-.553 0-1 .646-1 1.199V17c0 .549.428 1.139.951 1.307l1.197.387C5.672 18.861 6.55 19 7.1 19h5.8c.549 0 1.428-.139 1.951-.307l1.196-.387c.524-.167.953-.757.953-1.306V9.199C17 8.646 16.352 8 15.8 8zM12 8H8V5.199C8 3.754 8.797 3 10 3c1.203 0 2 .754 2 2.199V8z\"/>\n    </symbol>\n\n    <symbol viewBox=\"0 0 20 20\" id=\"close\">\n      <path d=\"M14.348 14.849c-.469.469-1.229.469-1.697 0L10 11.819l-2.651 3.029c-.469.469-1.229.469-1.697 0-.469-.469-.469-1.229 0-1.697l2.758-3.15-2.759-3.152c-.469-.469-.469-1.228 0-1.697.469-.469 1.228-.469 1.697 0L10 8.183l2.651-3.031c.469-.469 1.228-.469 1.697 0 .469.469.469 1.229 0 1.697l-2.758 3.152 2.758 3.15c.469.469.469 1.229 0 1.698z\"/>\n    </symbol>\n\n    <symbol viewBox=\"0 0 20 20\" id=\"large-arrow\">\n      <path d=\"M13.25 10L6.109 2.58c-.268-.27-.268-.707 0-.979.268-.27.701-.27.969 0l7.83 7.908c.268.271.268.709 0 .979l-7.83 7.908c-.268.271-.701.27-.969 0-.268-.269-.268-.707 0-.979L13.25 10z\"/>\n    </symbol>\n\n    <symbol viewBox=\"0 0 20 20\" id=\"large-arrow-down\">\n      <path d=\"M17.418 6.109c.272-.268.709-.268.979 0s.271.701 0 .969l-7.908 7.83c-.27.268-.707.268-.979 0l-7.908-7.83c-.27-.268-.27-.701 0-.969.271-.268.709-.268.979 0L10 13.25l7.418-7.141z\"/>\n    </symbol>\n\n\n    <symbol viewBox=\"0 0 24 24\" id=\"jump-to\">\n      <path d=\"M19 7v4H5.83l3.58-3.59L8 6l-6 6 6 6 1.41-1.41L5.83 13H21V7z\"/>\n    </symbol>\n\n    <symbol viewBox=\"0 0 24 24\" id=\"expand\">\n      <path d=\"M10 18h4v-2h-4v2zM3 6v2h18V6H3zm3 7h12v-2H6v2z\"/>\n    </symbol>\n\n  </defs>\n</svg>\n\n<div id=\"swagger-ui\"></div>\n\n<script src=\"webjars/springfox-swagger-ui/swagger-ui-bundle.js?v=2.9.2\"> </script>\n<script src=\"webjars/springfox-swagger-ui/swagger-ui-standalone-preset.js?v=2.9.2\"> </script>\n<script src=\"webjars/springfox-swagger-ui/springfox.js?v=2.9.2\"> </script>\n</body>\n\n</html>\n",
  "headers": {
    "Vary": "Origin, Access-Control-Request-Method, Access-Control-Request-Headers",
    "Last-Modified": "Fri, 06 Jun 2025 08:22:01 GMT",
    "Accept-Ranges": "bytes",
    "X-Content-Type-Options": "nosniff",
    "X-XSS-Protection": "1; mode=block",
    "Cache-Control": "no-cache, no-store, max-age=0, must-revalidate",
    "Pragma": "no-cache",
    "Expires": "0",
    "X-Frame-Options": "DENY",
    "Content-Type": "text/html",
    "Content-Length": "3318",
    "Date": "Thu, 02 Oct 2025 12:22:35 GMT",
    "Keep-Alive": "timeout=60",
    "Connection": "keep-alive"
  }
}
-----------------------------

Reason: 📦 Unexpected Content-Type: 
--- Request ---
{
  "method": "OPTIONS",
  "url": "/error",
  "headers": {
    "Content-Type": "application/json"
  },
  "body": null,
  "parameters": []
}
--- Response ---
{
  "status": 200,
  "body": "",
  "headers": {
    "Allow": "GET,HEAD,POST,PUT,PATCH,DELETE,OPTIONS",
    "X-Content-Type-Options": "nosniff",
    "X-XSS-Protection": "1; mode=block",
    "Cache-Control": "no-cache, no-store, max-age=0, must-revalidate",
    "Pragma": "no-cache",
    "Expires": "0",
    "X-Frame-Options": "DENY",
    "Content-Length": "0",
    "Date": "Thu, 02 Oct 2025 12:22:35 GMT",
    "Keep-Alive": "timeout=60",
    "Connection": "keep-alive"
  }
}
-----------------------------

Reason: 📦 Unexpected Content-Type: 
--- Request ---
{
  "method": "OPTIONS",
  "url": "/error",
  "headers": {
    "Content-Type": "application/json"
  },
  "body": null,
  "parameters": []
}
--- Response ---
{
  "status": 200,
  "body": "",
  "headers": {
    "Allow": "GET,HEAD,POST,PUT,PATCH,DELETE,OPTIONS",
    "X-Content-Type-Options": "nosniff",
    "X-XSS-Protection": "1; mode=block",
    "Cache-Control": "no-cache, no-store, max-age=0, must-revalidate",
    "Pragma": "no-cache",
    "Expires": "0",
    "X-Frame-Options": "DENY",
    "Content-Length": "0",
    "Date": "Thu, 02 Oct 2025 12:22:36 GMT",
    "Keep-Alive": "timeout=60",
    "Connection": "keep-alive"
  }
}
-----------------------------

Reason: 📦 Unexpected Content-Type: text/html
--- Request ---
{
  "method": "HEAD",
  "url": "/",
  "headers": {
    "Content-Type": "application/json"
  },
  "body": null,
  "parameters": []
}
--- Response ---
{
  "status": 200,
  "body": "",
  "headers": {
    "Vary": "Origin, Access-Control-Request-Method, Access-Control-Request-Headers",
    "Last-Modified": "Fri, 06 Jun 2025 08:22:01 GMT",
    "Accept-Ranges": "bytes",
    "X-Content-Type-Options": "nosniff",
    "X-XSS-Protection": "1; mode=block",
    "Cache-Control": "no-cache, no-store, max-age=0, must-revalidate",
    "Pragma": "no-cache",
    "Expires": "0",
    "X-Frame-Options": "DENY",
    "Content-Type": "text/html",
    "Content-Length": "3318",
    "Date": "Thu, 02 Oct 2025 12:22:36 GMT",
    "Keep-Alive": "timeout=60",
    "Connection": "keep-alive"
  }
}
-----------------------------

Reason: 📦 Unexpected Content-Type: text/html
--- Request ---
{
  "method": "HEAD",
  "url": "/",
  "headers": {
    "Content-Type": "application/json"
  },
  "body": null,
  "parameters": []
}
--- Response ---
{
  "status": 200,
  "body": "",
  "headers": {
    "Vary": "Origin, Access-Control-Request-Method, Access-Control-Request-Headers",
    "Last-Modified": "Fri, 06 Jun 2025 08:22:01 GMT",
    "Accept-Ranges": "bytes",
    "X-Content-Type-Options": "nosniff",
    "X-XSS-Protection": "1; mode=block",
    "Cache-Control": "no-cache, no-store, max-age=0, must-revalidate",
    "Pragma": "no-cache",
    "Expires": "0",
    "X-Frame-Options": "DENY",
    "Content-Type": "text/html",
    "Content-Length": "3318",
    "Date": "Thu, 02 Oct 2025 12:22:36 GMT",
    "Keep-Alive": "timeout=60",
    "Connection": "keep-alive"
  }
}
-----------------------------

Reason: 📦 Unexpected Content-Type: text/html
--- Request ---
{
  "method": "PUT",
  "url": "/",
  "headers": {
    "Content-Type": "application/json"
  },
  "body": null,
  "parameters": []
}
--- Response ---
{
  "status": 200,
  "body": "<!-- HTML for static distribution bundle build -->\n<!DOCTYPE html>\n<html lang=\"en\">\n<head>\n  <meta charset=\"UTF-8\">\n  <title>Swagger UI</title>\n  <link rel=\"stylesheet\" type=\"text/css\" href=\"webjars/springfox-swagger-ui/springfox.css?v=2.9.2\" >\n  <link rel=\"stylesheet\" type=\"text/css\" href=\"webjars/springfox-swagger-ui/swagger-ui.css?v=2.9.2\" >\n  <link rel=\"icon\" type=\"image/png\" href=\"webjars/springfox-swagger-ui/favicon-32x32.png?v=2.9.2\" sizes=\"32x32\" />\n  <link rel=\"icon\" type=\"image/png\" href=\"webjars/springfox-swagger-ui/favicon-16x16.png?v=2.9.2\" sizes=\"16x16\" />\n  <style>\n    html\n    {\n      box-sizing: border-box;\n      overflow: -moz-scrollbars-vertical;\n      overflow-y: scroll;\n    }\n    *,\n    *:before,\n    *:after\n    {\n      box-sizing: inherit;\n    }\n\n    body {\n      margin:0;\n      background: #fafafa;\n    }\n  </style>\n</head>\n\n<body>\n\n<svg xmlns=\"http://www.w3.org/2000/svg\" xmlns:xlink=\"http://www.w3.org/1999/xlink\" style=\"position:absolute;width:0;height:0\">\n  <defs>\n    <symbol viewBox=\"0 0 20 20\" id=\"unlocked\">\n      <path d=\"M15.8 8H14V5.6C14 2.703 12.665 1 10 1 7.334 1 6 2.703 6 5.6V6h2v-.801C8 3.754 8.797 3 10 3c1.203 0 2 .754 2 2.199V8H4c-.553 0-1 .646-1 1.199V17c0 .549.428 1.139.951 1.307l1.197.387C5.672 18.861 6.55 19 7.1 19h5.8c.549 0 1.428-.139 1.951-.307l1.196-.387c.524-.167.953-.757.953-1.306V9.199C17 8.646 16.352 8 15.8 8z\"></path>\n    </symbol>\n\n    <symbol viewBox=\"0 0 20 20\" id=\"locked\">\n      <path d=\"M15.8 8H14V5.6C14 2.703 12.665 1 10 1 7.334 1 6 2.703 6 5.6V8H4c-.553 0-1 .646-1 1.199V17c0 .549.428 1.139.951 1.307l1.197.387C5.672 18.861 6.55 19 7.1 19h5.8c.549 0 1.428-.139 1.951-.307l1.196-.387c.524-.167.953-.757.953-1.306V9.199C17 8.646 16.352 8 15.8 8zM12 8H8V5.199C8 3.754 8.797 3 10 3c1.203 0 2 .754 2 2.199V8z\"/>\n    </symbol>\n\n    <symbol viewBox=\"0 0 20 20\" id=\"close\">\n      <path d=\"M14.348 14.849c-.469.469-1.229.469-1.697 0L10 11.819l-2.651 3.029c-.469.469-1.229.469-1.697 0-.469-.469-.469-1.229 0-1.697l2.758-3.15-2.759-3.152c-.469-.469-.469-1.228 0-1.697.469-.469 1.228-.469 1.697 0L10 8.183l2.651-3.031c.469-.469 1.228-.469 1.697 0 .469.469.469 1.229 0 1.697l-2.758 3.152 2.758 3.15c.469.469.469 1.229 0 1.698z\"/>\n    </symbol>\n\n    <symbol viewBox=\"0 0 20 20\" id=\"large-arrow\">\n      <path d=\"M13.25 10L6.109 2.58c-.268-.27-.268-.707 0-.979.268-.27.701-.27.969 0l7.83 7.908c.268.271.268.709 0 .979l-7.83 7.908c-.268.271-.701.27-.969 0-.268-.269-.268-.707 0-.979L13.25 10z\"/>\n    </symbol>\n\n    <symbol viewBox=\"0 0 20 20\" id=\"large-arrow-down\">\n      <path d=\"M17.418 6.109c.272-.268.709-.268.979 0s.271.701 0 .969l-7.908 7.83c-.27.268-.707.268-.979 0l-7.908-7.83c-.27-.268-.27-.701 0-.969.271-.268.709-.268.979 0L10 13.25l7.418-7.141z\"/>\n    </symbol>\n\n\n    <symbol viewBox=\"0 0 24 24\" id=\"jump-to\">\n      <path d=\"M19 7v4H5.83l3.58-3.59L8 6l-6 6 6 6 1.41-1.41L5.83 13H21V7z\"/>\n    </symbol>\n\n    <symbol viewBox=\"0 0 24 24\" id=\"expand\">\n      <path d=\"M10 18h4v-2h-4v2zM3 6v2h18V6H3zm3 7h12v-2H6v2z\"/>\n    </symbol>\n\n  </defs>\n</svg>\n\n<div id=\"swagger-ui\"></div>\n\n<script src=\"webjars/springfox-swagger-ui/swagger-ui-bundle.js?v=2.9.2\"> </script>\n<script src=\"webjars/springfox-swagger-ui/swagger-ui-standalone-preset.js?v=2.9.2\"> </script>\n<script src=\"webjars/springfox-swagger-ui/springfox.js?v=2.9.2\"> </script>\n</body>\n\n</html>\n",
  "headers": {
    "Vary": "Origin, Access-Control-Request-Method, Access-Control-Request-Headers",
    "Last-Modified": "Fri, 06 Jun 2025 08:22:01 GMT",
    "Accept-Ranges": "bytes",
    "X-Content-Type-Options": "nosniff",
    "X-XSS-Protection": "1; mode=block",
    "Cache-Control": "no-cache, no-store, max-age=0, must-revalidate",
    "Pragma": "no-cache",
    "Expires": "0",
    "X-Frame-Options": "DENY",
    "Content-Type": "text/html",
    "Content-Length": "3318",
    "Date": "Thu, 02 Oct 2025 12:22:39 GMT",
    "Keep-Alive": "timeout=60",
    "Connection": "keep-alive"
  }
}
-----------------------------

Reason: 📦 Unexpected Content-Type: text/html
--- Request ---
{
  "method": "HEAD",
  "url": "/",
  "headers": {
    "Content-Type": "application/json"
  },
  "body": null,
  "parameters": []
}
--- Response ---
{
  "status": 200,
  "body": "",
  "headers": {
    "Vary": "Origin, Access-Control-Request-Method, Access-Control-Request-Headers",
    "Last-Modified": "Fri, 06 Jun 2025 08:22:01 GMT",
    "Accept-Ranges": "bytes",
    "X-Content-Type-Options": "nosniff",
    "X-XSS-Protection": "1; mode=block",
    "Cache-Control": "no-cache, no-store, max-age=0, must-revalidate",
    "Pragma": "no-cache",
    "Expires": "0",
    "X-Frame-Options": "DENY",
    "Content-Type": "text/html",
    "Content-Length": "3318",
    "Date": "Thu, 02 Oct 2025 12:22:52 GMT",
    "Keep-Alive": "timeout=60",
    "Connection": "keep-alive"
  }
}
-----------------------------

Reason: 📦 Unexpected Content-Type: text/html
--- Request ---
{
  "method": "HEAD",
  "url": "/",
  "headers": {
    "Content-Type": "application/json"
  },
  "body": null,
  "parameters": []
}
--- Response ---
{
  "status": 200,
  "body": "",
  "headers": {
    "Vary": "Origin, Access-Control-Request-Method, Access-Control-Request-Headers",
    "Last-Modified": "Fri, 06 Jun 2025 08:22:01 GMT",
    "Accept-Ranges": "bytes",
    "X-Content-Type-Options": "nosniff",
    "X-XSS-Protection": "1; mode=block",
    "Cache-Control": "no-cache, no-store, max-age=0, must-revalidate",
    "Pragma": "no-cache",
    "Expires": "0",
    "X-Frame-Options": "DENY",
    "Content-Type": "text/html",
    "Content-Length": "3318",
    "Date": "Thu, 02 Oct 2025 12:22:52 GMT",
    "Keep-Alive": "timeout=60",
    "Connection": "keep-alive"
  }
}
-----------------------------

Reason: 📦 Unexpected Content-Type: text/html
--- Request ---
{
  "method": "GET",
  "url": "/",
  "headers": {
    "Content-Type": "application/json"
  },
  "body": null,
  "parameters": []
}
--- Response ---
{
  "status": 200,
  "body": "<!-- HTML for static distribution bundle build -->\n<!DOCTYPE html>\n<html lang=\"en\">\n<head>\n  <meta charset=\"UTF-8\">\n  <title>Swagger UI</title>\n  <link rel=\"stylesheet\" type=\"text/css\" href=\"webjars/springfox-swagger-ui/springfox.css?v=2.9.2\" >\n  <link rel=\"stylesheet\" type=\"text/css\" href=\"webjars/springfox-swagger-ui/swagger-ui.css?v=2.9.2\" >\n  <link rel=\"icon\" type=\"image/png\" href=\"webjars/springfox-swagger-ui/favicon-32x32.png?v=2.9.2\" sizes=\"32x32\" />\n  <link rel=\"icon\" type=\"image/png\" href=\"webjars/springfox-swagger-ui/favicon-16x16.png?v=2.9.2\" sizes=\"16x16\" />\n  <style>\n    html\n    {\n      box-sizing: border-box;\n      overflow: -moz-scrollbars-vertical;\n      overflow-y: scroll;\n    }\n    *,\n    *:before,\n    *:after\n    {\n      box-sizing: inherit;\n    }\n\n    body {\n      margin:0;\n      background: #fafafa;\n    }\n  </style>\n</head>\n\n<body>\n\n<svg xmlns=\"http://www.w3.org/2000/svg\" xmlns:xlink=\"http://www.w3.org/1999/xlink\" style=\"position:absolute;width:0;height:0\">\n  <defs>\n    <symbol viewBox=\"0 0 20 20\" id=\"unlocked\">\n      <path d=\"M15.8 8H14V5.6C14 2.703 12.665 1 10 1 7.334 1 6 2.703 6 5.6V6h2v-.801C8 3.754 8.797 3 10 3c1.203 0 2 .754 2 2.199V8H4c-.553 0-1 .646-1 1.199V17c0 .549.428 1.139.951 1.307l1.197.387C5.672 18.861 6.55 19 7.1 19h5.8c.549 0 1.428-.139 1.951-.307l1.196-.387c.524-.167.953-.757.953-1.306V9.199C17 8.646 16.352 8 15.8 8z\"></path>\n    </symbol>\n\n    <symbol viewBox=\"0 0 20 20\" id=\"locked\">\n      <path d=\"M15.8 8H14V5.6C14 2.703 12.665 1 10 1 7.334 1 6 2.703 6 5.6V8H4c-.553 0-1 .646-1 1.199V17c0 .549.428 1.139.951 1.307l1.197.387C5.672 18.861 6.55 19 7.1 19h5.8c.549 0 1.428-.139 1.951-.307l1.196-.387c.524-.167.953-.757.953-1.306V9.199C17 8.646 16.352 8 15.8 8zM12 8H8V5.199C8 3.754 8.797 3 10 3c1.203 0 2 .754 2 2.199V8z\"/>\n    </symbol>\n\n    <symbol viewBox=\"0 0 20 20\" id=\"close\">\n      <path d=\"M14.348 14.849c-.469.469-1.229.469-1.697 0L10 11.819l-2.651 3.029c-.469.469-1.229.469-1.697 0-.469-.469-.469-1.229 0-1.697l2.758-3.15-2.759-3.152c-.469-.469-.469-1.228 0-1.697.469-.469 1.228-.469 1.697 0L10 8.183l2.651-3.031c.469-.469 1.228-.469 1.697 0 .469.469.469 1.229 0 1.697l-2.758 3.152 2.758 3.15c.469.469.469 1.229 0 1.698z\"/>\n    </symbol>\n\n    <symbol viewBox=\"0 0 20 20\" id=\"large-arrow\">\n      <path d=\"M13.25 10L6.109 2.58c-.268-.27-.268-.707 0-.979.268-.27.701-.27.969 0l7.83 7.908c.268.271.268.709 0 .979l-7.83 7.908c-.268.271-.701.27-.969 0-.268-.269-.268-.707 0-.979L13.25 10z\"/>\n    </symbol>\n\n    <symbol viewBox=\"0 0 20 20\" id=\"large-arrow-down\">\n      <path d=\"M17.418 6.109c.272-.268.709-.268.979 0s.271.701 0 .969l-7.908 7.83c-.27.268-.707.268-.979 0l-7.908-7.83c-.27-.268-.27-.701 0-.969.271-.268.709-.268.979 0L10 13.25l7.418-7.141z\"/>\n    </symbol>\n\n\n    <symbol viewBox=\"0 0 24 24\" id=\"jump-to\">\n      <path d=\"M19 7v4H5.83l3.58-3.59L8 6l-6 6 6 6 1.41-1.41L5.83 13H21V7z\"/>\n    </symbol>\n\n    <symbol viewBox=\"0 0 24 24\" id=\"expand\">\n      <path d=\"M10 18h4v-2h-4v2zM3 6v2h18V6H3zm3 7h12v-2H6v2z\"/>\n    </symbol>\n\n  </defs>\n</svg>\n\n<div id=\"swagger-ui\"></div>\n\n<script src=\"webjars/springfox-swagger-ui/swagger-ui-bundle.js?v=2.9.2\"> </script>\n<script src=\"webjars/springfox-swagger-ui/swagger-ui-standalone-preset.js?v=2.9.2\"> </script>\n<script src=\"webjars/springfox-swagger-ui/springfox.js?v=2.9.2\"> </script>\n</body>\n\n</html>\n",
  "headers": {
    "Vary": "Origin, Access-Control-Request-Method, Access-Control-Request-Headers",
    "Last-Modified": "Fri, 06 Jun 2025 08:22:01 GMT",
    "Accept-Ranges": "bytes",
    "X-Content-Type-Options": "nosniff",
    "X-XSS-Protection": "1; mode=block",
    "Cache-Control": "no-cache, no-store, max-age=0, must-revalidate",
    "Pragma": "no-cache",
    "Expires": "0",
    "X-Frame-Options": "DENY",
    "Content-Type": "text/html",
    "Content-Length": "3318",
    "Date": "Thu, 02 Oct 2025 12:22:54 GMT",
    "Keep-Alive": "timeout=60",
    "Connection": "keep-alive"
  }
}
-----------------------------

Reason: 📦 Unexpected Content-Type: text/html
--- Request ---
{
  "method": "PUT",
  "url": "/",
  "headers": {
    "Content-Type": "application/json"
  },
  "body": null,
  "parameters": []
}
--- Response ---
{
  "status": 200,
  "body": "<!-- HTML for static distribution bundle build -->\n<!DOCTYPE html>\n<html lang=\"en\">\n<head>\n  <meta charset=\"UTF-8\">\n  <title>Swagger UI</title>\n  <link rel=\"stylesheet\" type=\"text/css\" href=\"webjars/springfox-swagger-ui/springfox.css?v=2.9.2\" >\n  <link rel=\"stylesheet\" type=\"text/css\" href=\"webjars/springfox-swagger-ui/swagger-ui.css?v=2.9.2\" >\n  <link rel=\"icon\" type=\"image/png\" href=\"webjars/springfox-swagger-ui/favicon-32x32.png?v=2.9.2\" sizes=\"32x32\" />\n  <link rel=\"icon\" type=\"image/png\" href=\"webjars/springfox-swagger-ui/favicon-16x16.png?v=2.9.2\" sizes=\"16x16\" />\n  <style>\n    html\n    {\n      box-sizing: border-box;\n      overflow: -moz-scrollbars-vertical;\n      overflow-y: scroll;\n    }\n    *,\n    *:before,\n    *:after\n    {\n      box-sizing: inherit;\n    }\n\n    body {\n      margin:0;\n      background: #fafafa;\n    }\n  </style>\n</head>\n\n<body>\n\n<svg xmlns=\"http://www.w3.org/2000/svg\" xmlns:xlink=\"http://www.w3.org/1999/xlink\" style=\"position:absolute;width:0;height:0\">\n  <defs>\n    <symbol viewBox=\"0 0 20 20\" id=\"unlocked\">\n      <path d=\"M15.8 8H14V5.6C14 2.703 12.665 1 10 1 7.334 1 6 2.703 6 5.6V6h2v-.801C8 3.754 8.797 3 10 3c1.203 0 2 .754 2 2.199V8H4c-.553 0-1 .646-1 1.199V17c0 .549.428 1.139.951 1.307l1.197.387C5.672 18.861 6.55 19 7.1 19h5.8c.549 0 1.428-.139 1.951-.307l1.196-.387c.524-.167.953-.757.953-1.306V9.199C17 8.646 16.352 8 15.8 8z\"></path>\n    </symbol>\n\n    <symbol viewBox=\"0 0 20 20\" id=\"locked\">\n      <path d=\"M15.8 8H14V5.6C14 2.703 12.665 1 10 1 7.334 1 6 2.703 6 5.6V8H4c-.553 0-1 .646-1 1.199V17c0 .549.428 1.139.951 1.307l1.197.387C5.672 18.861 6.55 19 7.1 19h5.8c.549 0 1.428-.139 1.951-.307l1.196-.387c.524-.167.953-.757.953-1.306V9.199C17 8.646 16.352 8 15.8 8zM12 8H8V5.199C8 3.754 8.797 3 10 3c1.203 0 2 .754 2 2.199V8z\"/>\n    </symbol>\n\n    <symbol viewBox=\"0 0 20 20\" id=\"close\">\n      <path d=\"M14.348 14.849c-.469.469-1.229.469-1.697 0L10 11.819l-2.651 3.029c-.469.469-1.229.469-1.697 0-.469-.469-.469-1.229 0-1.697l2.758-3.15-2.759-3.152c-.469-.469-.469-1.228 0-1.697.469-.469 1.228-.469 1.697 0L10 8.183l2.651-3.031c.469-.469 1.228-.469 1.697 0 .469.469.469 1.229 0 1.697l-2.758 3.152 2.758 3.15c.469.469.469 1.229 0 1.698z\"/>\n    </symbol>\n\n    <symbol viewBox=\"0 0 20 20\" id=\"large-arrow\">\n      <path d=\"M13.25 10L6.109 2.58c-.268-.27-.268-.707 0-.979.268-.27.701-.27.969 0l7.83 7.908c.268.271.268.709 0 .979l-7.83 7.908c-.268.271-.701.27-.969 0-.268-.269-.268-.707 0-.979L13.25 10z\"/>\n    </symbol>\n\n    <symbol viewBox=\"0 0 20 20\" id=\"large-arrow-down\">\n      <path d=\"M17.418 6.109c.272-.268.709-.268.979 0s.271.701 0 .969l-7.908 7.83c-.27.268-.707.268-.979 0l-7.908-7.83c-.27-.268-.27-.701 0-.969.271-.268.709-.268.979 0L10 13.25l7.418-7.141z\"/>\n    </symbol>\n\n\n    <symbol viewBox=\"0 0 24 24\" id=\"jump-to\">\n      <path d=\"M19 7v4H5.83l3.58-3.59L8 6l-6 6 6 6 1.41-1.41L5.83 13H21V7z\"/>\n    </symbol>\n\n    <symbol viewBox=\"0 0 24 24\" id=\"expand\">\n      <path d=\"M10 18h4v-2h-4v2zM3 6v2h18V6H3zm3 7h12v-2H6v2z\"/>\n    </symbol>\n\n  </defs>\n</svg>\n\n<div id=\"swagger-ui\"></div>\n\n<script src=\"webjars/springfox-swagger-ui/swagger-ui-bundle.js?v=2.9.2\"> </script>\n<script src=\"webjars/springfox-swagger-ui/swagger-ui-standalone-preset.js?v=2.9.2\"> </script>\n<script src=\"webjars/springfox-swagger-ui/springfox.js?v=2.9.2\"> </script>\n</body>\n\n</html>\n",
  "headers": {
    "Vary": "Origin, Access-Control-Request-Method, Access-Control-Request-Headers",
    "Last-Modified": "Fri, 06 Jun 2025 08:22:01 GMT",
    "Accept-Ranges": "bytes",
    "X-Content-Type-Options": "nosniff",
    "X-XSS-Protection": "1; mode=block",
    "Cache-Control": "no-cache, no-store, max-age=0, must-revalidate",
    "Pragma": "no-cache",
    "Expires": "0",
    "X-Frame-Options": "DENY",
    "Content-Type": "text/html",
    "Content-Length": "3318",
    "Date": "Thu, 02 Oct 2025 12:23:00 GMT",
    "Keep-Alive": "timeout=60",
    "Connection": "keep-alive"
  }
}
-----------------------------

Reason: 📦 Unexpected Content-Type: text/html
--- Request ---
{
  "method": "POST",
  "url": "/",
  "headers": {
    "Content-Type": "application/json"
  },
  "body": null,
  "parameters": []
}
--- Response ---
{
  "status": 200,
  "body": "<!-- HTML for static distribution bundle build -->\n<!DOCTYPE html>\n<html lang=\"en\">\n<head>\n  <meta charset=\"UTF-8\">\n  <title>Swagger UI</title>\n  <link rel=\"stylesheet\" type=\"text/css\" href=\"webjars/springfox-swagger-ui/springfox.css?v=2.9.2\" >\n  <link rel=\"stylesheet\" type=\"text/css\" href=\"webjars/springfox-swagger-ui/swagger-ui.css?v=2.9.2\" >\n  <link rel=\"icon\" type=\"image/png\" href=\"webjars/springfox-swagger-ui/favicon-32x32.png?v=2.9.2\" sizes=\"32x32\" />\n  <link rel=\"icon\" type=\"image/png\" href=\"webjars/springfox-swagger-ui/favicon-16x16.png?v=2.9.2\" sizes=\"16x16\" />\n  <style>\n    html\n    {\n      box-sizing: border-box;\n      overflow: -moz-scrollbars-vertical;\n      overflow-y: scroll;\n    }\n    *,\n    *:before,\n    *:after\n    {\n      box-sizing: inherit;\n    }\n\n    body {\n      margin:0;\n      background: #fafafa;\n    }\n  </style>\n</head>\n\n<body>\n\n<svg xmlns=\"http://www.w3.org/2000/svg\" xmlns:xlink=\"http://www.w3.org/1999/xlink\" style=\"position:absolute;width:0;height:0\">\n  <defs>\n    <symbol viewBox=\"0 0 20 20\" id=\"unlocked\">\n      <path d=\"M15.8 8H14V5.6C14 2.703 12.665 1 10 1 7.334 1 6 2.703 6 5.6V6h2v-.801C8 3.754 8.797 3 10 3c1.203 0 2 .754 2 2.199V8H4c-.553 0-1 .646-1 1.199V17c0 .549.428 1.139.951 1.307l1.197.387C5.672 18.861 6.55 19 7.1 19h5.8c.549 0 1.428-.139 1.951-.307l1.196-.387c.524-.167.953-.757.953-1.306V9.199C17 8.646 16.352 8 15.8 8z\"></path>\n    </symbol>\n\n    <symbol viewBox=\"0 0 20 20\" id=\"locked\">\n      <path d=\"M15.8 8H14V5.6C14 2.703 12.665 1 10 1 7.334 1 6 2.703 6 5.6V8H4c-.553 0-1 .646-1 1.199V17c0 .549.428 1.139.951 1.307l1.197.387C5.672 18.861 6.55 19 7.1 19h5.8c.549 0 1.428-.139 1.951-.307l1.196-.387c.524-.167.953-.757.953-1.306V9.199C17 8.646 16.352 8 15.8 8zM12 8H8V5.199C8 3.754 8.797 3 10 3c1.203 0 2 .754 2 2.199V8z\"/>\n    </symbol>\n\n    <symbol viewBox=\"0 0 20 20\" id=\"close\">\n      <path d=\"M14.348 14.849c-.469.469-1.229.469-1.697 0L10 11.819l-2.651 3.029c-.469.469-1.229.469-1.697 0-.469-.469-.469-1.229 0-1.697l2.758-3.15-2.759-3.152c-.469-.469-.469-1.228 0-1.697.469-.469 1.228-.469 1.697 0L10 8.183l2.651-3.031c.469-.469 1.228-.469 1.697 0 .469.469.469 1.229 0 1.697l-2.758 3.152 2.758 3.15c.469.469.469 1.229 0 1.698z\"/>\n    </symbol>\n\n    <symbol viewBox=\"0 0 20 20\" id=\"large-arrow\">\n      <path d=\"M13.25 10L6.109 2.58c-.268-.27-.268-.707 0-.979.268-.27.701-.27.969 0l7.83 7.908c.268.271.268.709 0 .979l-7.83 7.908c-.268.271-.701.27-.969 0-.268-.269-.268-.707 0-.979L13.25 10z\"/>\n    </symbol>\n\n    <symbol viewBox=\"0 0 20 20\" id=\"large-arrow-down\">\n      <path d=\"M17.418 6.109c.272-.268.709-.268.979 0s.271.701 0 .969l-7.908 7.83c-.27.268-.707.268-.979 0l-7.908-7.83c-.27-.268-.27-.701 0-.969.271-.268.709-.268.979 0L10 13.25l7.418-7.141z\"/>\n    </symbol>\n\n\n    <symbol viewBox=\"0 0 24 24\" id=\"jump-to\">\n      <path d=\"M19 7v4H5.83l3.58-3.59L8 6l-6 6 6 6 1.41-1.41L5.83 13H21V7z\"/>\n    </symbol>\n\n    <symbol viewBox=\"0 0 24 24\" id=\"expand\">\n      <path d=\"M10 18h4v-2h-4v2zM3 6v2h18V6H3zm3 7h12v-2H6v2z\"/>\n    </symbol>\n\n  </defs>\n</svg>\n\n<div id=\"swagger-ui\"></div>\n\n<script src=\"webjars/springfox-swagger-ui/swagger-ui-bundle.js?v=2.9.2\"> </script>\n<script src=\"webjars/springfox-swagger-ui/swagger-ui-standalone-preset.js?v=2.9.2\"> </script>\n<script src=\"webjars/springfox-swagger-ui/springfox.js?v=2.9.2\"> </script>\n</body>\n\n</html>\n",
  "headers": {
    "Vary": "Origin, Access-Control-Request-Method, Access-Control-Request-Headers",
    "Last-Modified": "Fri, 06 Jun 2025 08:22:01 GMT",
    "Accept-Ranges": "bytes",
    "X-Content-Type-Options": "nosniff",
    "X-XSS-Protection": "1; mode=block",
    "Cache-Control": "no-cache, no-store, max-age=0, must-revalidate",
    "Pragma": "no-cache",
    "Expires": "0",
    "X-Frame-Options": "DENY",
    "Content-Type": "text/html",
    "Content-Length": "3318",
    "Date": "Thu, 02 Oct 2025 12:23:02 GMT",
    "Keep-Alive": "timeout=60",
    "Connection": "keep-alive"
  }
}
-----------------------------

Reason: 📦 Unexpected Content-Type: text/html
--- Request ---
{
  "method": "GET",
  "url": "/",
  "headers": {
    "Content-Type": "application/json"
  },
  "body": null,
  "parameters": []
}
--- Response ---
{
  "status": 200,
  "body": "<!-- HTML for static distribution bundle build -->\n<!DOCTYPE html>\n<html lang=\"en\">\n<head>\n  <meta charset=\"UTF-8\">\n  <title>Swagger UI</title>\n  <link rel=\"stylesheet\" type=\"text/css\" href=\"webjars/springfox-swagger-ui/springfox.css?v=2.9.2\" >\n  <link rel=\"stylesheet\" type=\"text/css\" href=\"webjars/springfox-swagger-ui/swagger-ui.css?v=2.9.2\" >\n  <link rel=\"icon\" type=\"image/png\" href=\"webjars/springfox-swagger-ui/favicon-32x32.png?v=2.9.2\" sizes=\"32x32\" />\n  <link rel=\"icon\" type=\"image/png\" href=\"webjars/springfox-swagger-ui/favicon-16x16.png?v=2.9.2\" sizes=\"16x16\" />\n  <style>\n    html\n    {\n      box-sizing: border-box;\n      overflow: -moz-scrollbars-vertical;\n      overflow-y: scroll;\n    }\n    *,\n    *:before,\n    *:after\n    {\n      box-sizing: inherit;\n    }\n\n    body {\n      margin:0;\n      background: #fafafa;\n    }\n  </style>\n</head>\n\n<body>\n\n<svg xmlns=\"http://www.w3.org/2000/svg\" xmlns:xlink=\"http://www.w3.org/1999/xlink\" style=\"position:absolute;width:0;height:0\">\n  <defs>\n    <symbol viewBox=\"0 0 20 20\" id=\"unlocked\">\n      <path d=\"M15.8 8H14V5.6C14 2.703 12.665 1 10 1 7.334 1 6 2.703 6 5.6V6h2v-.801C8 3.754 8.797 3 10 3c1.203 0 2 .754 2 2.199V8H4c-.553 0-1 .646-1 1.199V17c0 .549.428 1.139.951 1.307l1.197.387C5.672 18.861 6.55 19 7.1 19h5.8c.549 0 1.428-.139 1.951-.307l1.196-.387c.524-.167.953-.757.953-1.306V9.199C17 8.646 16.352 8 15.8 8z\"></path>\n    </symbol>\n\n    <symbol viewBox=\"0 0 20 20\" id=\"locked\">\n      <path d=\"M15.8 8H14V5.6C14 2.703 12.665 1 10 1 7.334 1 6 2.703 6 5.6V8H4c-.553 0-1 .646-1 1.199V17c0 .549.428 1.139.951 1.307l1.197.387C5.672 18.861 6.55 19 7.1 19h5.8c.549 0 1.428-.139 1.951-.307l1.196-.387c.524-.167.953-.757.953-1.306V9.199C17 8.646 16.352 8 15.8 8zM12 8H8V5.199C8 3.754 8.797 3 10 3c1.203 0 2 .754 2 2.199V8z\"/>\n    </symbol>\n\n    <symbol viewBox=\"0 0 20 20\" id=\"close\">\n      <path d=\"M14.348 14.849c-.469.469-1.229.469-1.697 0L10 11.819l-2.651 3.029c-.469.469-1.229.469-1.697 0-.469-.469-.469-1.229 0-1.697l2.758-3.15-2.759-3.152c-.469-.469-.469-1.228 0-1.697.469-.469 1.228-.469 1.697 0L10 8.183l2.651-3.031c.469-.469 1.228-.469 1.697 0 .469.469.469 1.229 0 1.697l-2.758 3.152 2.758 3.15c.469.469.469 1.229 0 1.698z\"/>\n    </symbol>\n\n    <symbol viewBox=\"0 0 20 20\" id=\"large-arrow\">\n      <path d=\"M13.25 10L6.109 2.58c-.268-.27-.268-.707 0-.979.268-.27.701-.27.969 0l7.83 7.908c.268.271.268.709 0 .979l-7.83 7.908c-.268.271-.701.27-.969 0-.268-.269-.268-.707 0-.979L13.25 10z\"/>\n    </symbol>\n\n    <symbol viewBox=\"0 0 20 20\" id=\"large-arrow-down\">\n      <path d=\"M17.418 6.109c.272-.268.709-.268.979 0s.271.701 0 .969l-7.908 7.83c-.27.268-.707.268-.979 0l-7.908-7.83c-.27-.268-.27-.701 0-.969.271-.268.709-.268.979 0L10 13.25l7.418-7.141z\"/>\n    </symbol>\n\n\n    <symbol viewBox=\"0 0 24 24\" id=\"jump-to\">\n      <path d=\"M19 7v4H5.83l3.58-3.59L8 6l-6 6 6 6 1.41-1.41L5.83 13H21V7z\"/>\n    </symbol>\n\n    <symbol viewBox=\"0 0 24 24\" id=\"expand\">\n      <path d=\"M10 18h4v-2h-4v2zM3 6v2h18V6H3zm3 7h12v-2H6v2z\"/>\n    </symbol>\n\n  </defs>\n</svg>\n\n<div id=\"swagger-ui\"></div>\n\n<script src=\"webjars/springfox-swagger-ui/swagger-ui-bundle.js?v=2.9.2\"> </script>\n<script src=\"webjars/springfox-swagger-ui/swagger-ui-standalone-preset.js?v=2.9.2\"> </script>\n<script src=\"webjars/springfox-swagger-ui/springfox.js?v=2.9.2\"> </script>\n</body>\n\n</html>\n",
  "headers": {
    "Vary": "Origin, Access-Control-Request-Method, Access-Control-Request-Headers",
    "Last-Modified": "Fri, 06 Jun 2025 08:22:01 GMT",
    "Accept-Ranges": "bytes",
    "X-Content-Type-Options": "nosniff",
    "X-XSS-Protection": "1; mode=block",
    "Cache-Control": "no-cache, no-store, max-age=0, must-revalidate",
    "Pragma": "no-cache",
    "Expires": "0",
    "X-Frame-Options": "DENY",
    "Content-Type": "text/html",
    "Content-Length": "3318",
    "Date": "Thu, 02 Oct 2025 12:23:03 GMT",
    "Keep-Alive": "timeout=60",
    "Connection": "keep-alive"
  }
}
-----------------------------

Reason: 📦 Unexpected Content-Type: text/html
--- Request ---
{
  "method": "HEAD",
  "url": "/",
  "headers": {
    "Content-Type": "application/json"
  },
  "body": null,
  "parameters": []
}
--- Response ---
{
  "status": 200,
  "body": "",
  "headers": {
    "Vary": "Origin, Access-Control-Request-Method, Access-Control-Request-Headers",
    "Last-Modified": "Fri, 06 Jun 2025 08:22:01 GMT",
    "Accept-Ranges": "bytes",
    "X-Content-Type-Options": "nosniff",
    "X-XSS-Protection": "1; mode=block",
    "Cache-Control": "no-cache, no-store, max-age=0, must-revalidate",
    "Pragma": "no-cache",
    "Expires": "0",
    "X-Frame-Options": "DENY",
    "Content-Type": "text/html",
    "Content-Length": "3318",
    "Date": "Thu, 02 Oct 2025 12:23:07 GMT",
    "Keep-Alive": "timeout=60",
    "Connection": "keep-alive"
  }
}
-----------------------------

Reason: 📦 Unexpected Content-Type: text/html
--- Request ---
{
  "method": "HEAD",
  "url": "/",
  "headers": {
    "Content-Type": "application/json"
  },
  "body": null,
  "parameters": []
}
--- Response ---
{
  "status": 200,
  "body": "",
  "headers": {
    "Vary": "Origin, Access-Control-Request-Method, Access-Control-Request-Headers",
    "Last-Modified": "Fri, 06 Jun 2025 08:22:01 GMT",
    "Accept-Ranges": "bytes",
    "X-Content-Type-Options": "nosniff",
    "X-XSS-Protection": "1; mode=block",
    "Cache-Control": "no-cache, no-store, max-age=0, must-revalidate",
    "Pragma": "no-cache",
    "Expires": "0",
    "X-Frame-Options": "DENY",
    "Content-Type": "text/html",
    "Content-Length": "3318",
    "Date": "Thu, 02 Oct 2025 12:23:11 GMT",
    "Keep-Alive": "timeout=60",
    "Connection": "keep-alive"
  }
}
-----------------------------

Reason: 📦 Unexpected Content-Type: 
--- Request ---
{
  "method": "OPTIONS",
  "url": "/error",
  "headers": {
    "Content-Type": "application/json"
  },
  "body": null,
  "parameters": []
}
--- Response ---
{
  "status": 200,
  "body": "",
  "headers": {
    "Allow": "GET,HEAD,POST,PUT,PATCH,DELETE,OPTIONS",
    "X-Content-Type-Options": "nosniff",
    "X-XSS-Protection": "1; mode=block",
    "Cache-Control": "no-cache, no-store, max-age=0, must-revalidate",
    "Pragma": "no-cache",
    "Expires": "0",
    "X-Frame-Options": "DENY",
    "Content-Length": "0",
    "Date": "Thu, 02 Oct 2025 12:23:25 GMT",
    "Keep-Alive": "timeout=60",
    "Connection": "keep-alive"
  }
}
-----------------------------

Reason: 📦 Unexpected Content-Type: text/html
--- Request ---
{
  "method": "DELETE",
  "url": "/",
  "headers": {
    "Content-Type": "application/json"
  },
  "body": null,
  "parameters": []
}
--- Response ---
{
  "status": 200,
  "body": "<!-- HTML for static distribution bundle build -->\n<!DOCTYPE html>\n<html lang=\"en\">\n<head>\n  <meta charset=\"UTF-8\">\n  <title>Swagger UI</title>\n  <link rel=\"stylesheet\" type=\"text/css\" href=\"webjars/springfox-swagger-ui/springfox.css?v=2.9.2\" >\n  <link rel=\"stylesheet\" type=\"text/css\" href=\"webjars/springfox-swagger-ui/swagger-ui.css?v=2.9.2\" >\n  <link rel=\"icon\" type=\"image/png\" href=\"webjars/springfox-swagger-ui/favicon-32x32.png?v=2.9.2\" sizes=\"32x32\" />\n  <link rel=\"icon\" type=\"image/png\" href=\"webjars/springfox-swagger-ui/favicon-16x16.png?v=2.9.2\" sizes=\"16x16\" />\n  <style>\n    html\n    {\n      box-sizing: border-box;\n      overflow: -moz-scrollbars-vertical;\n      overflow-y: scroll;\n    }\n    *,\n    *:before,\n    *:after\n    {\n      box-sizing: inherit;\n    }\n\n    body {\n      margin:0;\n      background: #fafafa;\n    }\n  </style>\n</head>\n\n<body>\n\n<svg xmlns=\"http://www.w3.org/2000/svg\" xmlns:xlink=\"http://www.w3.org/1999/xlink\" style=\"position:absolute;width:0;height:0\">\n  <defs>\n    <symbol viewBox=\"0 0 20 20\" id=\"unlocked\">\n      <path d=\"M15.8 8H14V5.6C14 2.703 12.665 1 10 1 7.334 1 6 2.703 6 5.6V6h2v-.801C8 3.754 8.797 3 10 3c1.203 0 2 .754 2 2.199V8H4c-.553 0-1 .646-1 1.199V17c0 .549.428 1.139.951 1.307l1.197.387C5.672 18.861 6.55 19 7.1 19h5.8c.549 0 1.428-.139 1.951-.307l1.196-.387c.524-.167.953-.757.953-1.306V9.199C17 8.646 16.352 8 15.8 8z\"></path>\n    </symbol>\n\n    <symbol viewBox=\"0 0 20 20\" id=\"locked\">\n      <path d=\"M15.8 8H14V5.6C14 2.703 12.665 1 10 1 7.334 1 6 2.703 6 5.6V8H4c-.553 0-1 .646-1 1.199V17c0 .549.428 1.139.951 1.307l1.197.387C5.672 18.861 6.55 19 7.1 19h5.8c.549 0 1.428-.139 1.951-.307l1.196-.387c.524-.167.953-.757.953-1.306V9.199C17 8.646 16.352 8 15.8 8zM12 8H8V5.199C8 3.754 8.797 3 10 3c1.203 0 2 .754 2 2.199V8z\"/>\n    </symbol>\n\n    <symbol viewBox=\"0 0 20 20\" id=\"close\">\n      <path d=\"M14.348 14.849c-.469.469-1.229.469-1.697 0L10 11.819l-2.651 3.029c-.469.469-1.229.469-1.697 0-.469-.469-.469-1.229 0-1.697l2.758-3.15-2.759-3.152c-.469-.469-.469-1.228 0-1.697.469-.469 1.228-.469 1.697 0L10 8.183l2.651-3.031c.469-.469 1.228-.469 1.697 0 .469.469.469 1.229 0 1.697l-2.758 3.152 2.758 3.15c.469.469.469 1.229 0 1.698z\"/>\n    </symbol>\n\n    <symbol viewBox=\"0 0 20 20\" id=\"large-arrow\">\n      <path d=\"M13.25 10L6.109 2.58c-.268-.27-.268-.707 0-.979.268-.27.701-.27.969 0l7.83 7.908c.268.271.268.709 0 .979l-7.83 7.908c-.268.271-.701.27-.969 0-.268-.269-.268-.707 0-.979L13.25 10z\"/>\n    </symbol>\n\n    <symbol viewBox=\"0 0 20 20\" id=\"large-arrow-down\">\n      <path d=\"M17.418 6.109c.272-.268.709-.268.979 0s.271.701 0 .969l-7.908 7.83c-.27.268-.707.268-.979 0l-7.908-7.83c-.27-.268-.27-.701 0-.969.271-.268.709-.268.979 0L10 13.25l7.418-7.141z\"/>\n    </symbol>\n\n\n    <symbol viewBox=\"0 0 24 24\" id=\"jump-to\">\n      <path d=\"M19 7v4H5.83l3.58-3.59L8 6l-6 6 6 6 1.41-1.41L5.83 13H21V7z\"/>\n    </symbol>\n\n    <symbol viewBox=\"0 0 24 24\" id=\"expand\">\n      <path d=\"M10 18h4v-2h-4v2zM3 6v2h18V6H3zm3 7h12v-2H6v2z\"/>\n    </symbol>\n\n  </defs>\n</svg>\n\n<div id=\"swagger-ui\"></div>\n\n<script src=\"webjars/springfox-swagger-ui/swagger-ui-bundle.js?v=2.9.2\"> </script>\n<script src=\"webjars/springfox-swagger-ui/swagger-ui-standalone-preset.js?v=2.9.2\"> </script>\n<script src=\"webjars/springfox-swagger-ui/springfox.js?v=2.9.2\"> </script>\n</body>\n\n</html>\n",
  "headers": {
    "Vary": "Origin, Access-Control-Request-Method, Access-Control-Request-Headers",
    "Last-Modified": "Fri, 06 Jun 2025 08:22:01 GMT",
    "Accept-Ranges": "bytes",
    "X-Content-Type-Options": "nosniff",
    "X-XSS-Protection": "1; mode=block",
    "Cache-Control": "no-cache, no-store, max-age=0, must-revalidate",
    "Pragma": "no-cache",
    "Expires": "0",
    "X-Frame-Options": "DENY",
    "Content-Type": "text/html",
    "Content-Length": "3318",
    "Date": "Thu, 02 Oct 2025 12:23:26 GMT",
    "Keep-Alive": "timeout=60",
    "Connection": "keep-alive"
  }
}
-----------------------------

Reason: 📦 Unexpected Content-Type: text/html
--- Request ---
{
  "method": "HEAD",
  "url": "/",
  "headers": {
    "Content-Type": "application/json"
  },
  "body": null,
  "parameters": []
}
--- Response ---
{
  "status": 200,
  "body": "",
  "headers": {
    "Vary": "Origin, Access-Control-Request-Method, Access-Control-Request-Headers",
    "Last-Modified": "Fri, 06 Jun 2025 08:22:01 GMT",
    "Accept-Ranges": "bytes",
    "X-Content-Type-Options": "nosniff",
    "X-XSS-Protection": "1; mode=block",
    "Cache-Control": "no-cache, no-store, max-age=0, must-revalidate",
    "Pragma": "no-cache",
    "Expires": "0",
    "X-Frame-Options": "DENY",
    "Content-Type": "text/html",
    "Content-Length": "3318",
    "Date": "Thu, 02 Oct 2025 12:23:34 GMT",
    "Keep-Alive": "timeout=60",
    "Connection": "keep-alive"
  }
}
-----------------------------

Reason: 📦 Unexpected Content-Type: text/html
--- Request ---
{
  "method": "HEAD",
  "url": "/",
  "headers": {
    "Content-Type": "application/json"
  },
  "body": null,
  "parameters": []
}
--- Response ---
{
  "status": 200,
  "body": "",
  "headers": {
    "Vary": "Origin, Access-Control-Request-Method, Access-Control-Request-Headers",
    "Last-Modified": "Fri, 06 Jun 2025 08:22:01 GMT",
    "Accept-Ranges": "bytes",
    "X-Content-Type-Options": "nosniff",
    "X-XSS-Protection": "1; mode=block",
    "Cache-Control": "no-cache, no-store, max-age=0, must-revalidate",
    "Pragma": "no-cache",
    "Expires": "0",
    "X-Frame-Options": "DENY",
    "Content-Type": "text/html",
    "Content-Length": "3318",
    "Date": "Thu, 02 Oct 2025 12:23:53 GMT",
    "Keep-Alive": "timeout=60",
    "Connection": "keep-alive"
  }
}
-----------------------------

Reason: 📦 Unexpected Content-Type: text/html
--- Request ---
{
  "method": "GET",
  "url": "/",
  "headers": {
    "Content-Type": "application/json"
  },
  "body": null,
  "parameters": []
}
--- Response ---
{
  "status": 200,
  "body": "<!-- HTML for static distribution bundle build -->\n<!DOCTYPE html>\n<html lang=\"en\">\n<head>\n  <meta charset=\"UTF-8\">\n  <title>Swagger UI</title>\n  <link rel=\"stylesheet\" type=\"text/css\" href=\"webjars/springfox-swagger-ui/springfox.css?v=2.9.2\" >\n  <link rel=\"stylesheet\" type=\"text/css\" href=\"webjars/springfox-swagger-ui/swagger-ui.css?v=2.9.2\" >\n  <link rel=\"icon\" type=\"image/png\" href=\"webjars/springfox-swagger-ui/favicon-32x32.png?v=2.9.2\" sizes=\"32x32\" />\n  <link rel=\"icon\" type=\"image/png\" href=\"webjars/springfox-swagger-ui/favicon-16x16.png?v=2.9.2\" sizes=\"16x16\" />\n  <style>\n    html\n    {\n      box-sizing: border-box;\n      overflow: -moz-scrollbars-vertical;\n      overflow-y: scroll;\n    }\n    *,\n    *:before,\n    *:after\n    {\n      box-sizing: inherit;\n    }\n\n    body {\n      margin:0;\n      background: #fafafa;\n    }\n  </style>\n</head>\n\n<body>\n\n<svg xmlns=\"http://www.w3.org/2000/svg\" xmlns:xlink=\"http://www.w3.org/1999/xlink\" style=\"position:absolute;width:0;height:0\">\n  <defs>\n    <symbol viewBox=\"0 0 20 20\" id=\"unlocked\">\n      <path d=\"M15.8 8H14V5.6C14 2.703 12.665 1 10 1 7.334 1 6 2.703 6 5.6V6h2v-.801C8 3.754 8.797 3 10 3c1.203 0 2 .754 2 2.199V8H4c-.553 0-1 .646-1 1.199V17c0 .549.428 1.139.951 1.307l1.197.387C5.672 18.861 6.55 19 7.1 19h5.8c.549 0 1.428-.139 1.951-.307l1.196-.387c.524-.167.953-.757.953-1.306V9.199C17 8.646 16.352 8 15.8 8z\"></path>\n    </symbol>\n\n    <symbol viewBox=\"0 0 20 20\" id=\"locked\">\n      <path d=\"M15.8 8H14V5.6C14 2.703 12.665 1 10 1 7.334 1 6 2.703 6 5.6V8H4c-.553 0-1 .646-1 1.199V17c0 .549.428 1.139.951 1.307l1.197.387C5.672 18.861 6.55 19 7.1 19h5.8c.549 0 1.428-.139 1.951-.307l1.196-.387c.524-.167.953-.757.953-1.306V9.199C17 8.646 16.352 8 15.8 8zM12 8H8V5.199C8 3.754 8.797 3 10 3c1.203 0 2 .754 2 2.199V8z\"/>\n    </symbol>\n\n    <symbol viewBox=\"0 0 20 20\" id=\"close\">\n      <path d=\"M14.348 14.849c-.469.469-1.229.469-1.697 0L10 11.819l-2.651 3.029c-.469.469-1.229.469-1.697 0-.469-.469-.469-1.229 0-1.697l2.758-3.15-2.759-3.152c-.469-.469-.469-1.228 0-1.697.469-.469 1.228-.469 1.697 0L10 8.183l2.651-3.031c.469-.469 1.228-.469 1.697 0 .469.469.469 1.229 0 1.697l-2.758 3.152 2.758 3.15c.469.469.469 1.229 0 1.698z\"/>\n    </symbol>\n\n    <symbol viewBox=\"0 0 20 20\" id=\"large-arrow\">\n      <path d=\"M13.25 10L6.109 2.58c-.268-.27-.268-.707 0-.979.268-.27.701-.27.969 0l7.83 7.908c.268.271.268.709 0 .979l-7.83 7.908c-.268.271-.701.27-.969 0-.268-.269-.268-.707 0-.979L13.25 10z\"/>\n    </symbol>\n\n    <symbol viewBox=\"0 0 20 20\" id=\"large-arrow-down\">\n      <path d=\"M17.418 6.109c.272-.268.709-.268.979 0s.271.701 0 .969l-7.908 7.83c-.27.268-.707.268-.979 0l-7.908-7.83c-.27-.268-.27-.701 0-.969.271-.268.709-.268.979 0L10 13.25l7.418-7.141z\"/>\n    </symbol>\n\n\n    <symbol viewBox=\"0 0 24 24\" id=\"jump-to\">\n      <path d=\"M19 7v4H5.83l3.58-3.59L8 6l-6 6 6 6 1.41-1.41L5.83 13H21V7z\"/>\n    </symbol>\n\n    <symbol viewBox=\"0 0 24 24\" id=\"expand\">\n      <path d=\"M10 18h4v-2h-4v2zM3 6v2h18V6H3zm3 7h12v-2H6v2z\"/>\n    </symbol>\n\n  </defs>\n</svg>\n\n<div id=\"swagger-ui\"></div>\n\n<script src=\"webjars/springfox-swagger-ui/swagger-ui-bundle.js?v=2.9.2\"> </script>\n<script src=\"webjars/springfox-swagger-ui/swagger-ui-standalone-preset.js?v=2.9.2\"> </script>\n<script src=\"webjars/springfox-swagger-ui/springfox.js?v=2.9.2\"> </script>\n</body>\n\n</html>\n",
  "headers": {
    "Vary": "Origin, Access-Control-Request-Method, Access-Control-Request-Headers",
    "Last-Modified": "Fri, 06 Jun 2025 08:22:01 GMT",
    "Accept-Ranges": "bytes",
    "X-Content-Type-Options": "nosniff",
    "X-XSS-Protection": "1; mode=block",
    "Cache-Control": "no-cache, no-store, max-age=0, must-revalidate",
    "Pragma": "no-cache",
    "Expires": "0",
    "X-Frame-Options": "DENY",
    "Content-Type": "text/html",
    "Content-Length": "3318",
    "Date": "Thu, 02 Oct 2025 12:23:53 GMT",
    "Keep-Alive": "timeout=60",
    "Connection": "keep-alive"
  }
}
-----------------------------

Reason: 📦 Unexpected Content-Type: text/html
--- Request ---
{
  "method": "PUT",
  "url": "/",
  "headers": {
    "Content-Type": "application/json"
  },
  "body": null,
  "parameters": []
}
--- Response ---
{
  "status": 200,
  "body": "<!-- HTML for static distribution bundle build -->\n<!DOCTYPE html>\n<html lang=\"en\">\n<head>\n  <meta charset=\"UTF-8\">\n  <title>Swagger UI</title>\n  <link rel=\"stylesheet\" type=\"text/css\" href=\"webjars/springfox-swagger-ui/springfox.css?v=2.9.2\" >\n  <link rel=\"stylesheet\" type=\"text/css\" href=\"webjars/springfox-swagger-ui/swagger-ui.css?v=2.9.2\" >\n  <link rel=\"icon\" type=\"image/png\" href=\"webjars/springfox-swagger-ui/favicon-32x32.png?v=2.9.2\" sizes=\"32x32\" />\n  <link rel=\"icon\" type=\"image/png\" href=\"webjars/springfox-swagger-ui/favicon-16x16.png?v=2.9.2\" sizes=\"16x16\" />\n  <style>\n    html\n    {\n      box-sizing: border-box;\n      overflow: -moz-scrollbars-vertical;\n      overflow-y: scroll;\n    }\n    *,\n    *:before,\n    *:after\n    {\n      box-sizing: inherit;\n    }\n\n    body {\n      margin:0;\n      background: #fafafa;\n    }\n  </style>\n</head>\n\n<body>\n\n<svg xmlns=\"http://www.w3.org/2000/svg\" xmlns:xlink=\"http://www.w3.org/1999/xlink\" style=\"position:absolute;width:0;height:0\">\n  <defs>\n    <symbol viewBox=\"0 0 20 20\" id=\"unlocked\">\n      <path d=\"M15.8 8H14V5.6C14 2.703 12.665 1 10 1 7.334 1 6 2.703 6 5.6V6h2v-.801C8 3.754 8.797 3 10 3c1.203 0 2 .754 2 2.199V8H4c-.553 0-1 .646-1 1.199V17c0 .549.428 1.139.951 1.307l1.197.387C5.672 18.861 6.55 19 7.1 19h5.8c.549 0 1.428-.139 1.951-.307l1.196-.387c.524-.167.953-.757.953-1.306V9.199C17 8.646 16.352 8 15.8 8z\"></path>\n    </symbol>\n\n    <symbol viewBox=\"0 0 20 20\" id=\"locked\">\n      <path d=\"M15.8 8H14V5.6C14 2.703 12.665 1 10 1 7.334 1 6 2.703 6 5.6V8H4c-.553 0-1 .646-1 1.199V17c0 .549.428 1.139.951 1.307l1.197.387C5.672 18.861 6.55 19 7.1 19h5.8c.549 0 1.428-.139 1.951-.307l1.196-.387c.524-.167.953-.757.953-1.306V9.199C17 8.646 16.352 8 15.8 8zM12 8H8V5.199C8 3.754 8.797 3 10 3c1.203 0 2 .754 2 2.199V8z\"/>\n    </symbol>\n\n    <symbol viewBox=\"0 0 20 20\" id=\"close\">\n      <path d=\"M14.348 14.849c-.469.469-1.229.469-1.697 0L10 11.819l-2.651 3.029c-.469.469-1.229.469-1.697 0-.469-.469-.469-1.229 0-1.697l2.758-3.15-2.759-3.152c-.469-.469-.469-1.228 0-1.697.469-.469 1.228-.469 1.697 0L10 8.183l2.651-3.031c.469-.469 1.228-.469 1.697 0 .469.469.469 1.229 0 1.697l-2.758 3.152 2.758 3.15c.469.469.469 1.229 0 1.698z\"/>\n    </symbol>\n\n    <symbol viewBox=\"0 0 20 20\" id=\"large-arrow\">\n      <path d=\"M13.25 10L6.109 2.58c-.268-.27-.268-.707 0-.979.268-.27.701-.27.969 0l7.83 7.908c.268.271.268.709 0 .979l-7.83 7.908c-.268.271-.701.27-.969 0-.268-.269-.268-.707 0-.979L13.25 10z\"/>\n    </symbol>\n\n    <symbol viewBox=\"0 0 20 20\" id=\"large-arrow-down\">\n      <path d=\"M17.418 6.109c.272-.268.709-.268.979 0s.271.701 0 .969l-7.908 7.83c-.27.268-.707.268-.979 0l-7.908-7.83c-.27-.268-.27-.701 0-.969.271-.268.709-.268.979 0L10 13.25l7.418-7.141z\"/>\n    </symbol>\n\n\n    <symbol viewBox=\"0 0 24 24\" id=\"jump-to\">\n      <path d=\"M19 7v4H5.83l3.58-3.59L8 6l-6 6 6 6 1.41-1.41L5.83 13H21V7z\"/>\n    </symbol>\n\n    <symbol viewBox=\"0 0 24 24\" id=\"expand\">\n      <path d=\"M10 18h4v-2h-4v2zM3 6v2h18V6H3zm3 7h12v-2H6v2z\"/>\n    </symbol>\n\n  </defs>\n</svg>\n\n<div id=\"swagger-ui\"></div>\n\n<script src=\"webjars/springfox-swagger-ui/swagger-ui-bundle.js?v=2.9.2\"> </script>\n<script src=\"webjars/springfox-swagger-ui/swagger-ui-standalone-preset.js?v=2.9.2\"> </script>\n<script src=\"webjars/springfox-swagger-ui/springfox.js?v=2.9.2\"> </script>\n</body>\n\n</html>\n",
  "headers": {
    "Vary": "Origin, Access-Control-Request-Method, Access-Control-Request-Headers",
    "Last-Modified": "Fri, 06 Jun 2025 08:22:01 GMT",
    "Accept-Ranges": "bytes",
    "X-Content-Type-Options": "nosniff",
    "X-XSS-Protection": "1; mode=block",
    "Cache-Control": "no-cache, no-store, max-age=0, must-revalidate",
    "Pragma": "no-cache",
    "Expires": "0",
    "X-Frame-Options": "DENY",
    "Content-Type": "text/html",
    "Content-Length": "3318",
    "Date": "Thu, 02 Oct 2025 12:23:58 GMT",
    "Keep-Alive": "timeout=60",
    "Connection": "keep-alive"
  }
}
-----------------------------

Reason: 📦 Unexpected Content-Type: text/html
--- Request ---
{
  "method": "PUT",
  "url": "/",
  "headers": {
    "Content-Type": "application/json"
  },
  "body": null,
  "parameters": []
}
--- Response ---
{
  "status": 200,
  "body": "<!-- HTML for static distribution bundle build -->\n<!DOCTYPE html>\n<html lang=\"en\">\n<head>\n  <meta charset=\"UTF-8\">\n  <title>Swagger UI</title>\n  <link rel=\"stylesheet\" type=\"text/css\" href=\"webjars/springfox-swagger-ui/springfox.css?v=2.9.2\" >\n  <link rel=\"stylesheet\" type=\"text/css\" href=\"webjars/springfox-swagger-ui/swagger-ui.css?v=2.9.2\" >\n  <link rel=\"icon\" type=\"image/png\" href=\"webjars/springfox-swagger-ui/favicon-32x32.png?v=2.9.2\" sizes=\"32x32\" />\n  <link rel=\"icon\" type=\"image/png\" href=\"webjars/springfox-swagger-ui/favicon-16x16.png?v=2.9.2\" sizes=\"16x16\" />\n  <style>\n    html\n    {\n      box-sizing: border-box;\n      overflow: -moz-scrollbars-vertical;\n      overflow-y: scroll;\n    }\n    *,\n    *:before,\n    *:after\n    {\n      box-sizing: inherit;\n    }\n\n    body {\n      margin:0;\n      background: #fafafa;\n    }\n  </style>\n</head>\n\n<body>\n\n<svg xmlns=\"http://www.w3.org/2000/svg\" xmlns:xlink=\"http://www.w3.org/1999/xlink\" style=\"position:absolute;width:0;height:0\">\n  <defs>\n    <symbol viewBox=\"0 0 20 20\" id=\"unlocked\">\n      <path d=\"M15.8 8H14V5.6C14 2.703 12.665 1 10 1 7.334 1 6 2.703 6 5.6V6h2v-.801C8 3.754 8.797 3 10 3c1.203 0 2 .754 2 2.199V8H4c-.553 0-1 .646-1 1.199V17c0 .549.428 1.139.951 1.307l1.197.387C5.672 18.861 6.55 19 7.1 19h5.8c.549 0 1.428-.139 1.951-.307l1.196-.387c.524-.167.953-.757.953-1.306V9.199C17 8.646 16.352 8 15.8 8z\"></path>\n    </symbol>\n\n    <symbol viewBox=\"0 0 20 20\" id=\"locked\">\n      <path d=\"M15.8 8H14V5.6C14 2.703 12.665 1 10 1 7.334 1 6 2.703 6 5.6V8H4c-.553 0-1 .646-1 1.199V17c0 .549.428 1.139.951 1.307l1.197.387C5.672 18.861 6.55 19 7.1 19h5.8c.549 0 1.428-.139 1.951-.307l1.196-.387c.524-.167.953-.757.953-1.306V9.199C17 8.646 16.352 8 15.8 8zM12 8H8V5.199C8 3.754 8.797 3 10 3c1.203 0 2 .754 2 2.199V8z\"/>\n    </symbol>\n\n    <symbol viewBox=\"0 0 20 20\" id=\"close\">\n      <path d=\"M14.348 14.849c-.469.469-1.229.469-1.697 0L10 11.819l-2.651 3.029c-.469.469-1.229.469-1.697 0-.469-.469-.469-1.229 0-1.697l2.758-3.15-2.759-3.152c-.469-.469-.469-1.228 0-1.697.469-.469 1.228-.469 1.697 0L10 8.183l2.651-3.031c.469-.469 1.228-.469 1.697 0 .469.469.469 1.229 0 1.697l-2.758 3.152 2.758 3.15c.469.469.469 1.229 0 1.698z\"/>\n    </symbol>\n\n    <symbol viewBox=\"0 0 20 20\" id=\"large-arrow\">\n      <path d=\"M13.25 10L6.109 2.58c-.268-.27-.268-.707 0-.979.268-.27.701-.27.969 0l7.83 7.908c.268.271.268.709 0 .979l-7.83 7.908c-.268.271-.701.27-.969 0-.268-.269-.268-.707 0-.979L13.25 10z\"/>\n    </symbol>\n\n    <symbol viewBox=\"0 0 20 20\" id=\"large-arrow-down\">\n      <path d=\"M17.418 6.109c.272-.268.709-.268.979 0s.271.701 0 .969l-7.908 7.83c-.27.268-.707.268-.979 0l-7.908-7.83c-.27-.268-.27-.701 0-.969.271-.268.709-.268.979 0L10 13.25l7.418-7.141z\"/>\n    </symbol>\n\n\n    <symbol viewBox=\"0 0 24 24\" id=\"jump-to\">\n      <path d=\"M19 7v4H5.83l3.58-3.59L8 6l-6 6 6 6 1.41-1.41L5.83 13H21V7z\"/>\n    </symbol>\n\n    <symbol viewBox=\"0 0 24 24\" id=\"expand\">\n      <path d=\"M10 18h4v-2h-4v2zM3 6v2h18V6H3zm3 7h12v-2H6v2z\"/>\n    </symbol>\n\n  </defs>\n</svg>\n\n<div id=\"swagger-ui\"></div>\n\n<script src=\"webjars/springfox-swagger-ui/swagger-ui-bundle.js?v=2.9.2\"> </script>\n<script src=\"webjars/springfox-swagger-ui/swagger-ui-standalone-preset.js?v=2.9.2\"> </script>\n<script src=\"webjars/springfox-swagger-ui/springfox.js?v=2.9.2\"> </script>\n</body>\n\n</html>\n",
  "headers": {
    "Vary": "Origin, Access-Control-Request-Method, Access-Control-Request-Headers",
    "Last-Modified": "Fri, 06 Jun 2025 08:22:01 GMT",
    "Accept-Ranges": "bytes",
    "X-Content-Type-Options": "nosniff",
    "X-XSS-Protection": "1; mode=block",
    "Cache-Control": "no-cache, no-store, max-age=0, must-revalidate",
    "Pragma": "no-cache",
    "Expires": "0",
    "X-Frame-Options": "DENY",
    "Content-Type": "text/html",
    "Content-Length": "3318",
    "Date": "Thu, 02 Oct 2025 12:24:05 GMT",
    "Keep-Alive": "timeout=60",
    "Connection": "keep-alive"
  }
}
-----------------------------

Reason: 📦 Unexpected Content-Type: text/html
--- Request ---
{
  "method": "GET",
  "url": "/",
  "headers": {
    "Content-Type": "application/json"
  },
  "body": null,
  "parameters": []
}
--- Response ---
{
  "status": 200,
  "body": "<!-- HTML for static distribution bundle build -->\n<!DOCTYPE html>\n<html lang=\"en\">\n<head>\n  <meta charset=\"UTF-8\">\n  <title>Swagger UI</title>\n  <link rel=\"stylesheet\" type=\"text/css\" href=\"webjars/springfox-swagger-ui/springfox.css?v=2.9.2\" >\n  <link rel=\"stylesheet\" type=\"text/css\" href=\"webjars/springfox-swagger-ui/swagger-ui.css?v=2.9.2\" >\n  <link rel=\"icon\" type=\"image/png\" href=\"webjars/springfox-swagger-ui/favicon-32x32.png?v=2.9.2\" sizes=\"32x32\" />\n  <link rel=\"icon\" type=\"image/png\" href=\"webjars/springfox-swagger-ui/favicon-16x16.png?v=2.9.2\" sizes=\"16x16\" />\n  <style>\n    html\n    {\n      box-sizing: border-box;\n      overflow: -moz-scrollbars-vertical;\n      overflow-y: scroll;\n    }\n    *,\n    *:before,\n    *:after\n    {\n      box-sizing: inherit;\n    }\n\n    body {\n      margin:0;\n      background: #fafafa;\n    }\n  </style>\n</head>\n\n<body>\n\n<svg xmlns=\"http://www.w3.org/2000/svg\" xmlns:xlink=\"http://www.w3.org/1999/xlink\" style=\"position:absolute;width:0;height:0\">\n  <defs>\n    <symbol viewBox=\"0 0 20 20\" id=\"unlocked\">\n      <path d=\"M15.8 8H14V5.6C14 2.703 12.665 1 10 1 7.334 1 6 2.703 6 5.6V6h2v-.801C8 3.754 8.797 3 10 3c1.203 0 2 .754 2 2.199V8H4c-.553 0-1 .646-1 1.199V17c0 .549.428 1.139.951 1.307l1.197.387C5.672 18.861 6.55 19 7.1 19h5.8c.549 0 1.428-.139 1.951-.307l1.196-.387c.524-.167.953-.757.953-1.306V9.199C17 8.646 16.352 8 15.8 8z\"></path>\n    </symbol>\n\n    <symbol viewBox=\"0 0 20 20\" id=\"locked\">\n      <path d=\"M15.8 8H14V5.6C14 2.703 12.665 1 10 1 7.334 1 6 2.703 6 5.6V8H4c-.553 0-1 .646-1 1.199V17c0 .549.428 1.139.951 1.307l1.197.387C5.672 18.861 6.55 19 7.1 19h5.8c.549 0 1.428-.139 1.951-.307l1.196-.387c.524-.167.953-.757.953-1.306V9.199C17 8.646 16.352 8 15.8 8zM12 8H8V5.199C8 3.754 8.797 3 10 3c1.203 0 2 .754 2 2.199V8z\"/>\n    </symbol>\n\n    <symbol viewBox=\"0 0 20 20\" id=\"close\">\n      <path d=\"M14.348 14.849c-.469.469-1.229.469-1.697 0L10 11.819l-2.651 3.029c-.469.469-1.229.469-1.697 0-.469-.469-.469-1.229 0-1.697l2.758-3.15-2.759-3.152c-.469-.469-.469-1.228 0-1.697.469-.469 1.228-.469 1.697 0L10 8.183l2.651-3.031c.469-.469 1.228-.469 1.697 0 .469.469.469 1.229 0 1.697l-2.758 3.152 2.758 3.15c.469.469.469 1.229 0 1.698z\"/>\n    </symbol>\n\n    <symbol viewBox=\"0 0 20 20\" id=\"large-arrow\">\n      <path d=\"M13.25 10L6.109 2.58c-.268-.27-.268-.707 0-.979.268-.27.701-.27.969 0l7.83 7.908c.268.271.268.709 0 .979l-7.83 7.908c-.268.271-.701.27-.969 0-.268-.269-.268-.707 0-.979L13.25 10z\"/>\n    </symbol>\n\n    <symbol viewBox=\"0 0 20 20\" id=\"large-arrow-down\">\n      <path d=\"M17.418 6.109c.272-.268.709-.268.979 0s.271.701 0 .969l-7.908 7.83c-.27.268-.707.268-.979 0l-7.908-7.83c-.27-.268-.27-.701 0-.969.271-.268.709-.268.979 0L10 13.25l7.418-7.141z\"/>\n    </symbol>\n\n\n    <symbol viewBox=\"0 0 24 24\" id=\"jump-to\">\n      <path d=\"M19 7v4H5.83l3.58-3.59L8 6l-6 6 6 6 1.41-1.41L5.83 13H21V7z\"/>\n    </symbol>\n\n    <symbol viewBox=\"0 0 24 24\" id=\"expand\">\n      <path d=\"M10 18h4v-2h-4v2zM3 6v2h18V6H3zm3 7h12v-2H6v2z\"/>\n    </symbol>\n\n  </defs>\n</svg>\n\n<div id=\"swagger-ui\"></div>\n\n<script src=\"webjars/springfox-swagger-ui/swagger-ui-bundle.js?v=2.9.2\"> </script>\n<script src=\"webjars/springfox-swagger-ui/swagger-ui-standalone-preset.js?v=2.9.2\"> </script>\n<script src=\"webjars/springfox-swagger-ui/springfox.js?v=2.9.2\"> </script>\n</body>\n\n</html>\n",
  "headers": {
    "Vary": "Origin, Access-Control-Request-Method, Access-Control-Request-Headers",
    "Last-Modified": "Fri, 06 Jun 2025 08:22:01 GMT",
    "Accept-Ranges": "bytes",
    "X-Content-Type-Options": "nosniff",
    "X-XSS-Protection": "1; mode=block",
    "Cache-Control": "no-cache, no-store, max-age=0, must-revalidate",
    "Pragma": "no-cache",
    "Expires": "0",
    "X-Frame-Options": "DENY",
    "Content-Type": "text/html",
    "Content-Length": "3318",
    "Date": "Thu, 02 Oct 2025 12:24:06 GMT",
    "Keep-Alive": "timeout=60",
    "Connection": "keep-alive"
  }
}
-----------------------------

Reason: 📦 Unexpected Content-Type: text/html
--- Request ---
{
  "method": "HEAD",
  "url": "/",
  "headers": {
    "Content-Type": "application/json"
  },
  "body": null,
  "parameters": []
}
--- Response ---
{
  "status": 200,
  "body": "",
  "headers": {
    "Vary": "Origin, Access-Control-Request-Method, Access-Control-Request-Headers",
    "Last-Modified": "Fri, 06 Jun 2025 08:22:01 GMT",
    "Accept-Ranges": "bytes",
    "X-Content-Type-Options": "nosniff",
    "X-XSS-Protection": "1; mode=block",
    "Cache-Control": "no-cache, no-store, max-age=0, must-revalidate",
    "Pragma": "no-cache",
    "Expires": "0",
    "X-Frame-Options": "DENY",
    "Content-Type": "text/html",
    "Content-Length": "3318",
    "Date": "Thu, 02 Oct 2025 12:24:07 GMT",
    "Keep-Alive": "timeout=60",
    "Connection": "keep-alive"
  }
}
-----------------------------

Reason: 📦 Unexpected Content-Type: text/html
--- Request ---
{
  "method": "HEAD",
  "url": "/",
  "headers": {
    "Content-Type": "application/json"
  },
  "body": null,
  "parameters": []
}
--- Response ---
{
  "status": 200,
  "body": "",
  "headers": {
    "Vary": "Origin, Access-Control-Request-Method, Access-Control-Request-Headers",
    "Last-Modified": "Fri, 06 Jun 2025 08:22:01 GMT",
    "Accept-Ranges": "bytes",
    "X-Content-Type-Options": "nosniff",
    "X-XSS-Protection": "1; mode=block",
    "Cache-Control": "no-cache, no-store, max-age=0, must-revalidate",
    "Pragma": "no-cache",
    "Expires": "0",
    "X-Frame-Options": "DENY",
    "Content-Type": "text/html",
    "Content-Length": "3318",
    "Date": "Thu, 02 Oct 2025 12:24:21 GMT",
    "Keep-Alive": "timeout=60",
    "Connection": "keep-alive"
  }
}
-----------------------------

Reason: 📦 Unexpected Content-Type: text/html
--- Request ---
{
  "method": "HEAD",
  "url": "/",
  "headers": {
    "Content-Type": "application/json"
  },
  "body": null,
  "parameters": []
}
--- Response ---
{
  "status": 200,
  "body": "",
  "headers": {
    "Vary": "Origin, Access-Control-Request-Method, Access-Control-Request-Headers",
    "Last-Modified": "Fri, 06 Jun 2025 08:22:01 GMT",
    "Accept-Ranges": "bytes",
    "X-Content-Type-Options": "nosniff",
    "X-XSS-Protection": "1; mode=block",
    "Cache-Control": "no-cache, no-store, max-age=0, must-revalidate",
    "Pragma": "no-cache",
    "Expires": "0",
    "X-Frame-Options": "DENY",
    "Content-Type": "text/html",
    "Content-Length": "3318",
    "Date": "Thu, 02 Oct 2025 12:24:23 GMT",
    "Keep-Alive": "timeout=60",
    "Connection": "keep-alive"
  }
}
-----------------------------

Reason: 📦 Unexpected Content-Type: text/html
--- Request ---
{
  "method": "HEAD",
  "url": "/",
  "headers": {
    "Content-Type": "application/json"
  },
  "body": null,
  "parameters": []
}
--- Response ---
{
  "status": 200,
  "body": "",
  "headers": {
    "Vary": "Origin, Access-Control-Request-Method, Access-Control-Request-Headers",
    "Last-Modified": "Fri, 06 Jun 2025 08:22:01 GMT",
    "Accept-Ranges": "bytes",
    "X-Content-Type-Options": "nosniff",
    "X-XSS-Protection": "1; mode=block",
    "Cache-Control": "no-cache, no-store, max-age=0, must-revalidate",
    "Pragma": "no-cache",
    "Expires": "0",
    "X-Frame-Options": "DENY",
    "Content-Type": "text/html",
    "Content-Length": "3318",
    "Date": "Thu, 02 Oct 2025 12:24:26 GMT",
    "Keep-Alive": "timeout=60",
    "Connection": "keep-alive"
  }
}
-----------------------------

Reason: 📦 Unexpected Content-Type: text/html
--- Request ---
{
  "method": "HEAD",
  "url": "/",
  "headers": {
    "Content-Type": "application/json"
  },
  "body": null,
  "parameters": []
}
--- Response ---
{
  "status": 200,
  "body": "",
  "headers": {
    "Vary": "Origin, Access-Control-Request-Method, Access-Control-Request-Headers",
    "Last-Modified": "Fri, 06 Jun 2025 08:22:01 GMT",
    "Accept-Ranges": "bytes",
    "X-Content-Type-Options": "nosniff",
    "X-XSS-Protection": "1; mode=block",
    "Cache-Control": "no-cache, no-store, max-age=0, must-revalidate",
    "Pragma": "no-cache",
    "Expires": "0",
    "X-Frame-Options": "DENY",
    "Content-Type": "text/html",
    "Content-Length": "3318",
    "Date": "Thu, 02 Oct 2025 12:24:27 GMT",
    "Keep-Alive": "timeout=60",
    "Connection": "keep-alive"
  }
}
-----------------------------

Reason: 📦 Unexpected Content-Type: text/html
--- Request ---
{
  "method": "DELETE",
  "url": "/",
  "headers": {
    "Content-Type": "application/json"
  },
  "body": null,
  "parameters": []
}
--- Response ---
{
  "status": 200,
  "body": "<!-- HTML for static distribution bundle build -->\n<!DOCTYPE html>\n<html lang=\"en\">\n<head>\n  <meta charset=\"UTF-8\">\n  <title>Swagger UI</title>\n  <link rel=\"stylesheet\" type=\"text/css\" href=\"webjars/springfox-swagger-ui/springfox.css?v=2.9.2\" >\n  <link rel=\"stylesheet\" type=\"text/css\" href=\"webjars/springfox-swagger-ui/swagger-ui.css?v=2.9.2\" >\n  <link rel=\"icon\" type=\"image/png\" href=\"webjars/springfox-swagger-ui/favicon-32x32.png?v=2.9.2\" sizes=\"32x32\" />\n  <link rel=\"icon\" type=\"image/png\" href=\"webjars/springfox-swagger-ui/favicon-16x16.png?v=2.9.2\" sizes=\"16x16\" />\n  <style>\n    html\n    {\n      box-sizing: border-box;\n      overflow: -moz-scrollbars-vertical;\n      overflow-y: scroll;\n    }\n    *,\n    *:before,\n    *:after\n    {\n      box-sizing: inherit;\n    }\n\n    body {\n      margin:0;\n      background: #fafafa;\n    }\n  </style>\n</head>\n\n<body>\n\n<svg xmlns=\"http://www.w3.org/2000/svg\" xmlns:xlink=\"http://www.w3.org/1999/xlink\" style=\"position:absolute;width:0;height:0\">\n  <defs>\n    <symbol viewBox=\"0 0 20 20\" id=\"unlocked\">\n      <path d=\"M15.8 8H14V5.6C14 2.703 12.665 1 10 1 7.334 1 6 2.703 6 5.6V6h2v-.801C8 3.754 8.797 3 10 3c1.203 0 2 .754 2 2.199V8H4c-.553 0-1 .646-1 1.199V17c0 .549.428 1.139.951 1.307l1.197.387C5.672 18.861 6.55 19 7.1 19h5.8c.549 0 1.428-.139 1.951-.307l1.196-.387c.524-.167.953-.757.953-1.306V9.199C17 8.646 16.352 8 15.8 8z\"></path>\n    </symbol>\n\n    <symbol viewBox=\"0 0 20 20\" id=\"locked\">\n      <path d=\"M15.8 8H14V5.6C14 2.703 12.665 1 10 1 7.334 1 6 2.703 6 5.6V8H4c-.553 0-1 .646-1 1.199V17c0 .549.428 1.139.951 1.307l1.197.387C5.672 18.861 6.55 19 7.1 19h5.8c.549 0 1.428-.139 1.951-.307l1.196-.387c.524-.167.953-.757.953-1.306V9.199C17 8.646 16.352 8 15.8 8zM12 8H8V5.199C8 3.754 8.797 3 10 3c1.203 0 2 .754 2 2.199V8z\"/>\n    </symbol>\n\n    <symbol viewBox=\"0 0 20 20\" id=\"close\">\n      <path d=\"M14.348 14.849c-.469.469-1.229.469-1.697 0L10 11.819l-2.651 3.029c-.469.469-1.229.469-1.697 0-.469-.469-.469-1.229 0-1.697l2.758-3.15-2.759-3.152c-.469-.469-.469-1.228 0-1.697.469-.469 1.228-.469 1.697 0L10 8.183l2.651-3.031c.469-.469 1.228-.469 1.697 0 .469.469.469 1.229 0 1.697l-2.758 3.152 2.758 3.15c.469.469.469 1.229 0 1.698z\"/>\n    </symbol>\n\n    <symbol viewBox=\"0 0 20 20\" id=\"large-arrow\">\n      <path d=\"M13.25 10L6.109 2.58c-.268-.27-.268-.707 0-.979.268-.27.701-.27.969 0l7.83 7.908c.268.271.268.709 0 .979l-7.83 7.908c-.268.271-.701.27-.969 0-.268-.269-.268-.707 0-.979L13.25 10z\"/>\n    </symbol>\n\n    <symbol viewBox=\"0 0 20 20\" id=\"large-arrow-down\">\n      <path d=\"M17.418 6.109c.272-.268.709-.268.979 0s.271.701 0 .969l-7.908 7.83c-.27.268-.707.268-.979 0l-7.908-7.83c-.27-.268-.27-.701 0-.969.271-.268.709-.268.979 0L10 13.25l7.418-7.141z\"/>\n    </symbol>\n\n\n    <symbol viewBox=\"0 0 24 24\" id=\"jump-to\">\n      <path d=\"M19 7v4H5.83l3.58-3.59L8 6l-6 6 6 6 1.41-1.41L5.83 13H21V7z\"/>\n    </symbol>\n\n    <symbol viewBox=\"0 0 24 24\" id=\"expand\">\n      <path d=\"M10 18h4v-2h-4v2zM3 6v2h18V6H3zm3 7h12v-2H6v2z\"/>\n    </symbol>\n\n  </defs>\n</svg>\n\n<div id=\"swagger-ui\"></div>\n\n<script src=\"webjars/springfox-swagger-ui/swagger-ui-bundle.js?v=2.9.2\"> </script>\n<script src=\"webjars/springfox-swagger-ui/swagger-ui-standalone-preset.js?v=2.9.2\"> </script>\n<script src=\"webjars/springfox-swagger-ui/springfox.js?v=2.9.2\"> </script>\n</body>\n\n</html>\n",
  "headers": {
    "Vary": "Origin, Access-Control-Request-Method, Access-Control-Request-Headers",
    "Last-Modified": "Fri, 06 Jun 2025 08:22:01 GMT",
    "Accept-Ranges": "bytes",
    "X-Content-Type-Options": "nosniff",
    "X-XSS-Protection": "1; mode=block",
    "Cache-Control": "no-cache, no-store, max-age=0, must-revalidate",
    "Pragma": "no-cache",
    "Expires": "0",
    "X-Frame-Options": "DENY",
    "Content-Type": "text/html",
    "Content-Length": "3318",
    "Date": "Thu, 02 Oct 2025 12:24:38 GMT",
    "Keep-Alive": "timeout=60",
    "Connection": "keep-alive"
  }
}
-----------------------------

Reason: 📦 Unexpected Content-Type: text/html
--- Request ---
{
  "method": "HEAD",
  "url": "/",
  "headers": {
    "Content-Type": "application/json"
  },
  "body": null,
  "parameters": []
}
--- Response ---
{
  "status": 200,
  "body": "",
  "headers": {
    "Vary": "Origin, Access-Control-Request-Method, Access-Control-Request-Headers",
    "Last-Modified": "Fri, 06 Jun 2025 08:22:01 GMT",
    "Accept-Ranges": "bytes",
    "X-Content-Type-Options": "nosniff",
    "X-XSS-Protection": "1; mode=block",
    "Cache-Control": "no-cache, no-store, max-age=0, must-revalidate",
    "Pragma": "no-cache",
    "Expires": "0",
    "X-Frame-Options": "DENY",
    "Content-Type": "text/html",
    "Content-Length": "3318",
    "Date": "Thu, 02 Oct 2025 12:24:50 GMT",
    "Keep-Alive": "timeout=60",
    "Connection": "keep-alive"
  }
}
-----------------------------

Reason: 📦 Unexpected Content-Type: text/html
--- Request ---
{
  "method": "GET",
  "url": "/",
  "headers": {
    "Content-Type": "application/json"
  },
  "body": null,
  "parameters": []
}
--- Response ---
{
  "status": 200,
  "body": "<!-- HTML for static distribution bundle build -->\n<!DOCTYPE html>\n<html lang=\"en\">\n<head>\n  <meta charset=\"UTF-8\">\n  <title>Swagger UI</title>\n  <link rel=\"stylesheet\" type=\"text/css\" href=\"webjars/springfox-swagger-ui/springfox.css?v=2.9.2\" >\n  <link rel=\"stylesheet\" type=\"text/css\" href=\"webjars/springfox-swagger-ui/swagger-ui.css?v=2.9.2\" >\n  <link rel=\"icon\" type=\"image/png\" href=\"webjars/springfox-swagger-ui/favicon-32x32.png?v=2.9.2\" sizes=\"32x32\" />\n  <link rel=\"icon\" type=\"image/png\" href=\"webjars/springfox-swagger-ui/favicon-16x16.png?v=2.9.2\" sizes=\"16x16\" />\n  <style>\n    html\n    {\n      box-sizing: border-box;\n      overflow: -moz-scrollbars-vertical;\n      overflow-y: scroll;\n    }\n    *,\n    *:before,\n    *:after\n    {\n      box-sizing: inherit;\n    }\n\n    body {\n      margin:0;\n      background: #fafafa;\n    }\n  </style>\n</head>\n\n<body>\n\n<svg xmlns=\"http://www.w3.org/2000/svg\" xmlns:xlink=\"http://www.w3.org/1999/xlink\" style=\"position:absolute;width:0;height:0\">\n  <defs>\n    <symbol viewBox=\"0 0 20 20\" id=\"unlocked\">\n      <path d=\"M15.8 8H14V5.6C14 2.703 12.665 1 10 1 7.334 1 6 2.703 6 5.6V6h2v-.801C8 3.754 8.797 3 10 3c1.203 0 2 .754 2 2.199V8H4c-.553 0-1 .646-1 1.199V17c0 .549.428 1.139.951 1.307l1.197.387C5.672 18.861 6.55 19 7.1 19h5.8c.549 0 1.428-.139 1.951-.307l1.196-.387c.524-.167.953-.757.953-1.306V9.199C17 8.646 16.352 8 15.8 8z\"></path>\n    </symbol>\n\n    <symbol viewBox=\"0 0 20 20\" id=\"locked\">\n      <path d=\"M15.8 8H14V5.6C14 2.703 12.665 1 10 1 7.334 1 6 2.703 6 5.6V8H4c-.553 0-1 .646-1 1.199V17c0 .549.428 1.139.951 1.307l1.197.387C5.672 18.861 6.55 19 7.1 19h5.8c.549 0 1.428-.139 1.951-.307l1.196-.387c.524-.167.953-.757.953-1.306V9.199C17 8.646 16.352 8 15.8 8zM12 8H8V5.199C8 3.754 8.797 3 10 3c1.203 0 2 .754 2 2.199V8z\"/>\n    </symbol>\n\n    <symbol viewBox=\"0 0 20 20\" id=\"close\">\n      <path d=\"M14.348 14.849c-.469.469-1.229.469-1.697 0L10 11.819l-2.651 3.029c-.469.469-1.229.469-1.697 0-.469-.469-.469-1.229 0-1.697l2.758-3.15-2.759-3.152c-.469-.469-.469-1.228 0-1.697.469-.469 1.228-.469 1.697 0L10 8.183l2.651-3.031c.469-.469 1.228-.469 1.697 0 .469.469.469 1.229 0 1.697l-2.758 3.152 2.758 3.15c.469.469.469 1.229 0 1.698z\"/>\n    </symbol>\n\n    <symbol viewBox=\"0 0 20 20\" id=\"large-arrow\">\n      <path d=\"M13.25 10L6.109 2.58c-.268-.27-.268-.707 0-.979.268-.27.701-.27.969 0l7.83 7.908c.268.271.268.709 0 .979l-7.83 7.908c-.268.271-.701.27-.969 0-.268-.269-.268-.707 0-.979L13.25 10z\"/>\n    </symbol>\n\n    <symbol viewBox=\"0 0 20 20\" id=\"large-arrow-down\">\n      <path d=\"M17.418 6.109c.272-.268.709-.268.979 0s.271.701 0 .969l-7.908 7.83c-.27.268-.707.268-.979 0l-7.908-7.83c-.27-.268-.27-.701 0-.969.271-.268.709-.268.979 0L10 13.25l7.418-7.141z\"/>\n    </symbol>\n\n\n    <symbol viewBox=\"0 0 24 24\" id=\"jump-to\">\n      <path d=\"M19 7v4H5.83l3.58-3.59L8 6l-6 6 6 6 1.41-1.41L5.83 13H21V7z\"/>\n    </symbol>\n\n    <symbol viewBox=\"0 0 24 24\" id=\"expand\">\n      <path d=\"M10 18h4v-2h-4v2zM3 6v2h18V6H3zm3 7h12v-2H6v2z\"/>\n    </symbol>\n\n  </defs>\n</svg>\n\n<div id=\"swagger-ui\"></div>\n\n<script src=\"webjars/springfox-swagger-ui/swagger-ui-bundle.js?v=2.9.2\"> </script>\n<script src=\"webjars/springfox-swagger-ui/swagger-ui-standalone-preset.js?v=2.9.2\"> </script>\n<script src=\"webjars/springfox-swagger-ui/springfox.js?v=2.9.2\"> </script>\n</body>\n\n</html>\n",
  "headers": {
    "Vary": "Origin, Access-Control-Request-Method, Access-Control-Request-Headers",
    "Last-Modified": "Fri, 06 Jun 2025 08:22:01 GMT",
    "Accept-Ranges": "bytes",
    "X-Content-Type-Options": "nosniff",
    "X-XSS-Protection": "1; mode=block",
    "Cache-Control": "no-cache, no-store, max-age=0, must-revalidate",
    "Pragma": "no-cache",
    "Expires": "0",
    "X-Frame-Options": "DENY",
    "Content-Type": "text/html",
    "Content-Length": "3318",
    "Date": "Thu, 02 Oct 2025 12:24:53 GMT",
    "Keep-Alive": "timeout=60",
    "Connection": "keep-alive"
  }
}
-----------------------------

Reason: 📦 Unexpected Content-Type: text/html
--- Request ---
{
  "method": "GET",
  "url": "/",
  "headers": {
    "Content-Type": "application/json"
  },
  "body": null,
  "parameters": []
}
--- Response ---
{
  "status": 200,
  "body": "<!-- HTML for static distribution bundle build -->\n<!DOCTYPE html>\n<html lang=\"en\">\n<head>\n  <meta charset=\"UTF-8\">\n  <title>Swagger UI</title>\n  <link rel=\"stylesheet\" type=\"text/css\" href=\"webjars/springfox-swagger-ui/springfox.css?v=2.9.2\" >\n  <link rel=\"stylesheet\" type=\"text/css\" href=\"webjars/springfox-swagger-ui/swagger-ui.css?v=2.9.2\" >\n  <link rel=\"icon\" type=\"image/png\" href=\"webjars/springfox-swagger-ui/favicon-32x32.png?v=2.9.2\" sizes=\"32x32\" />\n  <link rel=\"icon\" type=\"image/png\" href=\"webjars/springfox-swagger-ui/favicon-16x16.png?v=2.9.2\" sizes=\"16x16\" />\n  <style>\n    html\n    {\n      box-sizing: border-box;\n      overflow: -moz-scrollbars-vertical;\n      overflow-y: scroll;\n    }\n    *,\n    *:before,\n    *:after\n    {\n      box-sizing: inherit;\n    }\n\n    body {\n      margin:0;\n      background: #fafafa;\n    }\n  </style>\n</head>\n\n<body>\n\n<svg xmlns=\"http://www.w3.org/2000/svg\" xmlns:xlink=\"http://www.w3.org/1999/xlink\" style=\"position:absolute;width:0;height:0\">\n  <defs>\n    <symbol viewBox=\"0 0 20 20\" id=\"unlocked\">\n      <path d=\"M15.8 8H14V5.6C14 2.703 12.665 1 10 1 7.334 1 6 2.703 6 5.6V6h2v-.801C8 3.754 8.797 3 10 3c1.203 0 2 .754 2 2.199V8H4c-.553 0-1 .646-1 1.199V17c0 .549.428 1.139.951 1.307l1.197.387C5.672 18.861 6.55 19 7.1 19h5.8c.549 0 1.428-.139 1.951-.307l1.196-.387c.524-.167.953-.757.953-1.306V9.199C17 8.646 16.352 8 15.8 8z\"></path>\n    </symbol>\n\n    <symbol viewBox=\"0 0 20 20\" id=\"locked\">\n      <path d=\"M15.8 8H14V5.6C14 2.703 12.665 1 10 1 7.334 1 6 2.703 6 5.6V8H4c-.553 0-1 .646-1 1.199V17c0 .549.428 1.139.951 1.307l1.197.387C5.672 18.861 6.55 19 7.1 19h5.8c.549 0 1.428-.139 1.951-.307l1.196-.387c.524-.167.953-.757.953-1.306V9.199C17 8.646 16.352 8 15.8 8zM12 8H8V5.199C8 3.754 8.797 3 10 3c1.203 0 2 .754 2 2.199V8z\"/>\n    </symbol>\n\n    <symbol viewBox=\"0 0 20 20\" id=\"close\">\n      <path d=\"M14.348 14.849c-.469.469-1.229.469-1.697 0L10 11.819l-2.651 3.029c-.469.469-1.229.469-1.697 0-.469-.469-.469-1.229 0-1.697l2.758-3.15-2.759-3.152c-.469-.469-.469-1.228 0-1.697.469-.469 1.228-.469 1.697 0L10 8.183l2.651-3.031c.469-.469 1.228-.469 1.697 0 .469.469.469 1.229 0 1.697l-2.758 3.152 2.758 3.15c.469.469.469 1.229 0 1.698z\"/>\n    </symbol>\n\n    <symbol viewBox=\"0 0 20 20\" id=\"large-arrow\">\n      <path d=\"M13.25 10L6.109 2.58c-.268-.27-.268-.707 0-.979.268-.27.701-.27.969 0l7.83 7.908c.268.271.268.709 0 .979l-7.83 7.908c-.268.271-.701.27-.969 0-.268-.269-.268-.707 0-.979L13.25 10z\"/>\n    </symbol>\n\n    <symbol viewBox=\"0 0 20 20\" id=\"large-arrow-down\">\n      <path d=\"M17.418 6.109c.272-.268.709-.268.979 0s.271.701 0 .969l-7.908 7.83c-.27.268-.707.268-.979 0l-7.908-7.83c-.27-.268-.27-.701 0-.969.271-.268.709-.268.979 0L10 13.25l7.418-7.141z\"/>\n    </symbol>\n\n\n    <symbol viewBox=\"0 0 24 24\" id=\"jump-to\">\n      <path d=\"M19 7v4H5.83l3.58-3.59L8 6l-6 6 6 6 1.41-1.41L5.83 13H21V7z\"/>\n    </symbol>\n\n    <symbol viewBox=\"0 0 24 24\" id=\"expand\">\n      <path d=\"M10 18h4v-2h-4v2zM3 6v2h18V6H3zm3 7h12v-2H6v2z\"/>\n    </symbol>\n\n  </defs>\n</svg>\n\n<div id=\"swagger-ui\"></div>\n\n<script src=\"webjars/springfox-swagger-ui/swagger-ui-bundle.js?v=2.9.2\"> </script>\n<script src=\"webjars/springfox-swagger-ui/swagger-ui-standalone-preset.js?v=2.9.2\"> </script>\n<script src=\"webjars/springfox-swagger-ui/springfox.js?v=2.9.2\"> </script>\n</body>\n\n</html>\n",
  "headers": {
    "Vary": "Origin, Access-Control-Request-Method, Access-Control-Request-Headers",
    "Last-Modified": "Fri, 06 Jun 2025 08:22:01 GMT",
    "Accept-Ranges": "bytes",
    "X-Content-Type-Options": "nosniff",
    "X-XSS-Protection": "1; mode=block",
    "Cache-Control": "no-cache, no-store, max-age=0, must-revalidate",
    "Pragma": "no-cache",
    "Expires": "0",
    "X-Frame-Options": "DENY",
    "Content-Type": "text/html",
    "Content-Length": "3318",
    "Date": "Thu, 02 Oct 2025 12:24:59 GMT",
    "Keep-Alive": "timeout=60",
    "Connection": "keep-alive"
  }
}
-----------------------------

Reason: 📦 Unexpected Content-Type: 
--- Request ---
{
  "method": "OPTIONS",
  "url": "/error",
  "headers": {
    "Content-Type": "application/json"
  },
  "body": null,
  "parameters": []
}
--- Response ---
{
  "status": 200,
  "body": "",
  "headers": {
    "Allow": "GET,HEAD,POST,PUT,PATCH,DELETE,OPTIONS",
    "X-Content-Type-Options": "nosniff",
    "X-XSS-Protection": "1; mode=block",
    "Cache-Control": "no-cache, no-store, max-age=0, must-revalidate",
    "Pragma": "no-cache",
    "Expires": "0",
    "X-Frame-Options": "DENY",
    "Content-Length": "0",
    "Date": "Thu, 02 Oct 2025 12:25:00 GMT",
    "Keep-Alive": "timeout=60",
    "Connection": "keep-alive"
  }
}
-----------------------------

Reason: 📦 Unexpected Content-Type: text/html
--- Request ---
{
  "method": "GET",
  "url": "/",
  "headers": {
    "Content-Type": "application/json"
  },
  "body": null,
  "parameters": []
}
--- Response ---
{
  "status": 200,
  "body": "<!-- HTML for static distribution bundle build -->\n<!DOCTYPE html>\n<html lang=\"en\">\n<head>\n  <meta charset=\"UTF-8\">\n  <title>Swagger UI</title>\n  <link rel=\"stylesheet\" type=\"text/css\" href=\"webjars/springfox-swagger-ui/springfox.css?v=2.9.2\" >\n  <link rel=\"stylesheet\" type=\"text/css\" href=\"webjars/springfox-swagger-ui/swagger-ui.css?v=2.9.2\" >\n  <link rel=\"icon\" type=\"image/png\" href=\"webjars/springfox-swagger-ui/favicon-32x32.png?v=2.9.2\" sizes=\"32x32\" />\n  <link rel=\"icon\" type=\"image/png\" href=\"webjars/springfox-swagger-ui/favicon-16x16.png?v=2.9.2\" sizes=\"16x16\" />\n  <style>\n    html\n    {\n      box-sizing: border-box;\n      overflow: -moz-scrollbars-vertical;\n      overflow-y: scroll;\n    }\n    *,\n    *:before,\n    *:after\n    {\n      box-sizing: inherit;\n    }\n\n    body {\n      margin:0;\n      background: #fafafa;\n    }\n  </style>\n</head>\n\n<body>\n\n<svg xmlns=\"http://www.w3.org/2000/svg\" xmlns:xlink=\"http://www.w3.org/1999/xlink\" style=\"position:absolute;width:0;height:0\">\n  <defs>\n    <symbol viewBox=\"0 0 20 20\" id=\"unlocked\">\n      <path d=\"M15.8 8H14V5.6C14 2.703 12.665 1 10 1 7.334 1 6 2.703 6 5.6V6h2v-.801C8 3.754 8.797 3 10 3c1.203 0 2 .754 2 2.199V8H4c-.553 0-1 .646-1 1.199V17c0 .549.428 1.139.951 1.307l1.197.387C5.672 18.861 6.55 19 7.1 19h5.8c.549 0 1.428-.139 1.951-.307l1.196-.387c.524-.167.953-.757.953-1.306V9.199C17 8.646 16.352 8 15.8 8z\"></path>\n    </symbol>\n\n    <symbol viewBox=\"0 0 20 20\" id=\"locked\">\n      <path d=\"M15.8 8H14V5.6C14 2.703 12.665 1 10 1 7.334 1 6 2.703 6 5.6V8H4c-.553 0-1 .646-1 1.199V17c0 .549.428 1.139.951 1.307l1.197.387C5.672 18.861 6.55 19 7.1 19h5.8c.549 0 1.428-.139 1.951-.307l1.196-.387c.524-.167.953-.757.953-1.306V9.199C17 8.646 16.352 8 15.8 8zM12 8H8V5.199C8 3.754 8.797 3 10 3c1.203 0 2 .754 2 2.199V8z\"/>\n    </symbol>\n\n    <symbol viewBox=\"0 0 20 20\" id=\"close\">\n      <path d=\"M14.348 14.849c-.469.469-1.229.469-1.697 0L10 11.819l-2.651 3.029c-.469.469-1.229.469-1.697 0-.469-.469-.469-1.229 0-1.697l2.758-3.15-2.759-3.152c-.469-.469-.469-1.228 0-1.697.469-.469 1.228-.469 1.697 0L10 8.183l2.651-3.031c.469-.469 1.228-.469 1.697 0 .469.469.469 1.229 0 1.697l-2.758 3.152 2.758 3.15c.469.469.469 1.229 0 1.698z\"/>\n    </symbol>\n\n    <symbol viewBox=\"0 0 20 20\" id=\"large-arrow\">\n      <path d=\"M13.25 10L6.109 2.58c-.268-.27-.268-.707 0-.979.268-.27.701-.27.969 0l7.83 7.908c.268.271.268.709 0 .979l-7.83 7.908c-.268.271-.701.27-.969 0-.268-.269-.268-.707 0-.979L13.25 10z\"/>\n    </symbol>\n\n    <symbol viewBox=\"0 0 20 20\" id=\"large-arrow-down\">\n      <path d=\"M17.418 6.109c.272-.268.709-.268.979 0s.271.701 0 .969l-7.908 7.83c-.27.268-.707.268-.979 0l-7.908-7.83c-.27-.268-.27-.701 0-.969.271-.268.709-.268.979 0L10 13.25l7.418-7.141z\"/>\n    </symbol>\n\n\n    <symbol viewBox=\"0 0 24 24\" id=\"jump-to\">\n      <path d=\"M19 7v4H5.83l3.58-3.59L8 6l-6 6 6 6 1.41-1.41L5.83 13H21V7z\"/>\n    </symbol>\n\n    <symbol viewBox=\"0 0 24 24\" id=\"expand\">\n      <path d=\"M10 18h4v-2h-4v2zM3 6v2h18V6H3zm3 7h12v-2H6v2z\"/>\n    </symbol>\n\n  </defs>\n</svg>\n\n<div id=\"swagger-ui\"></div>\n\n<script src=\"webjars/springfox-swagger-ui/swagger-ui-bundle.js?v=2.9.2\"> </script>\n<script src=\"webjars/springfox-swagger-ui/swagger-ui-standalone-preset.js?v=2.9.2\"> </script>\n<script src=\"webjars/springfox-swagger-ui/springfox.js?v=2.9.2\"> </script>\n</body>\n\n</html>\n",
  "headers": {
    "Vary": "Origin, Access-Control-Request-Method, Access-Control-Request-Headers",
    "Last-Modified": "Fri, 06 Jun 2025 08:22:01 GMT",
    "Accept-Ranges": "bytes",
    "X-Content-Type-Options": "nosniff",
    "X-XSS-Protection": "1; mode=block",
    "Cache-Control": "no-cache, no-store, max-age=0, must-revalidate",
    "Pragma": "no-cache",
    "Expires": "0",
    "X-Frame-Options": "DENY",
    "Content-Type": "text/html",
    "Content-Length": "3318",
    "Date": "Thu, 02 Oct 2025 12:25:11 GMT",
    "Keep-Alive": "timeout=60",
    "Connection": "keep-alive"
  }
}
-----------------------------

Reason: 📦 Unexpected Content-Type: text/html
--- Request ---
{
  "method": "GET",
  "url": "/",
  "headers": {
    "Content-Type": "application/json"
  },
  "body": null,
  "parameters": []
}
--- Response ---
{
  "status": 200,
  "body": "<!-- HTML for static distribution bundle build -->\n<!DOCTYPE html>\n<html lang=\"en\">\n<head>\n  <meta charset=\"UTF-8\">\n  <title>Swagger UI</title>\n  <link rel=\"stylesheet\" type=\"text/css\" href=\"webjars/springfox-swagger-ui/springfox.css?v=2.9.2\" >\n  <link rel=\"stylesheet\" type=\"text/css\" href=\"webjars/springfox-swagger-ui/swagger-ui.css?v=2.9.2\" >\n  <link rel=\"icon\" type=\"image/png\" href=\"webjars/springfox-swagger-ui/favicon-32x32.png?v=2.9.2\" sizes=\"32x32\" />\n  <link rel=\"icon\" type=\"image/png\" href=\"webjars/springfox-swagger-ui/favicon-16x16.png?v=2.9.2\" sizes=\"16x16\" />\n  <style>\n    html\n    {\n      box-sizing: border-box;\n      overflow: -moz-scrollbars-vertical;\n      overflow-y: scroll;\n    }\n    *,\n    *:before,\n    *:after\n    {\n      box-sizing: inherit;\n    }\n\n    body {\n      margin:0;\n      background: #fafafa;\n    }\n  </style>\n</head>\n\n<body>\n\n<svg xmlns=\"http://www.w3.org/2000/svg\" xmlns:xlink=\"http://www.w3.org/1999/xlink\" style=\"position:absolute;width:0;height:0\">\n  <defs>\n    <symbol viewBox=\"0 0 20 20\" id=\"unlocked\">\n      <path d=\"M15.8 8H14V5.6C14 2.703 12.665 1 10 1 7.334 1 6 2.703 6 5.6V6h2v-.801C8 3.754 8.797 3 10 3c1.203 0 2 .754 2 2.199V8H4c-.553 0-1 .646-1 1.199V17c0 .549.428 1.139.951 1.307l1.197.387C5.672 18.861 6.55 19 7.1 19h5.8c.549 0 1.428-.139 1.951-.307l1.196-.387c.524-.167.953-.757.953-1.306V9.199C17 8.646 16.352 8 15.8 8z\"></path>\n    </symbol>\n\n    <symbol viewBox=\"0 0 20 20\" id=\"locked\">\n      <path d=\"M15.8 8H14V5.6C14 2.703 12.665 1 10 1 7.334 1 6 2.703 6 5.6V8H4c-.553 0-1 .646-1 1.199V17c0 .549.428 1.139.951 1.307l1.197.387C5.672 18.861 6.55 19 7.1 19h5.8c.549 0 1.428-.139 1.951-.307l1.196-.387c.524-.167.953-.757.953-1.306V9.199C17 8.646 16.352 8 15.8 8zM12 8H8V5.199C8 3.754 8.797 3 10 3c1.203 0 2 .754 2 2.199V8z\"/>\n    </symbol>\n\n    <symbol viewBox=\"0 0 20 20\" id=\"close\">\n      <path d=\"M14.348 14.849c-.469.469-1.229.469-1.697 0L10 11.819l-2.651 3.029c-.469.469-1.229.469-1.697 0-.469-.469-.469-1.229 0-1.697l2.758-3.15-2.759-3.152c-.469-.469-.469-1.228 0-1.697.469-.469 1.228-.469 1.697 0L10 8.183l2.651-3.031c.469-.469 1.228-.469 1.697 0 .469.469.469 1.229 0 1.697l-2.758 3.152 2.758 3.15c.469.469.469 1.229 0 1.698z\"/>\n    </symbol>\n\n    <symbol viewBox=\"0 0 20 20\" id=\"large-arrow\">\n      <path d=\"M13.25 10L6.109 2.58c-.268-.27-.268-.707 0-.979.268-.27.701-.27.969 0l7.83 7.908c.268.271.268.709 0 .979l-7.83 7.908c-.268.271-.701.27-.969 0-.268-.269-.268-.707 0-.979L13.25 10z\"/>\n    </symbol>\n\n    <symbol viewBox=\"0 0 20 20\" id=\"large-arrow-down\">\n      <path d=\"M17.418 6.109c.272-.268.709-.268.979 0s.271.701 0 .969l-7.908 7.83c-.27.268-.707.268-.979 0l-7.908-7.83c-.27-.268-.27-.701 0-.969.271-.268.709-.268.979 0L10 13.25l7.418-7.141z\"/>\n    </symbol>\n\n\n    <symbol viewBox=\"0 0 24 24\" id=\"jump-to\">\n      <path d=\"M19 7v4H5.83l3.58-3.59L8 6l-6 6 6 6 1.41-1.41L5.83 13H21V7z\"/>\n    </symbol>\n\n    <symbol viewBox=\"0 0 24 24\" id=\"expand\">\n      <path d=\"M10 18h4v-2h-4v2zM3 6v2h18V6H3zm3 7h12v-2H6v2z\"/>\n    </symbol>\n\n  </defs>\n</svg>\n\n<div id=\"swagger-ui\"></div>\n\n<script src=\"webjars/springfox-swagger-ui/swagger-ui-bundle.js?v=2.9.2\"> </script>\n<script src=\"webjars/springfox-swagger-ui/swagger-ui-standalone-preset.js?v=2.9.2\"> </script>\n<script src=\"webjars/springfox-swagger-ui/springfox.js?v=2.9.2\"> </script>\n</body>\n\n</html>\n",
  "headers": {
    "Vary": "Origin, Access-Control-Request-Method, Access-Control-Request-Headers",
    "Last-Modified": "Fri, 06 Jun 2025 08:22:01 GMT",
    "Accept-Ranges": "bytes",
    "X-Content-Type-Options": "nosniff",
    "X-XSS-Protection": "1; mode=block",
    "Cache-Control": "no-cache, no-store, max-age=0, must-revalidate",
    "Pragma": "no-cache",
    "Expires": "0",
    "X-Frame-Options": "DENY",
    "Content-Type": "text/html",
    "Content-Length": "3318",
    "Date": "Thu, 02 Oct 2025 12:25:11 GMT",
    "Keep-Alive": "timeout=60",
    "Connection": "keep-alive"
  }
}
-----------------------------

Reason: 📦 Unexpected Content-Type: text/html
--- Request ---
{
  "method": "HEAD",
  "url": "/",
  "headers": {
    "Content-Type": "application/json"
  },
  "body": null,
  "parameters": []
}
--- Response ---
{
  "status": 200,
  "body": "",
  "headers": {
    "Vary": "Origin, Access-Control-Request-Method, Access-Control-Request-Headers",
    "Last-Modified": "Fri, 06 Jun 2025 08:22:01 GMT",
    "Accept-Ranges": "bytes",
    "X-Content-Type-Options": "nosniff",
    "X-XSS-Protection": "1; mode=block",
    "Cache-Control": "no-cache, no-store, max-age=0, must-revalidate",
    "Pragma": "no-cache",
    "Expires": "0",
    "X-Frame-Options": "DENY",
    "Content-Type": "text/html",
    "Content-Length": "3318",
    "Date": "Thu, 02 Oct 2025 12:25:11 GMT",
    "Keep-Alive": "timeout=60",
    "Connection": "keep-alive"
  }
}
-----------------------------

Reason: 📦 Unexpected Content-Type: 
--- Request ---
{
  "method": "OPTIONS",
  "url": "/error",
  "headers": {
    "Content-Type": "application/json"
  },
  "body": null,
  "parameters": []
}
--- Response ---
{
  "status": 200,
  "body": "",
  "headers": {
    "Allow": "GET,HEAD,POST,PUT,PATCH,DELETE,OPTIONS",
    "X-Content-Type-Options": "nosniff",
    "X-XSS-Protection": "1; mode=block",
    "Cache-Control": "no-cache, no-store, max-age=0, must-revalidate",
    "Pragma": "no-cache",
    "Expires": "0",
    "X-Frame-Options": "DENY",
    "Content-Length": "0",
    "Date": "Thu, 02 Oct 2025 12:25:14 GMT",
    "Keep-Alive": "timeout=60",
    "Connection": "keep-alive"
  }
}
-----------------------------

Reason: 📦 Unexpected Content-Type: text/html
--- Request ---
{
  "method": "GET",
  "url": "/",
  "headers": {
    "Content-Type": "application/json"
  },
  "body": null,
  "parameters": []
}
--- Response ---
{
  "status": 200,
  "body": "<!-- HTML for static distribution bundle build -->\n<!DOCTYPE html>\n<html lang=\"en\">\n<head>\n  <meta charset=\"UTF-8\">\n  <title>Swagger UI</title>\n  <link rel=\"stylesheet\" type=\"text/css\" href=\"webjars/springfox-swagger-ui/springfox.css?v=2.9.2\" >\n  <link rel=\"stylesheet\" type=\"text/css\" href=\"webjars/springfox-swagger-ui/swagger-ui.css?v=2.9.2\" >\n  <link rel=\"icon\" type=\"image/png\" href=\"webjars/springfox-swagger-ui/favicon-32x32.png?v=2.9.2\" sizes=\"32x32\" />\n  <link rel=\"icon\" type=\"image/png\" href=\"webjars/springfox-swagger-ui/favicon-16x16.png?v=2.9.2\" sizes=\"16x16\" />\n  <style>\n    html\n    {\n      box-sizing: border-box;\n      overflow: -moz-scrollbars-vertical;\n      overflow-y: scroll;\n    }\n    *,\n    *:before,\n    *:after\n    {\n      box-sizing: inherit;\n    }\n\n    body {\n      margin:0;\n      background: #fafafa;\n    }\n  </style>\n</head>\n\n<body>\n\n<svg xmlns=\"http://www.w3.org/2000/svg\" xmlns:xlink=\"http://www.w3.org/1999/xlink\" style=\"position:absolute;width:0;height:0\">\n  <defs>\n    <symbol viewBox=\"0 0 20 20\" id=\"unlocked\">\n      <path d=\"M15.8 8H14V5.6C14 2.703 12.665 1 10 1 7.334 1 6 2.703 6 5.6V6h2v-.801C8 3.754 8.797 3 10 3c1.203 0 2 .754 2 2.199V8H4c-.553 0-1 .646-1 1.199V17c0 .549.428 1.139.951 1.307l1.197.387C5.672 18.861 6.55 19 7.1 19h5.8c.549 0 1.428-.139 1.951-.307l1.196-.387c.524-.167.953-.757.953-1.306V9.199C17 8.646 16.352 8 15.8 8z\"></path>\n    </symbol>\n\n    <symbol viewBox=\"0 0 20 20\" id=\"locked\">\n      <path d=\"M15.8 8H14V5.6C14 2.703 12.665 1 10 1 7.334 1 6 2.703 6 5.6V8H4c-.553 0-1 .646-1 1.199V17c0 .549.428 1.139.951 1.307l1.197.387C5.672 18.861 6.55 19 7.1 19h5.8c.549 0 1.428-.139 1.951-.307l1.196-.387c.524-.167.953-.757.953-1.306V9.199C17 8.646 16.352 8 15.8 8zM12 8H8V5.199C8 3.754 8.797 3 10 3c1.203 0 2 .754 2 2.199V8z\"/>\n    </symbol>\n\n    <symbol viewBox=\"0 0 20 20\" id=\"close\">\n      <path d=\"M14.348 14.849c-.469.469-1.229.469-1.697 0L10 11.819l-2.651 3.029c-.469.469-1.229.469-1.697 0-.469-.469-.469-1.229 0-1.697l2.758-3.15-2.759-3.152c-.469-.469-.469-1.228 0-1.697.469-.469 1.228-.469 1.697 0L10 8.183l2.651-3.031c.469-.469 1.228-.469 1.697 0 .469.469.469 1.229 0 1.697l-2.758 3.152 2.758 3.15c.469.469.469 1.229 0 1.698z\"/>\n    </symbol>\n\n    <symbol viewBox=\"0 0 20 20\" id=\"large-arrow\">\n      <path d=\"M13.25 10L6.109 2.58c-.268-.27-.268-.707 0-.979.268-.27.701-.27.969 0l7.83 7.908c.268.271.268.709 0 .979l-7.83 7.908c-.268.271-.701.27-.969 0-.268-.269-.268-.707 0-.979L13.25 10z\"/>\n    </symbol>\n\n    <symbol viewBox=\"0 0 20 20\" id=\"large-arrow-down\">\n      <path d=\"M17.418 6.109c.272-.268.709-.268.979 0s.271.701 0 .969l-7.908 7.83c-.27.268-.707.268-.979 0l-7.908-7.83c-.27-.268-.27-.701 0-.969.271-.268.709-.268.979 0L10 13.25l7.418-7.141z\"/>\n    </symbol>\n\n\n    <symbol viewBox=\"0 0 24 24\" id=\"jump-to\">\n      <path d=\"M19 7v4H5.83l3.58-3.59L8 6l-6 6 6 6 1.41-1.41L5.83 13H21V7z\"/>\n    </symbol>\n\n    <symbol viewBox=\"0 0 24 24\" id=\"expand\">\n      <path d=\"M10 18h4v-2h-4v2zM3 6v2h18V6H3zm3 7h12v-2H6v2z\"/>\n    </symbol>\n\n  </defs>\n</svg>\n\n<div id=\"swagger-ui\"></div>\n\n<script src=\"webjars/springfox-swagger-ui/swagger-ui-bundle.js?v=2.9.2\"> </script>\n<script src=\"webjars/springfox-swagger-ui/swagger-ui-standalone-preset.js?v=2.9.2\"> </script>\n<script src=\"webjars/springfox-swagger-ui/springfox.js?v=2.9.2\"> </script>\n</body>\n\n</html>\n",
  "headers": {
    "Vary": "Origin, Access-Control-Request-Method, Access-Control-Request-Headers",
    "Last-Modified": "Fri, 06 Jun 2025 08:22:01 GMT",
    "Accept-Ranges": "bytes",
    "X-Content-Type-Options": "nosniff",
    "X-XSS-Protection": "1; mode=block",
    "Cache-Control": "no-cache, no-store, max-age=0, must-revalidate",
    "Pragma": "no-cache",
    "Expires": "0",
    "X-Frame-Options": "DENY",
    "Content-Type": "text/html",
    "Content-Length": "3318",
    "Date": "Thu, 02 Oct 2025 12:25:22 GMT",
    "Keep-Alive": "timeout=60",
    "Connection": "keep-alive"
  }
}
-----------------------------

Reason: 📦 Unexpected Content-Type: text/html
--- Request ---
{
  "method": "HEAD",
  "url": "/",
  "headers": {
    "Content-Type": "application/json"
  },
  "body": null,
  "parameters": []
}
--- Response ---
{
  "status": 200,
  "body": "",
  "headers": {
    "Vary": "Origin, Access-Control-Request-Method, Access-Control-Request-Headers",
    "Last-Modified": "Fri, 06 Jun 2025 08:22:01 GMT",
    "Accept-Ranges": "bytes",
    "X-Content-Type-Options": "nosniff",
    "X-XSS-Protection": "1; mode=block",
    "Cache-Control": "no-cache, no-store, max-age=0, must-revalidate",
    "Pragma": "no-cache",
    "Expires": "0",
    "X-Frame-Options": "DENY",
    "Content-Type": "text/html",
    "Content-Length": "3318",
    "Date": "Thu, 02 Oct 2025 12:25:36 GMT",
    "Keep-Alive": "timeout=60",
    "Connection": "keep-alive"
  }
}
-----------------------------

Reason: 📦 Unexpected Content-Type: text/html
--- Request ---
{
  "method": "HEAD",
  "url": "/",
  "headers": {
    "Content-Type": "application/json"
  },
  "body": null,
  "parameters": []
}
--- Response ---
{
  "status": 200,
  "body": "",
  "headers": {
    "Vary": "Origin, Access-Control-Request-Method, Access-Control-Request-Headers",
    "Last-Modified": "Fri, 06 Jun 2025 08:22:01 GMT",
    "Accept-Ranges": "bytes",
    "X-Content-Type-Options": "nosniff",
    "X-XSS-Protection": "1; mode=block",
    "Cache-Control": "no-cache, no-store, max-age=0, must-revalidate",
    "Pragma": "no-cache",
    "Expires": "0",
    "X-Frame-Options": "DENY",
    "Content-Type": "text/html",
    "Content-Length": "3318",
    "Date": "Thu, 02 Oct 2025 12:25:40 GMT",
    "Keep-Alive": "timeout=60",
    "Connection": "keep-alive"
  }
}
-----------------------------

Reason: 📦 Unexpected Content-Type: text/html
--- Request ---
{
  "method": "HEAD",
  "url": "/",
  "headers": {
    "Content-Type": "application/json"
  },
  "body": null,
  "parameters": []
}
--- Response ---
{
  "status": 200,
  "body": "",
  "headers": {
    "Vary": "Origin, Access-Control-Request-Method, Access-Control-Request-Headers",
    "Last-Modified": "Fri, 06 Jun 2025 08:22:01 GMT",
    "Accept-Ranges": "bytes",
    "X-Content-Type-Options": "nosniff",
    "X-XSS-Protection": "1; mode=block",
    "Cache-Control": "no-cache, no-store, max-age=0, must-revalidate",
    "Pragma": "no-cache",
    "Expires": "0",
    "X-Frame-Options": "DENY",
    "Content-Type": "text/html",
    "Content-Length": "3318",
    "Date": "Thu, 02 Oct 2025 12:25:46 GMT",
    "Keep-Alive": "timeout=60",
    "Connection": "keep-alive"
  }
}
-----------------------------

Reason: 📦 Unexpected Content-Type: text/html
--- Request ---
{
  "method": "HEAD",
  "url": "/",
  "headers": {
    "Content-Type": "application/json"
  },
  "body": null,
  "parameters": []
}
--- Response ---
{
  "status": 200,
  "body": "",
  "headers": {
    "Vary": "Origin, Access-Control-Request-Method, Access-Control-Request-Headers",
    "Last-Modified": "Fri, 06 Jun 2025 08:22:01 GMT",
    "Accept-Ranges": "bytes",
    "X-Content-Type-Options": "nosniff",
    "X-XSS-Protection": "1; mode=block",
    "Cache-Control": "no-cache, no-store, max-age=0, must-revalidate",
    "Pragma": "no-cache",
    "Expires": "0",
    "X-Frame-Options": "DENY",
    "Content-Type": "text/html",
    "Content-Length": "3318",
    "Date": "Thu, 02 Oct 2025 12:25:48 GMT",
    "Keep-Alive": "timeout=60",
    "Connection": "keep-alive"
  }
}
-----------------------------
